"Index","Type","ObjectID","SourceID","UFileID","ParentIndex","ParentType","WEMFound","WEMFile","WEMSize"
"109","HircChunk","","638460096","638460096","-1","","True","638460096.wem","22801"
"287","CAkSound","","1011213518","1011213518","109","HircChunk","True","1011213518.wem","44574"
"288","SoundInitialValues","","1011213518","1011213518","287","CAkSound","True","1011213518.wem","44574"
"289","AkBankSourceData","","1011213518","1011213518","288","SoundInitialValues","True","1011213518.wem","44574"
"290","AkMediaInformation","","1011213518","1011213518","289","AkBankSourceData","True","1011213518.wem","44574"
"302","CAkSound","","884549210","884549210","109","HircChunk","True","884549210.wem","76477"
"303","SoundInitialValues","","884549210","884549210","302","CAkSound","True","884549210.wem","76477"
"304","AkBankSourceData","","884549210","884549210","303","SoundInitialValues","True","884549210.wem","76477"
"305","AkMediaInformation","","884549210","884549210","304","AkBankSourceData","True","884549210.wem","76477"
"332","CAkSound","","572354245","572354245","109","HircChunk","True","572354245.wem","22381"
"333","SoundInitialValues","","572354245","572354245","332","CAkSound","True","572354245.wem","22381"
"334","AkBankSourceData","","572354245","572354245","333","SoundInitialValues","True","572354245.wem","22381"
"335","AkMediaInformation","","572354245","572354245","334","AkBankSourceData","True","572354245.wem","22381"
"346","CAkSound","","791924021","791924021","109","HircChunk","True","791924021.wem","292734"
"347","SoundInitialValues","","791924021","791924021","346","CAkSound","True","791924021.wem","292734"
"348","AkBankSourceData","","791924021","791924021","347","SoundInitialValues","True","791924021.wem","292734"
"349","AkMediaInformation","","791924021","791924021","348","AkBankSourceData","True","791924021.wem","292734"
"361","CAkSound","","110570427","110570427","109","HircChunk","True","110570427.wem","32535"
"362","SoundInitialValues","","110570427","110570427","361","CAkSound","True","110570427.wem","32535"
"363","AkBankSourceData","","110570427","110570427","362","SoundInitialValues","True","110570427.wem","32535"
"364","AkMediaInformation","","110570427","110570427","363","AkBankSourceData","True","110570427.wem","32535"
"375","CAkSound","","917369937","917369937","109","HircChunk","True","917369937.wem","22869"
"376","SoundInitialValues","","917369937","917369937","375","CAkSound","True","917369937.wem","22869"
"377","AkBankSourceData","","917369937","917369937","376","SoundInitialValues","True","917369937.wem","22869"
"378","AkMediaInformation","","917369937","917369937","377","AkBankSourceData","True","917369937.wem","22869"
"404","CAkSound","","85455385","85455385","109","HircChunk","True","85455385.wem","53967"
"405","SoundInitialValues","","85455385","85455385","404","CAkSound","True","85455385.wem","53967"
"406","AkBankSourceData","","85455385","85455385","405","SoundInitialValues","True","85455385.wem","53967"
"407","AkMediaInformation","","85455385","85455385","406","AkBankSourceData","True","85455385.wem","53967"
"419","CAkSound","","1050544152","1050544152","109","HircChunk","True","1050544152.wem","22595"
"420","SoundInitialValues","","1050544152","1050544152","419","CAkSound","True","1050544152.wem","22595"
"421","AkBankSourceData","","1050544152","1050544152","420","SoundInitialValues","True","1050544152.wem","22595"
"422","AkMediaInformation","","1050544152","1050544152","421","AkBankSourceData","True","1050544152.wem","22595"
"434","CAkSound","","332168452","332168452","109","HircChunk","True","332168452.wem","18377"
"435","SoundInitialValues","","332168452","332168452","434","CAkSound","True","332168452.wem","18377"
"436","AkBankSourceData","","332168452","332168452","435","SoundInitialValues","True","332168452.wem","18377"
"437","AkMediaInformation","","332168452","332168452","436","AkBankSourceData","True","332168452.wem","18377"
"449","CAkSound","","853338107","853338107","109","HircChunk","True","853338107.wem","274706"
"450","SoundInitialValues","","853338107","853338107","449","CAkSound","True","853338107.wem","274706"
"451","AkBankSourceData","","853338107","853338107","450","SoundInitialValues","True","853338107.wem","274706"
"452","AkMediaInformation","","853338107","853338107","451","AkBankSourceData","True","853338107.wem","274706"
"464","CAkSound","","885837224","885837224","109","HircChunk","True","885837224.wem","40125"
"465","SoundInitialValues","","885837224","885837224","464","CAkSound","True","885837224.wem","40125"
"466","AkBankSourceData","","885837224","885837224","465","SoundInitialValues","True","885837224.wem","40125"
"467","AkMediaInformation","","885837224","885837224","466","AkBankSourceData","True","885837224.wem","40125"
"494","CAkSound","","219721614","219721614","109","HircChunk","True","219721614.wem","22421"
"495","SoundInitialValues","","219721614","219721614","494","CAkSound","True","219721614.wem","22421"
"496","AkBankSourceData","","219721614","219721614","495","SoundInitialValues","True","219721614.wem","22421"
"497","AkMediaInformation","","219721614","219721614","496","AkBankSourceData","True","219721614.wem","22421"
"509","CAkSound","","367584962","367584962","109","HircChunk","True","367584962.wem","23192"
"510","SoundInitialValues","","367584962","367584962","509","CAkSound","True","367584962.wem","23192"
"511","AkBankSourceData","","367584962","367584962","510","SoundInitialValues","True","367584962.wem","23192"
"512","AkMediaInformation","","367584962","367584962","511","AkBankSourceData","True","367584962.wem","23192"
"524","CAkSound","","65816721","65816721","109","HircChunk","True","65816721.wem","38922"
"525","SoundInitialValues","","65816721","65816721","524","CAkSound","True","65816721.wem","38922"
"526","AkBankSourceData","","65816721","65816721","525","SoundInitialValues","True","65816721.wem","38922"
"527","AkMediaInformation","","65816721","65816721","526","AkBankSourceData","True","65816721.wem","38922"
"539","CAkSound","","581175625","581175625","109","HircChunk","True","581175625.wem","23488"
"540","SoundInitialValues","","581175625","581175625","539","CAkSound","True","581175625.wem","23488"
"541","AkBankSourceData","","581175625","581175625","540","SoundInitialValues","True","581175625.wem","23488"
"542","AkMediaInformation","","581175625","581175625","541","AkBankSourceData","True","581175625.wem","23488"
"554","CAkSound","","296028953","296028953","109","HircChunk","True","296028953.wem","22247"
"555","SoundInitialValues","","296028953","296028953","554","CAkSound","True","296028953.wem","22247"
"556","AkBankSourceData","","296028953","296028953","555","SoundInitialValues","True","296028953.wem","22247"
"557","AkMediaInformation","","296028953","296028953","556","AkBankSourceData","True","296028953.wem","22247"
"569","CAkSound","","111938917","111938917","109","HircChunk","True","111938917.wem","108615"
"570","SoundInitialValues","","111938917","111938917","569","CAkSound","True","111938917.wem","108615"
"571","AkBankSourceData","","111938917","111938917","570","SoundInitialValues","True","111938917.wem","108615"
"572","AkMediaInformation","","111938917","111938917","571","AkBankSourceData","True","111938917.wem","108615"
"584","CAkSound","","278962303","278962303","109","HircChunk","True","278962303.wem","92080"
"585","SoundInitialValues","","278962303","278962303","584","CAkSound","True","278962303.wem","92080"
"586","AkBankSourceData","","278962303","278962303","585","SoundInitialValues","True","278962303.wem","92080"
"587","AkMediaInformation","","278962303","278962303","586","AkBankSourceData","True","278962303.wem","92080"
"599","CAkSound","","359395123","359395123","109","HircChunk","True","359395123.wem","22824"
"600","SoundInitialValues","","359395123","359395123","599","CAkSound","True","359395123.wem","22824"
"601","AkBankSourceData","","359395123","359395123","600","SoundInitialValues","True","359395123.wem","22824"
"602","AkMediaInformation","","359395123","359395123","601","AkBankSourceData","True","359395123.wem","22824"
"614","CAkSound","","258432156","258432156","109","HircChunk","True","258432156.wem","46109"
"615","SoundInitialValues","","258432156","258432156","614","CAkSound","True","258432156.wem","46109"
"616","AkBankSourceData","","258432156","258432156","615","SoundInitialValues","True","258432156.wem","46109"
"617","AkMediaInformation","","258432156","258432156","616","AkBankSourceData","True","258432156.wem","46109"
"629","CAkSound","","507868355","507868355","109","HircChunk","True","507868355.wem","38516"
"630","SoundInitialValues","","507868355","507868355","629","CAkSound","True","507868355.wem","38516"
"631","AkBankSourceData","","507868355","507868355","630","SoundInitialValues","True","507868355.wem","38516"
"632","AkMediaInformation","","507868355","507868355","631","AkBankSourceData","True","507868355.wem","38516"
"644","CAkSound","","187877902","187877902","109","HircChunk","True","187877902.wem","23061"
"645","SoundInitialValues","","187877902","187877902","644","CAkSound","True","187877902.wem","23061"
"646","AkBankSourceData","","187877902","187877902","645","SoundInitialValues","True","187877902.wem","23061"
"647","AkMediaInformation","","187877902","187877902","646","AkBankSourceData","True","187877902.wem","23061"
"659","CAkSound","","631551399","631551399","109","HircChunk","True","631551399.wem","63685"
"660","SoundInitialValues","","631551399","631551399","659","CAkSound","True","631551399.wem","63685"
"661","AkBankSourceData","","631551399","631551399","660","SoundInitialValues","True","631551399.wem","63685"
"662","AkMediaInformation","","631551399","631551399","661","AkBankSourceData","True","631551399.wem","63685"
"674","CAkSound","","452907922","452907922","109","HircChunk","True","452907922.wem","22722"
"675","SoundInitialValues","","452907922","452907922","674","CAkSound","True","452907922.wem","22722"
"676","AkBankSourceData","","452907922","452907922","675","SoundInitialValues","True","452907922.wem","22722"
"677","AkMediaInformation","","452907922","452907922","676","AkBankSourceData","True","452907922.wem","22722"
"689","CAkSound","","622869614","622869614","109","HircChunk","True","622869614.wem","61345"
"690","SoundInitialValues","","622869614","622869614","689","CAkSound","True","622869614.wem","61345"
"691","AkBankSourceData","","622869614","622869614","690","SoundInitialValues","True","622869614.wem","61345"
"692","AkMediaInformation","","622869614","622869614","691","AkBankSourceData","True","622869614.wem","61345"
"704","CAkSound","","941504960","941504960","109","HircChunk","True","941504960.wem","69794"
"705","SoundInitialValues","","941504960","941504960","704","CAkSound","True","941504960.wem","69794"
"706","AkBankSourceData","","941504960","941504960","705","SoundInitialValues","True","941504960.wem","69794"
"707","AkMediaInformation","","941504960","941504960","706","AkBankSourceData","True","941504960.wem","69794"
"719","CAkSound","","396856693","396856693","109","HircChunk","True","396856693.wem","37711"
"720","SoundInitialValues","","396856693","396856693","719","CAkSound","True","396856693.wem","37711"
"721","AkBankSourceData","","396856693","396856693","720","SoundInitialValues","True","396856693.wem","37711"
"722","AkMediaInformation","","396856693","396856693","721","AkBankSourceData","True","396856693.wem","37711"
"749","CAkSound","","291892974","291892974","109","HircChunk","True","291892974.wem","70033"
"750","SoundInitialValues","","291892974","291892974","749","CAkSound","True","291892974.wem","70033"
"751","AkBankSourceData","","291892974","291892974","750","SoundInitialValues","True","291892974.wem","70033"
"752","AkMediaInformation","","291892974","291892974","751","AkBankSourceData","True","291892974.wem","70033"
"778","CAkSound","","170699724","170699724","109","HircChunk","True","170699724.wem","288731"
"779","SoundInitialValues","","170699724","170699724","778","CAkSound","True","170699724.wem","288731"
"780","AkBankSourceData","","170699724","170699724","779","SoundInitialValues","True","170699724.wem","288731"
"781","AkMediaInformation","","170699724","170699724","780","AkBankSourceData","True","170699724.wem","288731"
"808","CAkSound","","644391300","644391300","109","HircChunk","True","644391300.wem","78460"
"809","SoundInitialValues","","644391300","644391300","808","CAkSound","True","644391300.wem","78460"
"810","AkBankSourceData","","644391300","644391300","809","SoundInitialValues","True","644391300.wem","78460"
"811","AkMediaInformation","","644391300","644391300","810","AkBankSourceData","True","644391300.wem","78460"
"838","CAkSound","","227830401","227830401","109","HircChunk","True","227830401.wem","266615"
"839","SoundInitialValues","","227830401","227830401","838","CAkSound","True","227830401.wem","266615"
"840","AkBankSourceData","","227830401","227830401","839","SoundInitialValues","True","227830401.wem","266615"
"841","AkMediaInformation","","227830401","227830401","840","AkBankSourceData","True","227830401.wem","266615"
"868","CAkSound","","28397653","1417353184","109","HircChunk","True","28397653.wem","2186"
"869","SoundInitialValues","","28397653","1417353184","868","CAkSound","True","28397653.wem","2186"
"870","AkBankSourceData","","28397653","1417353184","869","SoundInitialValues","True","28397653.wem","2186"
"871","AkMediaInformation","","28397653","1417353184","870","AkBankSourceData","True","28397653.wem","2186"
"883","CAkSound","","831866575","831866575","109","HircChunk","True","831866575.wem","48861"
"884","SoundInitialValues","","831866575","831866575","883","CAkSound","True","831866575.wem","48861"
"885","AkBankSourceData","","831866575","831866575","884","SoundInitialValues","True","831866575.wem","48861"
"886","AkMediaInformation","","831866575","831866575","885","AkBankSourceData","True","831866575.wem","48861"
"897","CAkSound","","305371706","305371706","109","HircChunk","True","305371706.wem","23423"
"898","SoundInitialValues","","305371706","305371706","897","CAkSound","True","305371706.wem","23423"
"899","AkBankSourceData","","305371706","305371706","898","SoundInitialValues","True","305371706.wem","23423"
"900","AkMediaInformation","","305371706","305371706","899","AkBankSourceData","True","305371706.wem","23423"
"911","CAkSound","","802166597","802166597","109","HircChunk","True","802166597.wem","16602"
"912","SoundInitialValues","","802166597","802166597","911","CAkSound","True","802166597.wem","16602"
"913","AkBankSourceData","","802166597","802166597","912","SoundInitialValues","True","802166597.wem","16602"
"914","AkMediaInformation","","802166597","802166597","913","AkBankSourceData","True","802166597.wem","16602"
"925","CAkSound","","704692640","704692640","109","HircChunk","True","704692640.wem","9769"
"926","SoundInitialValues","","704692640","704692640","925","CAkSound","True","704692640.wem","9769"
"927","AkBankSourceData","","704692640","704692640","926","SoundInitialValues","True","704692640.wem","9769"
"928","AkMediaInformation","","704692640","704692640","927","AkBankSourceData","True","704692640.wem","9769"
"939","CAkSound","","822386335","822386335","109","HircChunk","True","822386335.wem","32196"
"940","SoundInitialValues","","822386335","822386335","939","CAkSound","True","822386335.wem","32196"
"941","AkBankSourceData","","822386335","822386335","940","SoundInitialValues","True","822386335.wem","32196"
"942","AkMediaInformation","","822386335","822386335","941","AkBankSourceData","True","822386335.wem","32196"
"953","CAkSound","","324025043","324025043","109","HircChunk","True","324025043.wem","10262"
"954","SoundInitialValues","","324025043","324025043","953","CAkSound","True","324025043.wem","10262"
"955","AkBankSourceData","","324025043","324025043","954","SoundInitialValues","True","324025043.wem","10262"
"956","AkMediaInformation","","324025043","324025043","955","AkBankSourceData","True","324025043.wem","10262"
"967","CAkSound","","508384238","508384238","109","HircChunk","True","508384238.wem","23841"
"968","SoundInitialValues","","508384238","508384238","967","CAkSound","True","508384238.wem","23841"
"969","AkBankSourceData","","508384238","508384238","968","SoundInitialValues","True","508384238.wem","23841"
"970","AkMediaInformation","","508384238","508384238","969","AkBankSourceData","True","508384238.wem","23841"
"981","CAkSound","","1004298845","1004298845","109","HircChunk","True","1004298845.wem","7026"
"982","SoundInitialValues","","1004298845","1004298845","981","CAkSound","True","1004298845.wem","7026"
"983","AkBankSourceData","","1004298845","1004298845","982","SoundInitialValues","True","1004298845.wem","7026"
"984","AkMediaInformation","","1004298845","1004298845","983","AkBankSourceData","True","1004298845.wem","7026"
"995","CAkSound","","434389044","434389044","109","HircChunk","True","434389044.wem","6922"
"996","SoundInitialValues","","434389044","434389044","995","CAkSound","True","434389044.wem","6922"
"997","AkBankSourceData","","434389044","434389044","996","SoundInitialValues","True","434389044.wem","6922"
"998","AkMediaInformation","","434389044","434389044","997","AkBankSourceData","True","434389044.wem","6922"
"1024","CAkSound","","697193758","697193758","109","HircChunk","True","697193758.wem","101336"
"1025","SoundInitialValues","","697193758","697193758","1024","CAkSound","True","697193758.wem","101336"
"1026","AkBankSourceData","","697193758","697193758","1025","SoundInitialValues","True","697193758.wem","101336"
"1027","AkMediaInformation","","697193758","697193758","1026","AkBankSourceData","True","697193758.wem","101336"
"1039","CAkSound","","237528681","237528681","109","HircChunk","True","237528681.wem","9803"
"1040","SoundInitialValues","","237528681","237528681","1039","CAkSound","True","237528681.wem","9803"
"1041","AkBankSourceData","","237528681","237528681","1040","SoundInitialValues","True","237528681.wem","9803"
"1042","AkMediaInformation","","237528681","237528681","1041","AkBankSourceData","True","237528681.wem","9803"
"1054","CAkSound","","911543220","911543220","109","HircChunk","True","911543220.wem","58655"
"1055","SoundInitialValues","","911543220","911543220","1054","CAkSound","True","911543220.wem","58655"
"1056","AkBankSourceData","","911543220","911543220","1055","SoundInitialValues","True","911543220.wem","58655"
"1057","AkMediaInformation","","911543220","911543220","1056","AkBankSourceData","True","911543220.wem","58655"
"1069","CAkSound","","697282788","697282788","109","HircChunk","True","697282788.wem","8388"
"1070","SoundInitialValues","","697282788","697282788","1069","CAkSound","True","697282788.wem","8388"
"1071","AkBankSourceData","","697282788","697282788","1070","SoundInitialValues","True","697282788.wem","8388"
"1072","AkMediaInformation","","697282788","697282788","1071","AkBankSourceData","True","697282788.wem","8388"
"1084","CAkSound","","833742253","833742253","109","HircChunk","True","833742253.wem","7448"
"1085","SoundInitialValues","","833742253","833742253","1084","CAkSound","True","833742253.wem","7448"
"1086","AkBankSourceData","","833742253","833742253","1085","SoundInitialValues","True","833742253.wem","7448"
"1087","AkMediaInformation","","833742253","833742253","1086","AkBankSourceData","True","833742253.wem","7448"
"1099","CAkSound","","117431200","117431200","109","HircChunk","True","117431200.wem","148961"
"1100","SoundInitialValues","","117431200","117431200","1099","CAkSound","True","117431200.wem","148961"
"1101","AkBankSourceData","","117431200","117431200","1100","SoundInitialValues","True","117431200.wem","148961"
"1102","AkMediaInformation","","117431200","117431200","1101","AkBankSourceData","True","117431200.wem","148961"
"1114","CAkSound","","366831874","366831874","109","HircChunk","True","366831874.wem","32369"
"1115","SoundInitialValues","","366831874","366831874","1114","CAkSound","True","366831874.wem","32369"
"1116","AkBankSourceData","","366831874","366831874","1115","SoundInitialValues","True","366831874.wem","32369"
"1117","AkMediaInformation","","366831874","366831874","1116","AkBankSourceData","True","366831874.wem","32369"
"1129","CAkSound","","833202924","833202924","109","HircChunk","True","833202924.wem","47024"
"1130","SoundInitialValues","","833202924","833202924","1129","CAkSound","True","833202924.wem","47024"
"1131","AkBankSourceData","","833202924","833202924","1130","SoundInitialValues","True","833202924.wem","47024"
"1132","AkMediaInformation","","833202924","833202924","1131","AkBankSourceData","True","833202924.wem","47024"
"1144","CAkSound","","891536372","891536372","109","HircChunk","True","891536372.wem","136442"
"1145","SoundInitialValues","","891536372","891536372","1144","CAkSound","True","891536372.wem","136442"
"1146","AkBankSourceData","","891536372","891536372","1145","SoundInitialValues","True","891536372.wem","136442"
"1147","AkMediaInformation","","891536372","891536372","1146","AkBankSourceData","True","891536372.wem","136442"
"1159","CAkSound","","846685508","846685508","109","HircChunk","True","846685508.wem","57588"
"1160","SoundInitialValues","","846685508","846685508","1159","CAkSound","True","846685508.wem","57588"
"1161","AkBankSourceData","","846685508","846685508","1160","SoundInitialValues","True","846685508.wem","57588"
"1162","AkMediaInformation","","846685508","846685508","1161","AkBankSourceData","True","846685508.wem","57588"
"1189","CAkSound","","316454681","316454681","109","HircChunk","True","316454681.wem","300366"
"1190","SoundInitialValues","","316454681","316454681","1189","CAkSound","True","316454681.wem","300366"
"1191","AkBankSourceData","","316454681","316454681","1190","SoundInitialValues","True","316454681.wem","300366"
"1192","AkMediaInformation","","316454681","316454681","1191","AkBankSourceData","True","316454681.wem","300366"
"1219","CAkSound","","302855129","302855129","109","HircChunk","True","302855129.wem","26952"
"1220","SoundInitialValues","","302855129","302855129","1219","CAkSound","True","302855129.wem","26952"
"1221","AkBankSourceData","","302855129","302855129","1220","SoundInitialValues","True","302855129.wem","26952"
"1222","AkMediaInformation","","302855129","302855129","1221","AkBankSourceData","True","302855129.wem","26952"
"1234","CAkSound","","660666201","660666201","109","HircChunk","True","660666201.wem","25053"
"1235","SoundInitialValues","","660666201","660666201","1234","CAkSound","True","660666201.wem","25053"
"1236","AkBankSourceData","","660666201","660666201","1235","SoundInitialValues","True","660666201.wem","25053"
"1237","AkMediaInformation","","660666201","660666201","1236","AkBankSourceData","True","660666201.wem","25053"
"1249","CAkSound","","623217668","623217668","109","HircChunk","True","623217668.wem","13753"
"1250","SoundInitialValues","","623217668","623217668","1249","CAkSound","True","623217668.wem","13753"
"1251","AkBankSourceData","","623217668","623217668","1250","SoundInitialValues","True","623217668.wem","13753"
"1252","AkMediaInformation","","623217668","623217668","1251","AkBankSourceData","True","623217668.wem","13753"
"1264","CAkSound","","779278000","779278000","109","HircChunk","True","779278000.wem","32669"
"1265","SoundInitialValues","","779278000","779278000","1264","CAkSound","True","779278000.wem","32669"
"1266","AkBankSourceData","","779278000","779278000","1265","SoundInitialValues","True","779278000.wem","32669"
"1267","AkMediaInformation","","779278000","779278000","1266","AkBankSourceData","True","779278000.wem","32669"
"1279","CAkSound","","186070293","186070293","109","HircChunk","True","186070293.wem","25019"
"1280","SoundInitialValues","","186070293","186070293","1279","CAkSound","True","186070293.wem","25019"
"1281","AkBankSourceData","","186070293","186070293","1280","SoundInitialValues","True","186070293.wem","25019"
"1282","AkMediaInformation","","186070293","186070293","1281","AkBankSourceData","True","186070293.wem","25019"
"1294","CAkSound","","958740332","958740332","109","HircChunk","True","958740332.wem","22299"
"1295","SoundInitialValues","","958740332","958740332","1294","CAkSound","True","958740332.wem","22299"
"1296","AkBankSourceData","","958740332","958740332","1295","SoundInitialValues","True","958740332.wem","22299"
"1297","AkMediaInformation","","958740332","958740332","1296","AkBankSourceData","True","958740332.wem","22299"
"1323","CAkSound","","647942636","647942636","109","HircChunk","True","647942636.wem","13511"
"1324","SoundInitialValues","","647942636","647942636","1323","CAkSound","True","647942636.wem","13511"
"1325","AkBankSourceData","","647942636","647942636","1324","SoundInitialValues","True","647942636.wem","13511"
"1326","AkMediaInformation","","647942636","647942636","1325","AkBankSourceData","True","647942636.wem","13511"
"1338","CAkSound","","322706511","322706511","109","HircChunk","True","322706511.wem","33580"
"1339","SoundInitialValues","","322706511","322706511","1338","CAkSound","True","322706511.wem","33580"
"1340","AkBankSourceData","","322706511","322706511","1339","SoundInitialValues","True","322706511.wem","33580"
"1341","AkMediaInformation","","322706511","322706511","1340","AkBankSourceData","True","322706511.wem","33580"
"1353","CAkSound","","448827065","448827065","109","HircChunk","True","448827065.wem","24411"
"1354","SoundInitialValues","","448827065","448827065","1353","CAkSound","True","448827065.wem","24411"
"1355","AkBankSourceData","","448827065","448827065","1354","SoundInitialValues","True","448827065.wem","24411"
"1356","AkMediaInformation","","448827065","448827065","1355","AkBankSourceData","True","448827065.wem","24411"
"1368","CAkSound","","142501603","142501603","109","HircChunk","True","142501603.wem","34226"
"1369","SoundInitialValues","","142501603","142501603","1368","CAkSound","True","142501603.wem","34226"
"1370","AkBankSourceData","","142501603","142501603","1369","SoundInitialValues","True","142501603.wem","34226"
"1371","AkMediaInformation","","142501603","142501603","1370","AkBankSourceData","True","142501603.wem","34226"
"1383","CAkSound","","718012839","718012839","109","HircChunk","True","718012839.wem","9391"
"1384","SoundInitialValues","","718012839","718012839","1383","CAkSound","True","718012839.wem","9391"
"1385","AkBankSourceData","","718012839","718012839","1384","SoundInitialValues","True","718012839.wem","9391"
"1386","AkMediaInformation","","718012839","718012839","1385","AkBankSourceData","True","718012839.wem","9391"
"1398","CAkSound","","898001860","898001860","109","HircChunk","True","898001860.wem","22428"
"1399","SoundInitialValues","","898001860","898001860","1398","CAkSound","True","898001860.wem","22428"
"1400","AkBankSourceData","","898001860","898001860","1399","SoundInitialValues","True","898001860.wem","22428"
"1401","AkMediaInformation","","898001860","898001860","1400","AkBankSourceData","True","898001860.wem","22428"
"1413","CAkSound","","755501008","755501008","109","HircChunk","True","755501008.wem","48015"
"1414","SoundInitialValues","","755501008","755501008","1413","CAkSound","True","755501008.wem","48015"
"1415","AkBankSourceData","","755501008","755501008","1414","SoundInitialValues","True","755501008.wem","48015"
"1416","AkMediaInformation","","755501008","755501008","1415","AkBankSourceData","True","755501008.wem","48015"
"1428","CAkSound","","1012272758","1012272758","109","HircChunk","True","1012272758.wem","19682"
"1429","SoundInitialValues","","1012272758","1012272758","1428","CAkSound","True","1012272758.wem","19682"
"1430","AkBankSourceData","","1012272758","1012272758","1429","SoundInitialValues","True","1012272758.wem","19682"
"1431","AkMediaInformation","","1012272758","1012272758","1430","AkBankSourceData","True","1012272758.wem","19682"
"1443","CAkSound","","398622759","398622759","109","HircChunk","True","398622759.wem","54677"
"1444","SoundInitialValues","","398622759","398622759","1443","CAkSound","True","398622759.wem","54677"
"1445","AkBankSourceData","","398622759","398622759","1444","SoundInitialValues","True","398622759.wem","54677"
"1446","AkMediaInformation","","398622759","398622759","1445","AkBankSourceData","True","398622759.wem","54677"
"1458","CAkSound","","723186224","723186224","109","HircChunk","True","723186224.wem","75017"
"1459","SoundInitialValues","","723186224","723186224","1458","CAkSound","True","723186224.wem","75017"
"1460","AkBankSourceData","","723186224","723186224","1459","SoundInitialValues","True","723186224.wem","75017"
"1461","AkMediaInformation","","723186224","723186224","1460","AkBankSourceData","True","723186224.wem","75017"
"1473","CAkSound","","616565789","616565789","109","HircChunk","True","616565789.wem","8111"
"1474","SoundInitialValues","","616565789","616565789","1473","CAkSound","True","616565789.wem","8111"
"1475","AkBankSourceData","","616565789","616565789","1474","SoundInitialValues","True","616565789.wem","8111"
"1476","AkMediaInformation","","616565789","616565789","1475","AkBankSourceData","True","616565789.wem","8111"
"1488","CAkSound","","874935267","874935267","109","HircChunk","True","874935267.wem","38351"
"1489","SoundInitialValues","","874935267","874935267","1488","CAkSound","True","874935267.wem","38351"
"1490","AkBankSourceData","","874935267","874935267","1489","SoundInitialValues","True","874935267.wem","38351"
"1491","AkMediaInformation","","874935267","874935267","1490","AkBankSourceData","True","874935267.wem","38351"
"1503","CAkSound","","536154943","536154943","109","HircChunk","True","536154943.wem","137969"
"1504","SoundInitialValues","","536154943","536154943","1503","CAkSound","True","536154943.wem","137969"
"1505","AkBankSourceData","","536154943","536154943","1504","SoundInitialValues","True","536154943.wem","137969"
"1506","AkMediaInformation","","536154943","536154943","1505","AkBankSourceData","True","536154943.wem","137969"
"1518","CAkSound","","458958901","458958901","109","HircChunk","True","458958901.wem","61395"
"1519","SoundInitialValues","","458958901","458958901","1518","CAkSound","True","458958901.wem","61395"
"1520","AkBankSourceData","","458958901","458958901","1519","SoundInitialValues","True","458958901.wem","61395"
"1521","AkMediaInformation","","458958901","458958901","1520","AkBankSourceData","True","458958901.wem","61395"
"1533","CAkSound","","20696694","20696694","109","HircChunk","True","20696694.wem","33677"
"1534","SoundInitialValues","","20696694","20696694","1533","CAkSound","True","20696694.wem","33677"
"1535","AkBankSourceData","","20696694","20696694","1534","SoundInitialValues","True","20696694.wem","33677"
"1536","AkMediaInformation","","20696694","20696694","1535","AkBankSourceData","True","20696694.wem","33677"
"1548","CAkSound","","461795631","461795631","109","HircChunk","True","461795631.wem","74296"
"1549","SoundInitialValues","","461795631","461795631","1548","CAkSound","True","461795631.wem","74296"
"1550","AkBankSourceData","","461795631","461795631","1549","SoundInitialValues","True","461795631.wem","74296"
"1551","AkMediaInformation","","461795631","461795631","1550","AkBankSourceData","True","461795631.wem","74296"
"1563","CAkSound","","731848657","731848657","109","HircChunk","True","731848657.wem","8411"
"1564","SoundInitialValues","","731848657","731848657","1563","CAkSound","True","731848657.wem","8411"
"1565","AkBankSourceData","","731848657","731848657","1564","SoundInitialValues","True","731848657.wem","8411"
"1566","AkMediaInformation","","731848657","731848657","1565","AkBankSourceData","True","731848657.wem","8411"
"1578","CAkSound","","920202335","920202335","109","HircChunk","True","920202335.wem","12823"
"1579","SoundInitialValues","","920202335","920202335","1578","CAkSound","True","920202335.wem","12823"
"1580","AkBankSourceData","","920202335","920202335","1579","SoundInitialValues","True","920202335.wem","12823"
"1581","AkMediaInformation","","920202335","920202335","1580","AkBankSourceData","True","920202335.wem","12823"
"1593","CAkSound","","334746582","334746582","109","HircChunk","True","334746582.wem","6968"
"1594","SoundInitialValues","","334746582","334746582","1593","CAkSound","True","334746582.wem","6968"
"1595","AkBankSourceData","","334746582","334746582","1594","SoundInitialValues","True","334746582.wem","6968"
"1596","AkMediaInformation","","334746582","334746582","1595","AkBankSourceData","True","334746582.wem","6968"
"1608","CAkSound","","655167511","655167511","109","HircChunk","True","655167511.wem","70036"
"1609","SoundInitialValues","","655167511","655167511","1608","CAkSound","True","655167511.wem","70036"
"1610","AkBankSourceData","","655167511","655167511","1609","SoundInitialValues","True","655167511.wem","70036"
"1611","AkMediaInformation","","655167511","655167511","1610","AkBankSourceData","True","655167511.wem","70036"
"1623","CAkSound","","591196620","591196620","109","HircChunk","True","591196620.wem","143326"
"1624","SoundInitialValues","","591196620","591196620","1623","CAkSound","True","591196620.wem","143326"
"1625","AkBankSourceData","","591196620","591196620","1624","SoundInitialValues","True","591196620.wem","143326"
"1626","AkMediaInformation","","591196620","591196620","1625","AkBankSourceData","True","591196620.wem","143326"
"1638","CAkSound","","795110502","795110502","109","HircChunk","True","795110502.wem","77064"
"1639","SoundInitialValues","","795110502","795110502","1638","CAkSound","True","795110502.wem","77064"
"1640","AkBankSourceData","","795110502","795110502","1639","SoundInitialValues","True","795110502.wem","77064"
"1641","AkMediaInformation","","795110502","795110502","1640","AkBankSourceData","True","795110502.wem","77064"
"1668","CAkSound","","468166270","468166270","109","HircChunk","True","468166270.wem","241041"
"1669","SoundInitialValues","","468166270","468166270","1668","CAkSound","True","468166270.wem","241041"
"1670","AkBankSourceData","","468166270","468166270","1669","SoundInitialValues","True","468166270.wem","241041"
"1671","AkMediaInformation","","468166270","468166270","1670","AkBankSourceData","True","468166270.wem","241041"
"1698","CAkSound","","659204516","659204516","109","HircChunk","True","659204516.wem","40248"
"1699","SoundInitialValues","","659204516","659204516","1698","CAkSound","True","659204516.wem","40248"
"1700","AkBankSourceData","","659204516","659204516","1699","SoundInitialValues","True","659204516.wem","40248"
"1701","AkMediaInformation","","659204516","659204516","1700","AkBankSourceData","True","659204516.wem","40248"
"1713","CAkSound","","706545110","706545110","109","HircChunk","True","706545110.wem","33315"
"1714","SoundInitialValues","","706545110","706545110","1713","CAkSound","True","706545110.wem","33315"
"1715","AkBankSourceData","","706545110","706545110","1714","SoundInitialValues","True","706545110.wem","33315"
"1716","AkMediaInformation","","706545110","706545110","1715","AkBankSourceData","True","706545110.wem","33315"
"1728","CAkSound","","933920771","933920771","109","HircChunk","True","933920771.wem","11872"
"1729","SoundInitialValues","","933920771","933920771","1728","CAkSound","True","933920771.wem","11872"
"1730","AkBankSourceData","","933920771","933920771","1729","SoundInitialValues","True","933920771.wem","11872"
"1731","AkMediaInformation","","933920771","933920771","1730","AkBankSourceData","True","933920771.wem","11872"
"1743","CAkSound","","262650098","262650098","109","HircChunk","True","262650098.wem","24288"
"1744","SoundInitialValues","","262650098","262650098","1743","CAkSound","True","262650098.wem","24288"
"1745","AkBankSourceData","","262650098","262650098","1744","SoundInitialValues","True","262650098.wem","24288"
"1746","AkMediaInformation","","262650098","262650098","1745","AkBankSourceData","True","262650098.wem","24288"
"1758","CAkSound","","963567431","963567431","109","HircChunk","True","963567431.wem","17169"
"1759","SoundInitialValues","","963567431","963567431","1758","CAkSound","True","963567431.wem","17169"
"1760","AkBankSourceData","","963567431","963567431","1759","SoundInitialValues","True","963567431.wem","17169"
"1761","AkMediaInformation","","963567431","963567431","1760","AkBankSourceData","True","963567431.wem","17169"
"1773","CAkSound","","516151388","516151388","109","HircChunk","True","516151388.wem","22157"
"1774","SoundInitialValues","","516151388","516151388","1773","CAkSound","True","516151388.wem","22157"
"1775","AkBankSourceData","","516151388","516151388","1774","SoundInitialValues","True","516151388.wem","22157"
"1776","AkMediaInformation","","516151388","516151388","1775","AkBankSourceData","True","516151388.wem","22157"
"1788","CAkSound","","531151495","531151495","109","HircChunk","True","531151495.wem","18945"
"1789","SoundInitialValues","","531151495","531151495","1788","CAkSound","True","531151495.wem","18945"
"1790","AkBankSourceData","","531151495","531151495","1789","SoundInitialValues","True","531151495.wem","18945"
"1791","AkMediaInformation","","531151495","531151495","1790","AkBankSourceData","True","531151495.wem","18945"
"1803","CAkSound","","158413004","158413004","109","HircChunk","True","158413004.wem","11836"
"1804","SoundInitialValues","","158413004","158413004","1803","CAkSound","True","158413004.wem","11836"
"1805","AkBankSourceData","","158413004","158413004","1804","SoundInitialValues","True","158413004.wem","11836"
"1806","AkMediaInformation","","158413004","158413004","1805","AkBankSourceData","True","158413004.wem","11836"
"1818","CAkSound","","820152014","820152014","109","HircChunk","True","820152014.wem","44258"
"1819","SoundInitialValues","","820152014","820152014","1818","CAkSound","True","820152014.wem","44258"
"1820","AkBankSourceData","","820152014","820152014","1819","SoundInitialValues","True","820152014.wem","44258"
"1821","AkMediaInformation","","820152014","820152014","1820","AkBankSourceData","True","820152014.wem","44258"
"1833","CAkSound","","639975831","639975831","109","HircChunk","True","639975831.wem","7648"
"1834","SoundInitialValues","","639975831","639975831","1833","CAkSound","True","639975831.wem","7648"
"1835","AkBankSourceData","","639975831","639975831","1834","SoundInitialValues","True","639975831.wem","7648"
"1836","AkMediaInformation","","639975831","639975831","1835","AkBankSourceData","True","639975831.wem","7648"
"1848","CAkSound","","187117794","187117794","109","HircChunk","True","187117794.wem","51982"
"1849","SoundInitialValues","","187117794","187117794","1848","CAkSound","True","187117794.wem","51982"
"1850","AkBankSourceData","","187117794","187117794","1849","SoundInitialValues","True","187117794.wem","51982"
"1851","AkMediaInformation","","187117794","187117794","1850","AkBankSourceData","True","187117794.wem","51982"
"1863","CAkSound","","843034458","843034458","109","HircChunk","True","843034458.wem","28239"
"1864","SoundInitialValues","","843034458","843034458","1863","CAkSound","True","843034458.wem","28239"
"1865","AkBankSourceData","","843034458","843034458","1864","SoundInitialValues","True","843034458.wem","28239"
"1866","AkMediaInformation","","843034458","843034458","1865","AkBankSourceData","True","843034458.wem","28239"
"1878","CAkSound","","175393690","175393690","109","HircChunk","True","175393690.wem","29796"
"1879","SoundInitialValues","","175393690","175393690","1878","CAkSound","True","175393690.wem","29796"
"1880","AkBankSourceData","","175393690","175393690","1879","SoundInitialValues","True","175393690.wem","29796"
"1881","AkMediaInformation","","175393690","175393690","1880","AkBankSourceData","True","175393690.wem","29796"
"1893","CAkSound","","214125137","214125137","109","HircChunk","True","214125137.wem","66390"
"1894","SoundInitialValues","","214125137","214125137","1893","CAkSound","True","214125137.wem","66390"
"1895","AkBankSourceData","","214125137","214125137","1894","SoundInitialValues","True","214125137.wem","66390"
"1896","AkMediaInformation","","214125137","214125137","1895","AkBankSourceData","True","214125137.wem","66390"
"1908","CAkSound","","567927241","567927241","109","HircChunk","True","567927241.wem","47143"
"1909","SoundInitialValues","","567927241","567927241","1908","CAkSound","True","567927241.wem","47143"
"1910","AkBankSourceData","","567927241","567927241","1909","SoundInitialValues","True","567927241.wem","47143"
"1911","AkMediaInformation","","567927241","567927241","1910","AkBankSourceData","True","567927241.wem","47143"
"1923","CAkSound","","581710097","581710097","109","HircChunk","True","581710097.wem","10327"
"1924","SoundInitialValues","","581710097","581710097","1923","CAkSound","True","581710097.wem","10327"
"1925","AkBankSourceData","","581710097","581710097","1924","SoundInitialValues","True","581710097.wem","10327"
"1926","AkMediaInformation","","581710097","581710097","1925","AkBankSourceData","True","581710097.wem","10327"
"1938","CAkSound","","1059961648","1059961648","109","HircChunk","True","1059961648.wem","28459"
"1939","SoundInitialValues","","1059961648","1059961648","1938","CAkSound","True","1059961648.wem","28459"
"1940","AkBankSourceData","","1059961648","1059961648","1939","SoundInitialValues","True","1059961648.wem","28459"
"1941","AkMediaInformation","","1059961648","1059961648","1940","AkBankSourceData","True","1059961648.wem","28459"
"1953","CAkSound","","984367350","984367350","109","HircChunk","True","984367350.wem","40495"
"1954","SoundInitialValues","","984367350","984367350","1953","CAkSound","True","984367350.wem","40495"
"1955","AkBankSourceData","","984367350","984367350","1954","SoundInitialValues","True","984367350.wem","40495"
"1956","AkMediaInformation","","984367350","984367350","1955","AkBankSourceData","True","984367350.wem","40495"
"1968","CAkSound","","335569914","335569914","109","HircChunk","True","335569914.wem","35549"
"1969","SoundInitialValues","","335569914","335569914","1968","CAkSound","True","335569914.wem","35549"
"1970","AkBankSourceData","","335569914","335569914","1969","SoundInitialValues","True","335569914.wem","35549"
"1971","AkMediaInformation","","335569914","335569914","1970","AkBankSourceData","True","335569914.wem","35549"
"1983","CAkSound","","400137489","400137489","109","HircChunk","True","400137489.wem","7057"
"1984","SoundInitialValues","","400137489","400137489","1983","CAkSound","True","400137489.wem","7057"
"1985","AkBankSourceData","","400137489","400137489","1984","SoundInitialValues","True","400137489.wem","7057"
"1986","AkMediaInformation","","400137489","400137489","1985","AkBankSourceData","True","400137489.wem","7057"
"1998","CAkSound","","226617786","226617786","109","HircChunk","True","226617786.wem","59286"
"1999","SoundInitialValues","","226617786","226617786","1998","CAkSound","True","226617786.wem","59286"
"2000","AkBankSourceData","","226617786","226617786","1999","SoundInitialValues","True","226617786.wem","59286"
"2001","AkMediaInformation","","226617786","226617786","2000","AkBankSourceData","True","226617786.wem","59286"
"2013","CAkSound","","54151231","54151231","109","HircChunk","True","54151231.wem","36008"
"2014","SoundInitialValues","","54151231","54151231","2013","CAkSound","True","54151231.wem","36008"
"2015","AkBankSourceData","","54151231","54151231","2014","SoundInitialValues","True","54151231.wem","36008"
"2016","AkMediaInformation","","54151231","54151231","2015","AkBankSourceData","True","54151231.wem","36008"
"2028","CAkSound","","677559673","677559673","109","HircChunk","True","677559673.wem","38454"
"2029","SoundInitialValues","","677559673","677559673","2028","CAkSound","True","677559673.wem","38454"
"2030","AkBankSourceData","","677559673","677559673","2029","SoundInitialValues","True","677559673.wem","38454"
"2031","AkMediaInformation","","677559673","677559673","2030","AkBankSourceData","True","677559673.wem","38454"
"2043","CAkSound","","307942064","307942064","109","HircChunk","True","307942064.wem","39058"
"2044","SoundInitialValues","","307942064","307942064","2043","CAkSound","True","307942064.wem","39058"
"2045","AkBankSourceData","","307942064","307942064","2044","SoundInitialValues","True","307942064.wem","39058"
"2046","AkMediaInformation","","307942064","307942064","2045","AkBankSourceData","True","307942064.wem","39058"
"2058","CAkSound","","372538656","372538656","109","HircChunk","True","372538656.wem","33903"
"2059","SoundInitialValues","","372538656","372538656","2058","CAkSound","True","372538656.wem","33903"
"2060","AkBankSourceData","","372538656","372538656","2059","SoundInitialValues","True","372538656.wem","33903"
"2061","AkMediaInformation","","372538656","372538656","2060","AkBankSourceData","True","372538656.wem","33903"
"2073","CAkSound","","784706505","784706505","109","HircChunk","True","784706505.wem","35796"
"2074","SoundInitialValues","","784706505","784706505","2073","CAkSound","True","784706505.wem","35796"
"2075","AkBankSourceData","","784706505","784706505","2074","SoundInitialValues","True","784706505.wem","35796"
"2076","AkMediaInformation","","784706505","784706505","2075","AkBankSourceData","True","784706505.wem","35796"
"2088","CAkSound","","248157971","248157971","109","HircChunk","True","248157971.wem","10241"
"2089","SoundInitialValues","","248157971","248157971","2088","CAkSound","True","248157971.wem","10241"
"2090","AkBankSourceData","","248157971","248157971","2089","SoundInitialValues","True","248157971.wem","10241"
"2091","AkMediaInformation","","248157971","248157971","2090","AkBankSourceData","True","248157971.wem","10241"
"2103","CAkSound","","486401047","486401047","109","HircChunk","True","486401047.wem","45549"
"2104","SoundInitialValues","","486401047","486401047","2103","CAkSound","True","486401047.wem","45549"
"2105","AkBankSourceData","","486401047","486401047","2104","SoundInitialValues","True","486401047.wem","45549"
"2106","AkMediaInformation","","486401047","486401047","2105","AkBankSourceData","True","486401047.wem","45549"
"2118","CAkSound","","176314973","176314973","109","HircChunk","True","176314973.wem","41111"
"2119","SoundInitialValues","","176314973","176314973","2118","CAkSound","True","176314973.wem","41111"
"2120","AkBankSourceData","","176314973","176314973","2119","SoundInitialValues","True","176314973.wem","41111"
"2121","AkMediaInformation","","176314973","176314973","2120","AkBankSourceData","True","176314973.wem","41111"
"2133","CAkSound","","120369165","120369165","109","HircChunk","True","120369165.wem","11133"
"2134","SoundInitialValues","","120369165","120369165","2133","CAkSound","True","120369165.wem","11133"
"2135","AkBankSourceData","","120369165","120369165","2134","SoundInitialValues","True","120369165.wem","11133"
"2136","AkMediaInformation","","120369165","120369165","2135","AkBankSourceData","True","120369165.wem","11133"
"2148","CAkSound","","490282974","490282974","109","HircChunk","True","490282974.wem","41488"
"2149","SoundInitialValues","","490282974","490282974","2148","CAkSound","True","490282974.wem","41488"
"2150","AkBankSourceData","","490282974","490282974","2149","SoundInitialValues","True","490282974.wem","41488"
"2151","AkMediaInformation","","490282974","490282974","2150","AkBankSourceData","True","490282974.wem","41488"
"2163","CAkSound","","742914976","742914976","109","HircChunk","True","742914976.wem","44759"
"2164","SoundInitialValues","","742914976","742914976","2163","CAkSound","True","742914976.wem","44759"
"2165","AkBankSourceData","","742914976","742914976","2164","SoundInitialValues","True","742914976.wem","44759"
"2166","AkMediaInformation","","742914976","742914976","2165","AkBankSourceData","True","742914976.wem","44759"
"2178","CAkSound","","438170191","438170191","109","HircChunk","True","438170191.wem","19694"
"2179","SoundInitialValues","","438170191","438170191","2178","CAkSound","True","438170191.wem","19694"
"2180","AkBankSourceData","","438170191","438170191","2179","SoundInitialValues","True","438170191.wem","19694"
"2181","AkMediaInformation","","438170191","438170191","2180","AkBankSourceData","True","438170191.wem","19694"
"2193","CAkSound","","561015116","561015116","109","HircChunk","True","561015116.wem","13253"
"2194","SoundInitialValues","","561015116","561015116","2193","CAkSound","True","561015116.wem","13253"
"2195","AkBankSourceData","","561015116","561015116","2194","SoundInitialValues","True","561015116.wem","13253"
"2196","AkMediaInformation","","561015116","561015116","2195","AkBankSourceData","True","561015116.wem","13253"
"2208","CAkSound","","815062021","815062021","109","HircChunk","True","815062021.wem","16261"
"2209","SoundInitialValues","","815062021","815062021","2208","CAkSound","True","815062021.wem","16261"
"2210","AkBankSourceData","","815062021","815062021","2209","SoundInitialValues","True","815062021.wem","16261"
"2211","AkMediaInformation","","815062021","815062021","2210","AkBankSourceData","True","815062021.wem","16261"
"2223","CAkSound","","452233968","452233968","109","HircChunk","True","452233968.wem","31588"
"2224","SoundInitialValues","","452233968","452233968","2223","CAkSound","True","452233968.wem","31588"
"2225","AkBankSourceData","","452233968","452233968","2224","SoundInitialValues","True","452233968.wem","31588"
"2226","AkMediaInformation","","452233968","452233968","2225","AkBankSourceData","True","452233968.wem","31588"
"2238","CAkSound","","929730082","929730082","109","HircChunk","True","929730082.wem","15254"
"2239","SoundInitialValues","","929730082","929730082","2238","CAkSound","True","929730082.wem","15254"
"2240","AkBankSourceData","","929730082","929730082","2239","SoundInitialValues","True","929730082.wem","15254"
"2241","AkMediaInformation","","929730082","929730082","2240","AkBankSourceData","True","929730082.wem","15254"
"2253","CAkSound","","14441920","14441920","109","HircChunk","True","14441920.wem","56158"
"2254","SoundInitialValues","","14441920","14441920","2253","CAkSound","True","14441920.wem","56158"
"2255","AkBankSourceData","","14441920","14441920","2254","SoundInitialValues","True","14441920.wem","56158"
"2256","AkMediaInformation","","14441920","14441920","2255","AkBankSourceData","True","14441920.wem","56158"
"2268","CAkSound","","813163035","813163035","109","HircChunk","True","813163035.wem","27950"
"2269","SoundInitialValues","","813163035","813163035","2268","CAkSound","True","813163035.wem","27950"
"2270","AkBankSourceData","","813163035","813163035","2269","SoundInitialValues","True","813163035.wem","27950"
"2271","AkMediaInformation","","813163035","813163035","2270","AkBankSourceData","True","813163035.wem","27950"
"2283","CAkSound","","169992522","169992522","109","HircChunk","True","169992522.wem","48001"
"2284","SoundInitialValues","","169992522","169992522","2283","CAkSound","True","169992522.wem","48001"
"2285","AkBankSourceData","","169992522","169992522","2284","SoundInitialValues","True","169992522.wem","48001"
"2286","AkMediaInformation","","169992522","169992522","2285","AkBankSourceData","True","169992522.wem","48001"
"2298","CAkSound","","374069543","374069543","109","HircChunk","True","374069543.wem","22434"
"2299","SoundInitialValues","","374069543","374069543","2298","CAkSound","True","374069543.wem","22434"
"2300","AkBankSourceData","","374069543","374069543","2299","SoundInitialValues","True","374069543.wem","22434"
"2301","AkMediaInformation","","374069543","374069543","2300","AkBankSourceData","True","374069543.wem","22434"
"2313","CAkSound","","262509221","262509221","109","HircChunk","True","262509221.wem","27389"
"2314","SoundInitialValues","","262509221","262509221","2313","CAkSound","True","262509221.wem","27389"
"2315","AkBankSourceData","","262509221","262509221","2314","SoundInitialValues","True","262509221.wem","27389"
"2316","AkMediaInformation","","262509221","262509221","2315","AkBankSourceData","True","262509221.wem","27389"
"2328","CAkSound","","338048439","338048439","109","HircChunk","True","338048439.wem","34561"
"2329","SoundInitialValues","","338048439","338048439","2328","CAkSound","True","338048439.wem","34561"
"2330","AkBankSourceData","","338048439","338048439","2329","SoundInitialValues","True","338048439.wem","34561"
"2331","AkMediaInformation","","338048439","338048439","2330","AkBankSourceData","True","338048439.wem","34561"
"2343","CAkSound","","916594557","916594557","109","HircChunk","True","916594557.wem","46351"
"2344","SoundInitialValues","","916594557","916594557","2343","CAkSound","True","916594557.wem","46351"
"2345","AkBankSourceData","","916594557","916594557","2344","SoundInitialValues","True","916594557.wem","46351"
"2346","AkMediaInformation","","916594557","916594557","2345","AkBankSourceData","True","916594557.wem","46351"
"2358","CAkSound","","739343470","739343470","109","HircChunk","True","739343470.wem","44790"
"2359","SoundInitialValues","","739343470","739343470","2358","CAkSound","True","739343470.wem","44790"
"2360","AkBankSourceData","","739343470","739343470","2359","SoundInitialValues","True","739343470.wem","44790"
"2361","AkMediaInformation","","739343470","739343470","2360","AkBankSourceData","True","739343470.wem","44790"
"2373","CAkSound","","780869917","780869917","109","HircChunk","True","780869917.wem","15769"
"2374","SoundInitialValues","","780869917","780869917","2373","CAkSound","True","780869917.wem","15769"
"2375","AkBankSourceData","","780869917","780869917","2374","SoundInitialValues","True","780869917.wem","15769"
"2376","AkMediaInformation","","780869917","780869917","2375","AkBankSourceData","True","780869917.wem","15769"
"2388","CAkSound","","111213177","111213177","109","HircChunk","True","111213177.wem","35067"
"2389","SoundInitialValues","","111213177","111213177","2388","CAkSound","True","111213177.wem","35067"
"2390","AkBankSourceData","","111213177","111213177","2389","SoundInitialValues","True","111213177.wem","35067"
"2391","AkMediaInformation","","111213177","111213177","2390","AkBankSourceData","True","111213177.wem","35067"
"2403","CAkSound","","233546027","233546027","109","HircChunk","True","233546027.wem","38409"
"2404","SoundInitialValues","","233546027","233546027","2403","CAkSound","True","233546027.wem","38409"
"2405","AkBankSourceData","","233546027","233546027","2404","SoundInitialValues","True","233546027.wem","38409"
"2406","AkMediaInformation","","233546027","233546027","2405","AkBankSourceData","True","233546027.wem","38409"
"2418","CAkSound","","835897267","835897267","109","HircChunk","True","835897267.wem","12872"
"2419","SoundInitialValues","","835897267","835897267","2418","CAkSound","True","835897267.wem","12872"
"2420","AkBankSourceData","","835897267","835897267","2419","SoundInitialValues","True","835897267.wem","12872"
"2421","AkMediaInformation","","835897267","835897267","2420","AkBankSourceData","True","835897267.wem","12872"
"2433","CAkSound","","15806715","15806715","109","HircChunk","True","15806715.wem","22583"
"2434","SoundInitialValues","","15806715","15806715","2433","CAkSound","True","15806715.wem","22583"
"2435","AkBankSourceData","","15806715","15806715","2434","SoundInitialValues","True","15806715.wem","22583"
"2436","AkMediaInformation","","15806715","15806715","2435","AkBankSourceData","True","15806715.wem","22583"
"2448","CAkSound","","583111496","583111496","109","HircChunk","True","583111496.wem","12112"
"2449","SoundInitialValues","","583111496","583111496","2448","CAkSound","True","583111496.wem","12112"
"2450","AkBankSourceData","","583111496","583111496","2449","SoundInitialValues","True","583111496.wem","12112"
"2451","AkMediaInformation","","583111496","583111496","2450","AkBankSourceData","True","583111496.wem","12112"
"2463","CAkSound","","833910343","833910343","109","HircChunk","True","833910343.wem","21201"
"2464","SoundInitialValues","","833910343","833910343","2463","CAkSound","True","833910343.wem","21201"
"2465","AkBankSourceData","","833910343","833910343","2464","SoundInitialValues","True","833910343.wem","21201"
"2466","AkMediaInformation","","833910343","833910343","2465","AkBankSourceData","True","833910343.wem","21201"
"2478","CAkSound","","1009114422","1009114422","109","HircChunk","True","1009114422.wem","14640"
"2479","SoundInitialValues","","1009114422","1009114422","2478","CAkSound","True","1009114422.wem","14640"
"2480","AkBankSourceData","","1009114422","1009114422","2479","SoundInitialValues","True","1009114422.wem","14640"
"2481","AkMediaInformation","","1009114422","1009114422","2480","AkBankSourceData","True","1009114422.wem","14640"
"2493","CAkSound","","824470248","824470248","109","HircChunk","True","824470248.wem","7513"
"2494","SoundInitialValues","","824470248","824470248","2493","CAkSound","True","824470248.wem","7513"
"2495","AkBankSourceData","","824470248","824470248","2494","SoundInitialValues","True","824470248.wem","7513"
"2496","AkMediaInformation","","824470248","824470248","2495","AkBankSourceData","True","824470248.wem","7513"
"2508","CAkSound","","21967293","21967293","109","HircChunk","True","21967293.wem","35040"
"2509","SoundInitialValues","","21967293","21967293","2508","CAkSound","True","21967293.wem","35040"
"2510","AkBankSourceData","","21967293","21967293","2509","SoundInitialValues","True","21967293.wem","35040"
"2511","AkMediaInformation","","21967293","21967293","2510","AkBankSourceData","True","21967293.wem","35040"
"2523","CAkSound","","86065016","86065016","109","HircChunk","True","86065016.wem","15082"
"2524","SoundInitialValues","","86065016","86065016","2523","CAkSound","True","86065016.wem","15082"
"2525","AkBankSourceData","","86065016","86065016","2524","SoundInitialValues","True","86065016.wem","15082"
"2526","AkMediaInformation","","86065016","86065016","2525","AkBankSourceData","True","86065016.wem","15082"
"2538","CAkSound","","882396025","882396025","109","HircChunk","True","882396025.wem","23299"
"2539","SoundInitialValues","","882396025","882396025","2538","CAkSound","True","882396025.wem","23299"
"2540","AkBankSourceData","","882396025","882396025","2539","SoundInitialValues","True","882396025.wem","23299"
"2541","AkMediaInformation","","882396025","882396025","2540","AkBankSourceData","True","882396025.wem","23299"
"2553","CAkSound","","1007923018","1007923018","109","HircChunk","True","1007923018.wem","19778"
"2554","SoundInitialValues","","1007923018","1007923018","2553","CAkSound","True","1007923018.wem","19778"
"2555","AkBankSourceData","","1007923018","1007923018","2554","SoundInitialValues","True","1007923018.wem","19778"
"2556","AkMediaInformation","","1007923018","1007923018","2555","AkBankSourceData","True","1007923018.wem","19778"
"2568","CAkSound","","478782204","478782204","109","HircChunk","True","478782204.wem","46540"
"2569","SoundInitialValues","","478782204","478782204","2568","CAkSound","True","478782204.wem","46540"
"2570","AkBankSourceData","","478782204","478782204","2569","SoundInitialValues","True","478782204.wem","46540"
"2571","AkMediaInformation","","478782204","478782204","2570","AkBankSourceData","True","478782204.wem","46540"
"2583","CAkSound","","625985248","625985248","109","HircChunk","True","625985248.wem","25813"
"2584","SoundInitialValues","","625985248","625985248","2583","CAkSound","True","625985248.wem","25813"
"2585","AkBankSourceData","","625985248","625985248","2584","SoundInitialValues","True","625985248.wem","25813"
"2586","AkMediaInformation","","625985248","625985248","2585","AkBankSourceData","True","625985248.wem","25813"
"2598","CAkSound","","222555717","222555717","109","HircChunk","True","222555717.wem","76866"
"2599","SoundInitialValues","","222555717","222555717","2598","CAkSound","True","222555717.wem","76866"
"2600","AkBankSourceData","","222555717","222555717","2599","SoundInitialValues","True","222555717.wem","76866"
"2601","AkMediaInformation","","222555717","222555717","2600","AkBankSourceData","True","222555717.wem","76866"
"2613","CAkSound","","202756120","202756120","109","HircChunk","True","202756120.wem","18746"
"2614","SoundInitialValues","","202756120","202756120","2613","CAkSound","True","202756120.wem","18746"
"2615","AkBankSourceData","","202756120","202756120","2614","SoundInitialValues","True","202756120.wem","18746"
"2616","AkMediaInformation","","202756120","202756120","2615","AkBankSourceData","True","202756120.wem","18746"
"2628","CAkSound","","868639152","868639152","109","HircChunk","True","868639152.wem","54017"
"2629","SoundInitialValues","","868639152","868639152","2628","CAkSound","True","868639152.wem","54017"
"2630","AkBankSourceData","","868639152","868639152","2629","SoundInitialValues","True","868639152.wem","54017"
"2631","AkMediaInformation","","868639152","868639152","2630","AkBankSourceData","True","868639152.wem","54017"
"2643","CAkSound","","1019241950","1019241950","109","HircChunk","True","1019241950.wem","35683"
"2644","SoundInitialValues","","1019241950","1019241950","2643","CAkSound","True","1019241950.wem","35683"
"2645","AkBankSourceData","","1019241950","1019241950","2644","SoundInitialValues","True","1019241950.wem","35683"
"2646","AkMediaInformation","","1019241950","1019241950","2645","AkBankSourceData","True","1019241950.wem","35683"
"2658","CAkSound","","208695542","208695542","109","HircChunk","True","208695542.wem","17063"
"2659","SoundInitialValues","","208695542","208695542","2658","CAkSound","True","208695542.wem","17063"
"2660","AkBankSourceData","","208695542","208695542","2659","SoundInitialValues","True","208695542.wem","17063"
"2661","AkMediaInformation","","208695542","208695542","2660","AkBankSourceData","True","208695542.wem","17063"
"2673","CAkSound","","252305306","252305306","109","HircChunk","True","252305306.wem","13275"
"2674","SoundInitialValues","","252305306","252305306","2673","CAkSound","True","252305306.wem","13275"
"2675","AkBankSourceData","","252305306","252305306","2674","SoundInitialValues","True","252305306.wem","13275"
"2676","AkMediaInformation","","252305306","252305306","2675","AkBankSourceData","True","252305306.wem","13275"
"2688","CAkSound","","876561326","876561326","109","HircChunk","True","876561326.wem","15560"
"2689","SoundInitialValues","","876561326","876561326","2688","CAkSound","True","876561326.wem","15560"
"2690","AkBankSourceData","","876561326","876561326","2689","SoundInitialValues","True","876561326.wem","15560"
"2691","AkMediaInformation","","876561326","876561326","2690","AkBankSourceData","True","876561326.wem","15560"
"2703","CAkSound","","300764624","300764624","109","HircChunk","True","300764624.wem","35971"
"2704","SoundInitialValues","","300764624","300764624","2703","CAkSound","True","300764624.wem","35971"
"2705","AkBankSourceData","","300764624","300764624","2704","SoundInitialValues","True","300764624.wem","35971"
"2706","AkMediaInformation","","300764624","300764624","2705","AkBankSourceData","True","300764624.wem","35971"
"2718","CAkSound","","613385637","613385637","109","HircChunk","True","613385637.wem","32984"
"2719","SoundInitialValues","","613385637","613385637","2718","CAkSound","True","613385637.wem","32984"
"2720","AkBankSourceData","","613385637","613385637","2719","SoundInitialValues","True","613385637.wem","32984"
"2721","AkMediaInformation","","613385637","613385637","2720","AkBankSourceData","True","613385637.wem","32984"
"2733","CAkSound","","867596762","867596762","109","HircChunk","True","867596762.wem","13002"
"2734","SoundInitialValues","","867596762","867596762","2733","CAkSound","True","867596762.wem","13002"
"2735","AkBankSourceData","","867596762","867596762","2734","SoundInitialValues","True","867596762.wem","13002"
"2736","AkMediaInformation","","867596762","867596762","2735","AkBankSourceData","True","867596762.wem","13002"
"2748","CAkSound","","375133198","375133198","109","HircChunk","True","375133198.wem","47577"
"2749","SoundInitialValues","","375133198","375133198","2748","CAkSound","True","375133198.wem","47577"
"2750","AkBankSourceData","","375133198","375133198","2749","SoundInitialValues","True","375133198.wem","47577"
"2751","AkMediaInformation","","375133198","375133198","2750","AkBankSourceData","True","375133198.wem","47577"
"2763","CAkSound","","757009109","757009109","109","HircChunk","True","757009109.wem","45927"
"2764","SoundInitialValues","","757009109","757009109","2763","CAkSound","True","757009109.wem","45927"
"2765","AkBankSourceData","","757009109","757009109","2764","SoundInitialValues","True","757009109.wem","45927"
"2766","AkMediaInformation","","757009109","757009109","2765","AkBankSourceData","True","757009109.wem","45927"
"2778","CAkSound","","27039803","27039803","109","HircChunk","True","27039803.wem","18321"
"2779","SoundInitialValues","","27039803","27039803","2778","CAkSound","True","27039803.wem","18321"
"2780","AkBankSourceData","","27039803","27039803","2779","SoundInitialValues","True","27039803.wem","18321"
"2781","AkMediaInformation","","27039803","27039803","2780","AkBankSourceData","True","27039803.wem","18321"
"2793","CAkSound","","387708242","387708242","109","HircChunk","True","387708242.wem","22058"
"2794","SoundInitialValues","","387708242","387708242","2793","CAkSound","True","387708242.wem","22058"
"2795","AkBankSourceData","","387708242","387708242","2794","SoundInitialValues","True","387708242.wem","22058"
"2796","AkMediaInformation","","387708242","387708242","2795","AkBankSourceData","True","387708242.wem","22058"
"2808","CAkSound","","423576560","423576560","109","HircChunk","True","423576560.wem","13329"
"2809","SoundInitialValues","","423576560","423576560","2808","CAkSound","True","423576560.wem","13329"
"2810","AkBankSourceData","","423576560","423576560","2809","SoundInitialValues","True","423576560.wem","13329"
"2811","AkMediaInformation","","423576560","423576560","2810","AkBankSourceData","True","423576560.wem","13329"
"2823","CAkSound","","1042630073","1042630073","109","HircChunk","True","1042630073.wem","11912"
"2824","SoundInitialValues","","1042630073","1042630073","2823","CAkSound","True","1042630073.wem","11912"
"2825","AkBankSourceData","","1042630073","1042630073","2824","SoundInitialValues","True","1042630073.wem","11912"
"2826","AkMediaInformation","","1042630073","1042630073","2825","AkBankSourceData","True","1042630073.wem","11912"
"2852","CAkSound","","206607860","206607860","109","HircChunk","True","206607860.wem","41671"
"2853","SoundInitialValues","","206607860","206607860","2852","CAkSound","True","206607860.wem","41671"
"2854","AkBankSourceData","","206607860","206607860","2853","SoundInitialValues","True","206607860.wem","41671"
"2855","AkMediaInformation","","206607860","206607860","2854","AkBankSourceData","True","206607860.wem","41671"
"2867","CAkSound","","122220929","122220929","109","HircChunk","True","122220929.wem","19713"
"2868","SoundInitialValues","","122220929","122220929","2867","CAkSound","True","122220929.wem","19713"
"2869","AkBankSourceData","","122220929","122220929","2868","SoundInitialValues","True","122220929.wem","19713"
"2870","AkMediaInformation","","122220929","122220929","2869","AkBankSourceData","True","122220929.wem","19713"
"2882","CAkSound","","225139994","225139994","109","HircChunk","True","225139994.wem","23014"
"2883","SoundInitialValues","","225139994","225139994","2882","CAkSound","True","225139994.wem","23014"
"2884","AkBankSourceData","","225139994","225139994","2883","SoundInitialValues","True","225139994.wem","23014"
"2885","AkMediaInformation","","225139994","225139994","2884","AkBankSourceData","True","225139994.wem","23014"
"2897","CAkSound","","920068327","920068327","109","HircChunk","True","920068327.wem","35854"
"2898","SoundInitialValues","","920068327","920068327","2897","CAkSound","True","920068327.wem","35854"
"2899","AkBankSourceData","","920068327","920068327","2898","SoundInitialValues","True","920068327.wem","35854"
"2900","AkMediaInformation","","920068327","920068327","2899","AkBankSourceData","True","920068327.wem","35854"
"2912","CAkSound","","145992104","145992104","109","HircChunk","True","145992104.wem","58373"
"2913","SoundInitialValues","","145992104","145992104","2912","CAkSound","True","145992104.wem","58373"
"2914","AkBankSourceData","","145992104","145992104","2913","SoundInitialValues","True","145992104.wem","58373"
"2915","AkMediaInformation","","145992104","145992104","2914","AkBankSourceData","True","145992104.wem","58373"
"2927","CAkSound","","774219807","774219807","109","HircChunk","True","774219807.wem","14451"
"2928","SoundInitialValues","","774219807","774219807","2927","CAkSound","True","774219807.wem","14451"
"2929","AkBankSourceData","","774219807","774219807","2928","SoundInitialValues","True","774219807.wem","14451"
"2930","AkMediaInformation","","774219807","774219807","2929","AkBankSourceData","True","774219807.wem","14451"
"2942","CAkSound","","590295318","590295318","109","HircChunk","True","590295318.wem","73666"
"2943","SoundInitialValues","","590295318","590295318","2942","CAkSound","True","590295318.wem","73666"
"2944","AkBankSourceData","","590295318","590295318","2943","SoundInitialValues","True","590295318.wem","73666"
"2945","AkMediaInformation","","590295318","590295318","2944","AkBankSourceData","True","590295318.wem","73666"
"2957","CAkSound","","1022616284","1022616284","109","HircChunk","True","1022616284.wem","56949"
"2958","SoundInitialValues","","1022616284","1022616284","2957","CAkSound","True","1022616284.wem","56949"
"2959","AkBankSourceData","","1022616284","1022616284","2958","SoundInitialValues","True","1022616284.wem","56949"
"2960","AkMediaInformation","","1022616284","1022616284","2959","AkBankSourceData","True","1022616284.wem","56949"
"2972","CAkSound","","24774449","24774449","109","HircChunk","True","24774449.wem","21237"
"2973","SoundInitialValues","","24774449","24774449","2972","CAkSound","True","24774449.wem","21237"
"2974","AkBankSourceData","","24774449","24774449","2973","SoundInitialValues","True","24774449.wem","21237"
"2975","AkMediaInformation","","24774449","24774449","2974","AkBankSourceData","True","24774449.wem","21237"
"2987","CAkSound","","731303406","731303406","109","HircChunk","True","731303406.wem","12633"
"2988","SoundInitialValues","","731303406","731303406","2987","CAkSound","True","731303406.wem","12633"
"2989","AkBankSourceData","","731303406","731303406","2988","SoundInitialValues","True","731303406.wem","12633"
"2990","AkMediaInformation","","731303406","731303406","2989","AkBankSourceData","True","731303406.wem","12633"
"3002","CAkSound","","500049807","500049807","109","HircChunk","True","500049807.wem","145339"
"3003","SoundInitialValues","","500049807","500049807","3002","CAkSound","True","500049807.wem","145339"
"3004","AkBankSourceData","","500049807","500049807","3003","SoundInitialValues","True","500049807.wem","145339"
"3005","AkMediaInformation","","500049807","500049807","3004","AkBankSourceData","True","500049807.wem","145339"
"3017","CAkSound","","272772371","272772371","109","HircChunk","True","272772371.wem","14118"
"3018","SoundInitialValues","","272772371","272772371","3017","CAkSound","True","272772371.wem","14118"
"3019","AkBankSourceData","","272772371","272772371","3018","SoundInitialValues","True","272772371.wem","14118"
"3020","AkMediaInformation","","272772371","272772371","3019","AkBankSourceData","True","272772371.wem","14118"
"3032","CAkSound","","920129876","920129876","109","HircChunk","True","920129876.wem","50600"
"3033","SoundInitialValues","","920129876","920129876","3032","CAkSound","True","920129876.wem","50600"
"3034","AkBankSourceData","","920129876","920129876","3033","SoundInitialValues","True","920129876.wem","50600"
"3035","AkMediaInformation","","920129876","920129876","3034","AkBankSourceData","True","920129876.wem","50600"
"3047","CAkSound","","809202668","809202668","109","HircChunk","True","809202668.wem","27854"
"3048","SoundInitialValues","","809202668","809202668","3047","CAkSound","True","809202668.wem","27854"
"3049","AkBankSourceData","","809202668","809202668","3048","SoundInitialValues","True","809202668.wem","27854"
"3050","AkMediaInformation","","809202668","809202668","3049","AkBankSourceData","True","809202668.wem","27854"
"3062","CAkSound","","698957989","698957989","109","HircChunk","True","698957989.wem","12633"
"3063","SoundInitialValues","","698957989","698957989","3062","CAkSound","True","698957989.wem","12633"
"3064","AkBankSourceData","","698957989","698957989","3063","SoundInitialValues","True","698957989.wem","12633"
"3065","AkMediaInformation","","698957989","698957989","3064","AkBankSourceData","True","698957989.wem","12633"
"3077","CAkSound","","621923253","621923253","109","HircChunk","True","621923253.wem","25062"
"3078","SoundInitialValues","","621923253","621923253","3077","CAkSound","True","621923253.wem","25062"
"3079","AkBankSourceData","","621923253","621923253","3078","SoundInitialValues","True","621923253.wem","25062"
"3080","AkMediaInformation","","621923253","621923253","3079","AkBankSourceData","True","621923253.wem","25062"
"3092","CAkSound","","238102054","238102054","109","HircChunk","True","238102054.wem","4822"
"3093","SoundInitialValues","","238102054","238102054","3092","CAkSound","True","238102054.wem","4822"
"3094","AkBankSourceData","","238102054","238102054","3093","SoundInitialValues","True","238102054.wem","4822"
"3095","AkMediaInformation","","238102054","238102054","3094","AkBankSourceData","True","238102054.wem","4822"
"3107","CAkSound","","705917216","705917216","109","HircChunk","True","705917216.wem","29639"
"3108","SoundInitialValues","","705917216","705917216","3107","CAkSound","True","705917216.wem","29639"
"3109","AkBankSourceData","","705917216","705917216","3108","SoundInitialValues","True","705917216.wem","29639"
"3110","AkMediaInformation","","705917216","705917216","3109","AkBankSourceData","True","705917216.wem","29639"
"3122","CAkSound","","282305378","282305378","109","HircChunk","True","282305378.wem","31435"
"3123","SoundInitialValues","","282305378","282305378","3122","CAkSound","True","282305378.wem","31435"
"3124","AkBankSourceData","","282305378","282305378","3123","SoundInitialValues","True","282305378.wem","31435"
"3125","AkMediaInformation","","282305378","282305378","3124","AkBankSourceData","True","282305378.wem","31435"
"3137","CAkSound","","86148928","86148928","109","HircChunk","True","86148928.wem","9947"
"3138","SoundInitialValues","","86148928","86148928","3137","CAkSound","True","86148928.wem","9947"
"3139","AkBankSourceData","","86148928","86148928","3138","SoundInitialValues","True","86148928.wem","9947"
"3140","AkMediaInformation","","86148928","86148928","3139","AkBankSourceData","True","86148928.wem","9947"
"3152","CAkSound","","1065946615","1065946615","109","HircChunk","True","1065946615.wem","36629"
"3153","SoundInitialValues","","1065946615","1065946615","3152","CAkSound","True","1065946615.wem","36629"
"3154","AkBankSourceData","","1065946615","1065946615","3153","SoundInitialValues","True","1065946615.wem","36629"
"3155","AkMediaInformation","","1065946615","1065946615","3154","AkBankSourceData","True","1065946615.wem","36629"
"3167","CAkSound","","927057568","927057568","109","HircChunk","True","927057568.wem","80478"
"3168","SoundInitialValues","","927057568","927057568","3167","CAkSound","True","927057568.wem","80478"
"3169","AkBankSourceData","","927057568","927057568","3168","SoundInitialValues","True","927057568.wem","80478"
"3170","AkMediaInformation","","927057568","927057568","3169","AkBankSourceData","True","927057568.wem","80478"
"3182","CAkSound","","947703177","947703177","109","HircChunk","True","947703177.wem","28974"
"3183","SoundInitialValues","","947703177","947703177","3182","CAkSound","True","947703177.wem","28974"
"3184","AkBankSourceData","","947703177","947703177","3183","SoundInitialValues","True","947703177.wem","28974"
"3185","AkMediaInformation","","947703177","947703177","3184","AkBankSourceData","True","947703177.wem","28974"
"3197","CAkSound","","149815371","149815371","109","HircChunk","True","149815371.wem","10395"
"3198","SoundInitialValues","","149815371","149815371","3197","CAkSound","True","149815371.wem","10395"
"3199","AkBankSourceData","","149815371","149815371","3198","SoundInitialValues","True","149815371.wem","10395"
"3200","AkMediaInformation","","149815371","149815371","3199","AkBankSourceData","True","149815371.wem","10395"
"3212","CAkSound","","147747681","147747681","109","HircChunk","True","147747681.wem","34671"
"3213","SoundInitialValues","","147747681","147747681","3212","CAkSound","True","147747681.wem","34671"
"3214","AkBankSourceData","","147747681","147747681","3213","SoundInitialValues","True","147747681.wem","34671"
"3215","AkMediaInformation","","147747681","147747681","3214","AkBankSourceData","True","147747681.wem","34671"
"3227","CAkSound","","718567021","718567021","109","HircChunk","True","718567021.wem","44305"
"3228","SoundInitialValues","","718567021","718567021","3227","CAkSound","True","718567021.wem","44305"
"3229","AkBankSourceData","","718567021","718567021","3228","SoundInitialValues","True","718567021.wem","44305"
"3230","AkMediaInformation","","718567021","718567021","3229","AkBankSourceData","True","718567021.wem","44305"
"3242","CAkSound","","511031568","511031568","109","HircChunk","True","511031568.wem","19242"
"3243","SoundInitialValues","","511031568","511031568","3242","CAkSound","True","511031568.wem","19242"
"3244","AkBankSourceData","","511031568","511031568","3243","SoundInitialValues","True","511031568.wem","19242"
"3245","AkMediaInformation","","511031568","511031568","3244","AkBankSourceData","True","511031568.wem","19242"
"3257","CAkSound","","116769263","116769263","109","HircChunk","True","116769263.wem","28579"
"3258","SoundInitialValues","","116769263","116769263","3257","CAkSound","True","116769263.wem","28579"
"3259","AkBankSourceData","","116769263","116769263","3258","SoundInitialValues","True","116769263.wem","28579"
"3260","AkMediaInformation","","116769263","116769263","3259","AkBankSourceData","True","116769263.wem","28579"
"3272","CAkSound","","310717457","310717457","109","HircChunk","True","310717457.wem","54369"
"3273","SoundInitialValues","","310717457","310717457","3272","CAkSound","True","310717457.wem","54369"
"3274","AkBankSourceData","","310717457","310717457","3273","SoundInitialValues","True","310717457.wem","54369"
"3275","AkMediaInformation","","310717457","310717457","3274","AkBankSourceData","True","310717457.wem","54369"
"3287","CAkSound","","808784971","808784971","109","HircChunk","True","808784971.wem","24493"
"3288","SoundInitialValues","","808784971","808784971","3287","CAkSound","True","808784971.wem","24493"
"3289","AkBankSourceData","","808784971","808784971","3288","SoundInitialValues","True","808784971.wem","24493"
"3290","AkMediaInformation","","808784971","808784971","3289","AkBankSourceData","True","808784971.wem","24493"
"3302","CAkSound","","548631672","548631672","109","HircChunk","True","548631672.wem","36508"
"3303","SoundInitialValues","","548631672","548631672","3302","CAkSound","True","548631672.wem","36508"
"3304","AkBankSourceData","","548631672","548631672","3303","SoundInitialValues","True","548631672.wem","36508"
"3305","AkMediaInformation","","548631672","548631672","3304","AkBankSourceData","True","548631672.wem","36508"
"3317","CAkSound","","730596321","730596321","109","HircChunk","True","730596321.wem","29638"
"3318","SoundInitialValues","","730596321","730596321","3317","CAkSound","True","730596321.wem","29638"
"3319","AkBankSourceData","","730596321","730596321","3318","SoundInitialValues","True","730596321.wem","29638"
"3320","AkMediaInformation","","730596321","730596321","3319","AkBankSourceData","True","730596321.wem","29638"
"3332","CAkSound","","496373118","496373118","109","HircChunk","True","496373118.wem","16313"
"3333","SoundInitialValues","","496373118","496373118","3332","CAkSound","True","496373118.wem","16313"
"3334","AkBankSourceData","","496373118","496373118","3333","SoundInitialValues","True","496373118.wem","16313"
"3335","AkMediaInformation","","496373118","496373118","3334","AkBankSourceData","True","496373118.wem","16313"
"3347","CAkSound","","930831490","930831490","109","HircChunk","True","930831490.wem","45229"
"3348","SoundInitialValues","","930831490","930831490","3347","CAkSound","True","930831490.wem","45229"
"3349","AkBankSourceData","","930831490","930831490","3348","SoundInitialValues","True","930831490.wem","45229"
"3350","AkMediaInformation","","930831490","930831490","3349","AkBankSourceData","True","930831490.wem","45229"
"3362","CAkSound","","956882359","956882359","109","HircChunk","True","956882359.wem","40140"
"3363","SoundInitialValues","","956882359","956882359","3362","CAkSound","True","956882359.wem","40140"
"3364","AkBankSourceData","","956882359","956882359","3363","SoundInitialValues","True","956882359.wem","40140"
"3365","AkMediaInformation","","956882359","956882359","3364","AkBankSourceData","True","956882359.wem","40140"
"3377","CAkSound","","336164338","336164338","109","HircChunk","True","336164338.wem","18627"
"3378","SoundInitialValues","","336164338","336164338","3377","CAkSound","True","336164338.wem","18627"
"3379","AkBankSourceData","","336164338","336164338","3378","SoundInitialValues","True","336164338.wem","18627"
"3380","AkMediaInformation","","336164338","336164338","3379","AkBankSourceData","True","336164338.wem","18627"
"3392","CAkSound","","344561946","344561946","109","HircChunk","True","344561946.wem","20413"
"3393","SoundInitialValues","","344561946","344561946","3392","CAkSound","True","344561946.wem","20413"
"3394","AkBankSourceData","","344561946","344561946","3393","SoundInitialValues","True","344561946.wem","20413"
"3395","AkMediaInformation","","344561946","344561946","3394","AkBankSourceData","True","344561946.wem","20413"
"3407","CAkSound","","765967550","765967550","109","HircChunk","True","765967550.wem","12488"
"3408","SoundInitialValues","","765967550","765967550","3407","CAkSound","True","765967550.wem","12488"
"3409","AkBankSourceData","","765967550","765967550","3408","SoundInitialValues","True","765967550.wem","12488"
"3410","AkMediaInformation","","765967550","765967550","3409","AkBankSourceData","True","765967550.wem","12488"
"3422","CAkSound","","139313318","139313318","109","HircChunk","True","139313318.wem","12585"
"3423","SoundInitialValues","","139313318","139313318","3422","CAkSound","True","139313318.wem","12585"
"3424","AkBankSourceData","","139313318","139313318","3423","SoundInitialValues","True","139313318.wem","12585"
"3425","AkMediaInformation","","139313318","139313318","3424","AkBankSourceData","True","139313318.wem","12585"
"3437","CAkSound","","561179109","561179109","109","HircChunk","True","561179109.wem","48493"
"3438","SoundInitialValues","","561179109","561179109","3437","CAkSound","True","561179109.wem","48493"
"3439","AkBankSourceData","","561179109","561179109","3438","SoundInitialValues","True","561179109.wem","48493"
"3440","AkMediaInformation","","561179109","561179109","3439","AkBankSourceData","True","561179109.wem","48493"
"3452","CAkSound","","252188113","252188113","109","HircChunk","True","252188113.wem","54004"
"3453","SoundInitialValues","","252188113","252188113","3452","CAkSound","True","252188113.wem","54004"
"3454","AkBankSourceData","","252188113","252188113","3453","SoundInitialValues","True","252188113.wem","54004"
"3455","AkMediaInformation","","252188113","252188113","3454","AkBankSourceData","True","252188113.wem","54004"
"3467","CAkSound","","927341555","927341555","109","HircChunk","True","927341555.wem","26181"
"3468","SoundInitialValues","","927341555","927341555","3467","CAkSound","True","927341555.wem","26181"
"3469","AkBankSourceData","","927341555","927341555","3468","SoundInitialValues","True","927341555.wem","26181"
"3470","AkMediaInformation","","927341555","927341555","3469","AkBankSourceData","True","927341555.wem","26181"
"3482","CAkSound","","474969243","474969243","109","HircChunk","True","474969243.wem","37946"
"3483","SoundInitialValues","","474969243","474969243","3482","CAkSound","True","474969243.wem","37946"
"3484","AkBankSourceData","","474969243","474969243","3483","SoundInitialValues","True","474969243.wem","37946"
"3485","AkMediaInformation","","474969243","474969243","3484","AkBankSourceData","True","474969243.wem","37946"
"3497","CAkSound","","583620332","583620332","109","HircChunk","True","583620332.wem","52201"
"3498","SoundInitialValues","","583620332","583620332","3497","CAkSound","True","583620332.wem","52201"
"3499","AkBankSourceData","","583620332","583620332","3498","SoundInitialValues","True","583620332.wem","52201"
"3500","AkMediaInformation","","583620332","583620332","3499","AkBankSourceData","True","583620332.wem","52201"
"3512","CAkSound","","18903818","18903818","109","HircChunk","True","18903818.wem","13349"
"3513","SoundInitialValues","","18903818","18903818","3512","CAkSound","True","18903818.wem","13349"
"3514","AkBankSourceData","","18903818","18903818","3513","SoundInitialValues","True","18903818.wem","13349"
"3515","AkMediaInformation","","18903818","18903818","3514","AkBankSourceData","True","18903818.wem","13349"
"3527","CAkSound","","233018484","233018484","109","HircChunk","True","233018484.wem","18488"
"3528","SoundInitialValues","","233018484","233018484","3527","CAkSound","True","233018484.wem","18488"
"3529","AkBankSourceData","","233018484","233018484","3528","SoundInitialValues","True","233018484.wem","18488"
"3530","AkMediaInformation","","233018484","233018484","3529","AkBankSourceData","True","233018484.wem","18488"
"3542","CAkSound","","836114481","836114481","109","HircChunk","True","836114481.wem","15571"
"3543","SoundInitialValues","","836114481","836114481","3542","CAkSound","True","836114481.wem","15571"
"3544","AkBankSourceData","","836114481","836114481","3543","SoundInitialValues","True","836114481.wem","15571"
"3545","AkMediaInformation","","836114481","836114481","3544","AkBankSourceData","True","836114481.wem","15571"
"3557","CAkSound","","285381545","285381545","109","HircChunk","True","285381545.wem","49254"
"3558","SoundInitialValues","","285381545","285381545","3557","CAkSound","True","285381545.wem","49254"
"3559","AkBankSourceData","","285381545","285381545","3558","SoundInitialValues","True","285381545.wem","49254"
"3560","AkMediaInformation","","285381545","285381545","3559","AkBankSourceData","True","285381545.wem","49254"
"3572","CAkSound","","564389244","564389244","109","HircChunk","True","564389244.wem","42507"
"3573","SoundInitialValues","","564389244","564389244","3572","CAkSound","True","564389244.wem","42507"
"3574","AkBankSourceData","","564389244","564389244","3573","SoundInitialValues","True","564389244.wem","42507"
"3575","AkMediaInformation","","564389244","564389244","3574","AkBankSourceData","True","564389244.wem","42507"
"3587","CAkSound","","36771323","36771323","109","HircChunk","True","36771323.wem","32750"
"3588","SoundInitialValues","","36771323","36771323","3587","CAkSound","True","36771323.wem","32750"
"3589","AkBankSourceData","","36771323","36771323","3588","SoundInitialValues","True","36771323.wem","32750"
"3590","AkMediaInformation","","36771323","36771323","3589","AkBankSourceData","True","36771323.wem","32750"
"3602","CAkSound","","336643644","336643644","109","HircChunk","True","336643644.wem","33464"
"3603","SoundInitialValues","","336643644","336643644","3602","CAkSound","True","336643644.wem","33464"
"3604","AkBankSourceData","","336643644","336643644","3603","SoundInitialValues","True","336643644.wem","33464"
"3605","AkMediaInformation","","336643644","336643644","3604","AkBankSourceData","True","336643644.wem","33464"
"3617","CAkSound","","429842192","429842192","109","HircChunk","True","429842192.wem","67266"
"3618","SoundInitialValues","","429842192","429842192","3617","CAkSound","True","429842192.wem","67266"
"3619","AkBankSourceData","","429842192","429842192","3618","SoundInitialValues","True","429842192.wem","67266"
"3620","AkMediaInformation","","429842192","429842192","3619","AkBankSourceData","True","429842192.wem","67266"
"3632","CAkSound","","622342419","622342419","109","HircChunk","True","622342419.wem","26362"
"3633","SoundInitialValues","","622342419","622342419","3632","CAkSound","True","622342419.wem","26362"
"3634","AkBankSourceData","","622342419","622342419","3633","SoundInitialValues","True","622342419.wem","26362"
"3635","AkMediaInformation","","622342419","622342419","3634","AkBankSourceData","True","622342419.wem","26362"
"3647","CAkSound","","103162336","103162336","109","HircChunk","True","103162336.wem","44944"
"3648","SoundInitialValues","","103162336","103162336","3647","CAkSound","True","103162336.wem","44944"
"3649","AkBankSourceData","","103162336","103162336","3648","SoundInitialValues","True","103162336.wem","44944"
"3650","AkMediaInformation","","103162336","103162336","3649","AkBankSourceData","True","103162336.wem","44944"
"3662","CAkSound","","506104412","506104412","109","HircChunk","True","506104412.wem","62981"
"3663","SoundInitialValues","","506104412","506104412","3662","CAkSound","True","506104412.wem","62981"
"3664","AkBankSourceData","","506104412","506104412","3663","SoundInitialValues","True","506104412.wem","62981"
"3665","AkMediaInformation","","506104412","506104412","3664","AkBankSourceData","True","506104412.wem","62981"
"3677","CAkSound","","494989785","494989785","109","HircChunk","True","494989785.wem","23559"
"3678","SoundInitialValues","","494989785","494989785","3677","CAkSound","True","494989785.wem","23559"
"3679","AkBankSourceData","","494989785","494989785","3678","SoundInitialValues","True","494989785.wem","23559"
"3680","AkMediaInformation","","494989785","494989785","3679","AkBankSourceData","True","494989785.wem","23559"
"3692","CAkSound","","120459133","120459133","109","HircChunk","True","120459133.wem","21402"
"3693","SoundInitialValues","","120459133","120459133","3692","CAkSound","True","120459133.wem","21402"
"3694","AkBankSourceData","","120459133","120459133","3693","SoundInitialValues","True","120459133.wem","21402"
"3695","AkMediaInformation","","120459133","120459133","3694","AkBankSourceData","True","120459133.wem","21402"
"3707","CAkSound","","609279557","609279557","109","HircChunk","True","609279557.wem","54324"
"3708","SoundInitialValues","","609279557","609279557","3707","CAkSound","True","609279557.wem","54324"
"3709","AkBankSourceData","","609279557","609279557","3708","SoundInitialValues","True","609279557.wem","54324"
"3710","AkMediaInformation","","609279557","609279557","3709","AkBankSourceData","True","609279557.wem","54324"
"3722","CAkSound","","583113460","583113460","109","HircChunk","True","583113460.wem","19196"
"3723","SoundInitialValues","","583113460","583113460","3722","CAkSound","True","583113460.wem","19196"
"3724","AkBankSourceData","","583113460","583113460","3723","SoundInitialValues","True","583113460.wem","19196"
"3725","AkMediaInformation","","583113460","583113460","3724","AkBankSourceData","True","583113460.wem","19196"
"3737","CAkSound","","936295321","936295321","109","HircChunk","True","936295321.wem","25159"
"3738","SoundInitialValues","","936295321","936295321","3737","CAkSound","True","936295321.wem","25159"
"3739","AkBankSourceData","","936295321","936295321","3738","SoundInitialValues","True","936295321.wem","25159"
"3740","AkMediaInformation","","936295321","936295321","3739","AkBankSourceData","True","936295321.wem","25159"
"3752","CAkSound","","222265191","222265191","109","HircChunk","True","222265191.wem","28588"
"3753","SoundInitialValues","","222265191","222265191","3752","CAkSound","True","222265191.wem","28588"
"3754","AkBankSourceData","","222265191","222265191","3753","SoundInitialValues","True","222265191.wem","28588"
"3755","AkMediaInformation","","222265191","222265191","3754","AkBankSourceData","True","222265191.wem","28588"
"3767","CAkSound","","182563901","182563901","109","HircChunk","True","182563901.wem","31880"
"3768","SoundInitialValues","","182563901","182563901","3767","CAkSound","True","182563901.wem","31880"
"3769","AkBankSourceData","","182563901","182563901","3768","SoundInitialValues","True","182563901.wem","31880"
"3770","AkMediaInformation","","182563901","182563901","3769","AkBankSourceData","True","182563901.wem","31880"
"3782","CAkSound","","866356484","866356484","109","HircChunk","True","866356484.wem","16157"
"3783","SoundInitialValues","","866356484","866356484","3782","CAkSound","True","866356484.wem","16157"
"3784","AkBankSourceData","","866356484","866356484","3783","SoundInitialValues","True","866356484.wem","16157"
"3785","AkMediaInformation","","866356484","866356484","3784","AkBankSourceData","True","866356484.wem","16157"
"3797","CAkSound","","736682789","736682789","109","HircChunk","True","736682789.wem","54138"
"3798","SoundInitialValues","","736682789","736682789","3797","CAkSound","True","736682789.wem","54138"
"3799","AkBankSourceData","","736682789","736682789","3798","SoundInitialValues","True","736682789.wem","54138"
"3800","AkMediaInformation","","736682789","736682789","3799","AkBankSourceData","True","736682789.wem","54138"
"3812","CAkSound","","897931311","897931311","109","HircChunk","True","897931311.wem","11793"
"3813","SoundInitialValues","","897931311","897931311","3812","CAkSound","True","897931311.wem","11793"
"3814","AkBankSourceData","","897931311","897931311","3813","SoundInitialValues","True","897931311.wem","11793"
"3815","AkMediaInformation","","897931311","897931311","3814","AkBankSourceData","True","897931311.wem","11793"
"3827","CAkSound","","21773969","21773969","109","HircChunk","True","21773969.wem","58053"
"3828","SoundInitialValues","","21773969","21773969","3827","CAkSound","True","21773969.wem","58053"
"3829","AkBankSourceData","","21773969","21773969","3828","SoundInitialValues","True","21773969.wem","58053"
"3830","AkMediaInformation","","21773969","21773969","3829","AkBankSourceData","True","21773969.wem","58053"
"3842","CAkSound","","471755574","471755574","109","HircChunk","True","471755574.wem","62948"
"3843","SoundInitialValues","","471755574","471755574","3842","CAkSound","True","471755574.wem","62948"
"3844","AkBankSourceData","","471755574","471755574","3843","SoundInitialValues","True","471755574.wem","62948"
"3845","AkMediaInformation","","471755574","471755574","3844","AkBankSourceData","True","471755574.wem","62948"
"3857","CAkSound","","136642407","136642407","109","HircChunk","True","136642407.wem","14412"
"3858","SoundInitialValues","","136642407","136642407","3857","CAkSound","True","136642407.wem","14412"
"3859","AkBankSourceData","","136642407","136642407","3858","SoundInitialValues","True","136642407.wem","14412"
"3860","AkMediaInformation","","136642407","136642407","3859","AkBankSourceData","True","136642407.wem","14412"
"3872","CAkSound","","781960931","781960931","109","HircChunk","True","781960931.wem","21324"
"3873","SoundInitialValues","","781960931","781960931","3872","CAkSound","True","781960931.wem","21324"
"3874","AkBankSourceData","","781960931","781960931","3873","SoundInitialValues","True","781960931.wem","21324"
"3875","AkMediaInformation","","781960931","781960931","3874","AkBankSourceData","True","781960931.wem","21324"
"3887","CAkSound","","149097461","149097461","109","HircChunk","True","149097461.wem","25040"
"3888","SoundInitialValues","","149097461","149097461","3887","CAkSound","True","149097461.wem","25040"
"3889","AkBankSourceData","","149097461","149097461","3888","SoundInitialValues","True","149097461.wem","25040"
"3890","AkMediaInformation","","149097461","149097461","3889","AkBankSourceData","True","149097461.wem","25040"
"3902","CAkSound","","402148274","402148274","109","HircChunk","True","402148274.wem","10316"
"3903","SoundInitialValues","","402148274","402148274","3902","CAkSound","True","402148274.wem","10316"
"3904","AkBankSourceData","","402148274","402148274","3903","SoundInitialValues","True","402148274.wem","10316"
"3905","AkMediaInformation","","402148274","402148274","3904","AkBankSourceData","True","402148274.wem","10316"
"3917","CAkSound","","104766979","104766979","109","HircChunk","True","104766979.wem","27187"
"3918","SoundInitialValues","","104766979","104766979","3917","CAkSound","True","104766979.wem","27187"
"3919","AkBankSourceData","","104766979","104766979","3918","SoundInitialValues","True","104766979.wem","27187"
"3920","AkMediaInformation","","104766979","104766979","3919","AkBankSourceData","True","104766979.wem","27187"
"3932","CAkSound","","846936539","846936539","109","HircChunk","True","846936539.wem","39695"
"3933","SoundInitialValues","","846936539","846936539","3932","CAkSound","True","846936539.wem","39695"
"3934","AkBankSourceData","","846936539","846936539","3933","SoundInitialValues","True","846936539.wem","39695"
"3935","AkMediaInformation","","846936539","846936539","3934","AkBankSourceData","True","846936539.wem","39695"
"3947","CAkSound","","382335453","382335453","109","HircChunk","True","382335453.wem","31542"
"3948","SoundInitialValues","","382335453","382335453","3947","CAkSound","True","382335453.wem","31542"
"3949","AkBankSourceData","","382335453","382335453","3948","SoundInitialValues","True","382335453.wem","31542"
"3950","AkMediaInformation","","382335453","382335453","3949","AkBankSourceData","True","382335453.wem","31542"
"3962","CAkSound","","284086785","284086785","109","HircChunk","True","284086785.wem","13699"
"3963","SoundInitialValues","","284086785","284086785","3962","CAkSound","True","284086785.wem","13699"
"3964","AkBankSourceData","","284086785","284086785","3963","SoundInitialValues","True","284086785.wem","13699"
"3965","AkMediaInformation","","284086785","284086785","3964","AkBankSourceData","True","284086785.wem","13699"
"3977","CAkSound","","493162889","493162889","109","HircChunk","True","493162889.wem","16099"
"3978","SoundInitialValues","","493162889","493162889","3977","CAkSound","True","493162889.wem","16099"
"3979","AkBankSourceData","","493162889","493162889","3978","SoundInitialValues","True","493162889.wem","16099"
"3980","AkMediaInformation","","493162889","493162889","3979","AkBankSourceData","True","493162889.wem","16099"
"3992","CAkSound","","557983551","557983551","109","HircChunk","True","557983551.wem","27681"
"3993","SoundInitialValues","","557983551","557983551","3992","CAkSound","True","557983551.wem","27681"
"3994","AkBankSourceData","","557983551","557983551","3993","SoundInitialValues","True","557983551.wem","27681"
"3995","AkMediaInformation","","557983551","557983551","3994","AkBankSourceData","True","557983551.wem","27681"
"4007","CAkSound","","287207942","287207942","109","HircChunk","True","287207942.wem","31761"
"4008","SoundInitialValues","","287207942","287207942","4007","CAkSound","True","287207942.wem","31761"
"4009","AkBankSourceData","","287207942","287207942","4008","SoundInitialValues","True","287207942.wem","31761"
"4010","AkMediaInformation","","287207942","287207942","4009","AkBankSourceData","True","287207942.wem","31761"
"4022","CAkSound","","206247569","206247569","109","HircChunk","True","206247569.wem","14893"
"4023","SoundInitialValues","","206247569","206247569","4022","CAkSound","True","206247569.wem","14893"
"4024","AkBankSourceData","","206247569","206247569","4023","SoundInitialValues","True","206247569.wem","14893"
"4025","AkMediaInformation","","206247569","206247569","4024","AkBankSourceData","True","206247569.wem","14893"
"4037","CAkSound","","840613763","840613763","109","HircChunk","True","840613763.wem","26543"
"4038","SoundInitialValues","","840613763","840613763","4037","CAkSound","True","840613763.wem","26543"
"4039","AkBankSourceData","","840613763","840613763","4038","SoundInitialValues","True","840613763.wem","26543"
"4040","AkMediaInformation","","840613763","840613763","4039","AkBankSourceData","True","840613763.wem","26543"
"4052","CAkSound","","701213895","701213895","109","HircChunk","True","701213895.wem","12943"
"4053","SoundInitialValues","","701213895","701213895","4052","CAkSound","True","701213895.wem","12943"
"4054","AkBankSourceData","","701213895","701213895","4053","SoundInitialValues","True","701213895.wem","12943"
"4055","AkMediaInformation","","701213895","701213895","4054","AkBankSourceData","True","701213895.wem","12943"
"4067","CAkSound","","840654523","840654523","109","HircChunk","True","840654523.wem","30042"
"4068","SoundInitialValues","","840654523","840654523","4067","CAkSound","True","840654523.wem","30042"
"4069","AkBankSourceData","","840654523","840654523","4068","SoundInitialValues","True","840654523.wem","30042"
"4070","AkMediaInformation","","840654523","840654523","4069","AkBankSourceData","True","840654523.wem","30042"
"4082","CAkSound","","561127797","561127797","109","HircChunk","True","561127797.wem","32059"
"4083","SoundInitialValues","","561127797","561127797","4082","CAkSound","True","561127797.wem","32059"
"4084","AkBankSourceData","","561127797","561127797","4083","SoundInitialValues","True","561127797.wem","32059"
"4085","AkMediaInformation","","561127797","561127797","4084","AkBankSourceData","True","561127797.wem","32059"
"4097","CAkSound","","148307580","148307580","109","HircChunk","True","148307580.wem","18500"
"4098","SoundInitialValues","","148307580","148307580","4097","CAkSound","True","148307580.wem","18500"
"4099","AkBankSourceData","","148307580","148307580","4098","SoundInitialValues","True","148307580.wem","18500"
"4100","AkMediaInformation","","148307580","148307580","4099","AkBankSourceData","True","148307580.wem","18500"
"4112","CAkSound","","428355477","428355477","109","HircChunk","True","428355477.wem","21799"
"4113","SoundInitialValues","","428355477","428355477","4112","CAkSound","True","428355477.wem","21799"
"4114","AkBankSourceData","","428355477","428355477","4113","SoundInitialValues","True","428355477.wem","21799"
"4115","AkMediaInformation","","428355477","428355477","4114","AkBankSourceData","True","428355477.wem","21799"
"4127","CAkSound","","846965701","846965701","109","HircChunk","True","846965701.wem","24643"
"4128","SoundInitialValues","","846965701","846965701","4127","CAkSound","True","846965701.wem","24643"
"4129","AkBankSourceData","","846965701","846965701","4128","SoundInitialValues","True","846965701.wem","24643"
"4130","AkMediaInformation","","846965701","846965701","4129","AkBankSourceData","True","846965701.wem","24643"
"4142","CAkSound","","688599799","688599799","109","HircChunk","True","688599799.wem","20484"
"4143","SoundInitialValues","","688599799","688599799","4142","CAkSound","True","688599799.wem","20484"
"4144","AkBankSourceData","","688599799","688599799","4143","SoundInitialValues","True","688599799.wem","20484"
"4145","AkMediaInformation","","688599799","688599799","4144","AkBankSourceData","True","688599799.wem","20484"
"4157","CAkSound","","268025381","268025381","109","HircChunk","True","268025381.wem","34800"
"4158","SoundInitialValues","","268025381","268025381","4157","CAkSound","True","268025381.wem","34800"
"4159","AkBankSourceData","","268025381","268025381","4158","SoundInitialValues","True","268025381.wem","34800"
"4160","AkMediaInformation","","268025381","268025381","4159","AkBankSourceData","True","268025381.wem","34800"
"4172","CAkSound","","31944517","31944517","109","HircChunk","True","31944517.wem","12769"
"4173","SoundInitialValues","","31944517","31944517","4172","CAkSound","True","31944517.wem","12769"
"4174","AkBankSourceData","","31944517","31944517","4173","SoundInitialValues","True","31944517.wem","12769"
"4175","AkMediaInformation","","31944517","31944517","4174","AkBankSourceData","True","31944517.wem","12769"
"4187","CAkSound","","904508579","904508579","109","HircChunk","True","904508579.wem","40574"
"4188","SoundInitialValues","","904508579","904508579","4187","CAkSound","True","904508579.wem","40574"
"4189","AkBankSourceData","","904508579","904508579","4188","SoundInitialValues","True","904508579.wem","40574"
"4190","AkMediaInformation","","904508579","904508579","4189","AkBankSourceData","True","904508579.wem","40574"
"4202","CAkSound","","212177027","212177027","109","HircChunk","True","212177027.wem","37393"
"4203","SoundInitialValues","","212177027","212177027","4202","CAkSound","True","212177027.wem","37393"
"4204","AkBankSourceData","","212177027","212177027","4203","SoundInitialValues","True","212177027.wem","37393"
"4205","AkMediaInformation","","212177027","212177027","4204","AkBankSourceData","True","212177027.wem","37393"
"4217","CAkSound","","867267413","867267413","109","HircChunk","True","867267413.wem","17078"
"4218","SoundInitialValues","","867267413","867267413","4217","CAkSound","True","867267413.wem","17078"
"4219","AkBankSourceData","","867267413","867267413","4218","SoundInitialValues","True","867267413.wem","17078"
"4220","AkMediaInformation","","867267413","867267413","4219","AkBankSourceData","True","867267413.wem","17078"
"4232","CAkSound","","1056241236","1056241236","109","HircChunk","True","1056241236.wem","41552"
"4233","SoundInitialValues","","1056241236","1056241236","4232","CAkSound","True","1056241236.wem","41552"
"4234","AkBankSourceData","","1056241236","1056241236","4233","SoundInitialValues","True","1056241236.wem","41552"
"4235","AkMediaInformation","","1056241236","1056241236","4234","AkBankSourceData","True","1056241236.wem","41552"
"4247","CAkSound","","1011669277","1011669277","109","HircChunk","True","1011669277.wem","25204"
"4248","SoundInitialValues","","1011669277","1011669277","4247","CAkSound","True","1011669277.wem","25204"
"4249","AkBankSourceData","","1011669277","1011669277","4248","SoundInitialValues","True","1011669277.wem","25204"
"4250","AkMediaInformation","","1011669277","1011669277","4249","AkBankSourceData","True","1011669277.wem","25204"
"4262","CAkSound","","2575341","2575341","109","HircChunk","True","2575341.wem","44809"
"4263","SoundInitialValues","","2575341","2575341","4262","CAkSound","True","2575341.wem","44809"
"4264","AkBankSourceData","","2575341","2575341","4263","SoundInitialValues","True","2575341.wem","44809"
"4265","AkMediaInformation","","2575341","2575341","4264","AkBankSourceData","True","2575341.wem","44809"
"4277","CAkSound","","488360730","488360730","109","HircChunk","True","488360730.wem","24327"
"4278","SoundInitialValues","","488360730","488360730","4277","CAkSound","True","488360730.wem","24327"
"4279","AkBankSourceData","","488360730","488360730","4278","SoundInitialValues","True","488360730.wem","24327"
"4280","AkMediaInformation","","488360730","488360730","4279","AkBankSourceData","True","488360730.wem","24327"
"4292","CAkSound","","589745889","589745889","109","HircChunk","True","589745889.wem","18830"
"4293","SoundInitialValues","","589745889","589745889","4292","CAkSound","True","589745889.wem","18830"
"4294","AkBankSourceData","","589745889","589745889","4293","SoundInitialValues","True","589745889.wem","18830"
"4295","AkMediaInformation","","589745889","589745889","4294","AkBankSourceData","True","589745889.wem","18830"
"4307","CAkSound","","895500184","895500184","109","HircChunk","True","895500184.wem","42000"
"4308","SoundInitialValues","","895500184","895500184","4307","CAkSound","True","895500184.wem","42000"
"4309","AkBankSourceData","","895500184","895500184","4308","SoundInitialValues","True","895500184.wem","42000"
"4310","AkMediaInformation","","895500184","895500184","4309","AkBankSourceData","True","895500184.wem","42000"
"4322","CAkSound","","798490929","798490929","109","HircChunk","True","798490929.wem","12113"
"4323","SoundInitialValues","","798490929","798490929","4322","CAkSound","True","798490929.wem","12113"
"4324","AkBankSourceData","","798490929","798490929","4323","SoundInitialValues","True","798490929.wem","12113"
"4325","AkMediaInformation","","798490929","798490929","4324","AkBankSourceData","True","798490929.wem","12113"
"4337","CAkSound","","966190588","966190588","109","HircChunk","True","966190588.wem","35659"
"4338","SoundInitialValues","","966190588","966190588","4337","CAkSound","True","966190588.wem","35659"
"4339","AkBankSourceData","","966190588","966190588","4338","SoundInitialValues","True","966190588.wem","35659"
"4340","AkMediaInformation","","966190588","966190588","4339","AkBankSourceData","True","966190588.wem","35659"
"4366","CAkSound","","314504782","314504782","109","HircChunk","True","314504782.wem","6786"
"4367","SoundInitialValues","","314504782","314504782","4366","CAkSound","True","314504782.wem","6786"
"4368","AkBankSourceData","","314504782","314504782","4367","SoundInitialValues","True","314504782.wem","6786"
"4369","AkMediaInformation","","314504782","314504782","4368","AkBankSourceData","True","314504782.wem","6786"
"4381","CAkSound","","323982226","323982226","109","HircChunk","True","323982226.wem","111411"
"4382","SoundInitialValues","","323982226","323982226","4381","CAkSound","True","323982226.wem","111411"
"4383","AkBankSourceData","","323982226","323982226","4382","SoundInitialValues","True","323982226.wem","111411"
"4384","AkMediaInformation","","323982226","323982226","4383","AkBankSourceData","True","323982226.wem","111411"
"4396","CAkSound","","265251714","265251714","109","HircChunk","True","265251714.wem","37642"
"4397","SoundInitialValues","","265251714","265251714","4396","CAkSound","True","265251714.wem","37642"
"4398","AkBankSourceData","","265251714","265251714","4397","SoundInitialValues","True","265251714.wem","37642"
"4399","AkMediaInformation","","265251714","265251714","4398","AkBankSourceData","True","265251714.wem","37642"
"4411","CAkSound","","996950021","996950021","109","HircChunk","True","996950021.wem","29690"
"4412","SoundInitialValues","","996950021","996950021","4411","CAkSound","True","996950021.wem","29690"
"4413","AkBankSourceData","","996950021","996950021","4412","SoundInitialValues","True","996950021.wem","29690"
"4414","AkMediaInformation","","996950021","996950021","4413","AkBankSourceData","True","996950021.wem","29690"
"4426","CAkSound","","1071813657","1071813657","109","HircChunk","True","1071813657.wem","21568"
"4427","SoundInitialValues","","1071813657","1071813657","4426","CAkSound","True","1071813657.wem","21568"
"4428","AkBankSourceData","","1071813657","1071813657","4427","SoundInitialValues","True","1071813657.wem","21568"
"4429","AkMediaInformation","","1071813657","1071813657","4428","AkBankSourceData","True","1071813657.wem","21568"
"4441","CAkSound","","937859725","937859725","109","HircChunk","True","937859725.wem","29095"
"4442","SoundInitialValues","","937859725","937859725","4441","CAkSound","True","937859725.wem","29095"
"4443","AkBankSourceData","","937859725","937859725","4442","SoundInitialValues","True","937859725.wem","29095"
"4444","AkMediaInformation","","937859725","937859725","4443","AkBankSourceData","True","937859725.wem","29095"
"4456","CAkSound","","816378630","816378630","109","HircChunk","True","816378630.wem","9291"
"4457","SoundInitialValues","","816378630","816378630","4456","CAkSound","True","816378630.wem","9291"
"4458","AkBankSourceData","","816378630","816378630","4457","SoundInitialValues","True","816378630.wem","9291"
"4459","AkMediaInformation","","816378630","816378630","4458","AkBankSourceData","True","816378630.wem","9291"
"4471","CAkSound","","763581127","763581127","109","HircChunk","True","763581127.wem","35562"
"4472","SoundInitialValues","","763581127","763581127","4471","CAkSound","True","763581127.wem","35562"
"4473","AkBankSourceData","","763581127","763581127","4472","SoundInitialValues","True","763581127.wem","35562"
"4474","AkMediaInformation","","763581127","763581127","4473","AkBankSourceData","True","763581127.wem","35562"
"4486","CAkSound","","908775499","908775499","109","HircChunk","True","908775499.wem","12986"
"4487","SoundInitialValues","","908775499","908775499","4486","CAkSound","True","908775499.wem","12986"
"4488","AkBankSourceData","","908775499","908775499","4487","SoundInitialValues","True","908775499.wem","12986"
"4489","AkMediaInformation","","908775499","908775499","4488","AkBankSourceData","True","908775499.wem","12986"
"4501","CAkSound","","760561591","760561591","109","HircChunk","True","760561591.wem","12138"
"4502","SoundInitialValues","","760561591","760561591","4501","CAkSound","True","760561591.wem","12138"
"4503","AkBankSourceData","","760561591","760561591","4502","SoundInitialValues","True","760561591.wem","12138"
"4504","AkMediaInformation","","760561591","760561591","4503","AkBankSourceData","True","760561591.wem","12138"
"4516","CAkSound","","394844575","394844575","109","HircChunk","True","394844575.wem","40535"
"4517","SoundInitialValues","","394844575","394844575","4516","CAkSound","True","394844575.wem","40535"
"4518","AkBankSourceData","","394844575","394844575","4517","SoundInitialValues","True","394844575.wem","40535"
"4519","AkMediaInformation","","394844575","394844575","4518","AkBankSourceData","True","394844575.wem","40535"
"4531","CAkSound","","1050251054","1050251054","109","HircChunk","True","1050251054.wem","50543"
"4532","SoundInitialValues","","1050251054","1050251054","4531","CAkSound","True","1050251054.wem","50543"
"4533","AkBankSourceData","","1050251054","1050251054","4532","SoundInitialValues","True","1050251054.wem","50543"
"4534","AkMediaInformation","","1050251054","1050251054","4533","AkBankSourceData","True","1050251054.wem","50543"
"4546","CAkSound","","656128884","656128884","109","HircChunk","True","656128884.wem","38429"
"4547","SoundInitialValues","","656128884","656128884","4546","CAkSound","True","656128884.wem","38429"
"4548","AkBankSourceData","","656128884","656128884","4547","SoundInitialValues","True","656128884.wem","38429"
"4549","AkMediaInformation","","656128884","656128884","4548","AkBankSourceData","True","656128884.wem","38429"
"4561","CAkSound","","231986273","231986273","109","HircChunk","True","231986273.wem","42053"
"4562","SoundInitialValues","","231986273","231986273","4561","CAkSound","True","231986273.wem","42053"
"4563","AkBankSourceData","","231986273","231986273","4562","SoundInitialValues","True","231986273.wem","42053"
"4564","AkMediaInformation","","231986273","231986273","4563","AkBankSourceData","True","231986273.wem","42053"
"4576","CAkSound","","579883385","579883385","109","HircChunk","True","579883385.wem","20067"
"4577","SoundInitialValues","","579883385","579883385","4576","CAkSound","True","579883385.wem","20067"
"4578","AkBankSourceData","","579883385","579883385","4577","SoundInitialValues","True","579883385.wem","20067"
"4579","AkMediaInformation","","579883385","579883385","4578","AkBankSourceData","True","579883385.wem","20067"
"4591","CAkSound","","25842541","25842541","109","HircChunk","True","25842541.wem","48596"
"4592","SoundInitialValues","","25842541","25842541","4591","CAkSound","True","25842541.wem","48596"
"4593","AkBankSourceData","","25842541","25842541","4592","SoundInitialValues","True","25842541.wem","48596"
"4594","AkMediaInformation","","25842541","25842541","4593","AkBankSourceData","True","25842541.wem","48596"
"4606","CAkSound","","326337733","326337733","109","HircChunk","True","326337733.wem","44055"
"4607","SoundInitialValues","","326337733","326337733","4606","CAkSound","True","326337733.wem","44055"
"4608","AkBankSourceData","","326337733","326337733","4607","SoundInitialValues","True","326337733.wem","44055"
"4609","AkMediaInformation","","326337733","326337733","4608","AkBankSourceData","True","326337733.wem","44055"
"4621","CAkSound","","688622186","688622186","109","HircChunk","True","688622186.wem","41981"
"4622","SoundInitialValues","","688622186","688622186","4621","CAkSound","True","688622186.wem","41981"
"4623","AkBankSourceData","","688622186","688622186","4622","SoundInitialValues","True","688622186.wem","41981"
"4624","AkMediaInformation","","688622186","688622186","4623","AkBankSourceData","True","688622186.wem","41981"
"4636","CAkSound","","948839576","948839576","109","HircChunk","True","948839576.wem","10907"
"4637","SoundInitialValues","","948839576","948839576","4636","CAkSound","True","948839576.wem","10907"
"4638","AkBankSourceData","","948839576","948839576","4637","SoundInitialValues","True","948839576.wem","10907"
"4639","AkMediaInformation","","948839576","948839576","4638","AkBankSourceData","True","948839576.wem","10907"
"4651","CAkSound","","34453711","34453711","109","HircChunk","True","34453711.wem","18389"
"4652","SoundInitialValues","","34453711","34453711","4651","CAkSound","True","34453711.wem","18389"
"4653","AkBankSourceData","","34453711","34453711","4652","SoundInitialValues","True","34453711.wem","18389"
"4654","AkMediaInformation","","34453711","34453711","4653","AkBankSourceData","True","34453711.wem","18389"
"4666","CAkSound","","198440592","198440592","109","HircChunk","True","198440592.wem","231216"
"4667","SoundInitialValues","","198440592","198440592","4666","CAkSound","True","198440592.wem","231216"
"4668","AkBankSourceData","","198440592","198440592","4667","SoundInitialValues","True","198440592.wem","231216"
"4669","AkMediaInformation","","198440592","198440592","4668","AkBankSourceData","True","198440592.wem","231216"
"4681","CAkSound","","781774049","781774049","109","HircChunk","True","781774049.wem","80336"
"4682","SoundInitialValues","","781774049","781774049","4681","CAkSound","True","781774049.wem","80336"
"4683","AkBankSourceData","","781774049","781774049","4682","SoundInitialValues","True","781774049.wem","80336"
"4684","AkMediaInformation","","781774049","781774049","4683","AkBankSourceData","True","781774049.wem","80336"
"4696","CAkSound","","980150240","980150240","109","HircChunk","True","980150240.wem","81743"
"4697","SoundInitialValues","","980150240","980150240","4696","CAkSound","True","980150240.wem","81743"
"4698","AkBankSourceData","","980150240","980150240","4697","SoundInitialValues","True","980150240.wem","81743"
"4699","AkMediaInformation","","980150240","980150240","4698","AkBankSourceData","True","980150240.wem","81743"
"4711","CAkSound","","821440897","821440897","109","HircChunk","True","821440897.wem","13012"
"4712","SoundInitialValues","","821440897","821440897","4711","CAkSound","True","821440897.wem","13012"
"4713","AkBankSourceData","","821440897","821440897","4712","SoundInitialValues","True","821440897.wem","13012"
"4714","AkMediaInformation","","821440897","821440897","4713","AkBankSourceData","True","821440897.wem","13012"
"4726","CAkSound","","624055360","624055360","109","HircChunk","True","624055360.wem","42938"
"4727","SoundInitialValues","","624055360","624055360","4726","CAkSound","True","624055360.wem","42938"
"4728","AkBankSourceData","","624055360","624055360","4727","SoundInitialValues","True","624055360.wem","42938"
"4729","AkMediaInformation","","624055360","624055360","4728","AkBankSourceData","True","624055360.wem","42938"
"4741","CAkSound","","580642956","580642956","109","HircChunk","True","580642956.wem","26073"
"4742","SoundInitialValues","","580642956","580642956","4741","CAkSound","True","580642956.wem","26073"
"4743","AkBankSourceData","","580642956","580642956","4742","SoundInitialValues","True","580642956.wem","26073"
"4744","AkMediaInformation","","580642956","580642956","4743","AkBankSourceData","True","580642956.wem","26073"
"4756","CAkSound","","45850526","45850526","109","HircChunk","True","45850526.wem","21884"
"4757","SoundInitialValues","","45850526","45850526","4756","CAkSound","True","45850526.wem","21884"
"4758","AkBankSourceData","","45850526","45850526","4757","SoundInitialValues","True","45850526.wem","21884"
"4759","AkMediaInformation","","45850526","45850526","4758","AkBankSourceData","True","45850526.wem","21884"
"4771","CAkSound","","777512750","777512750","109","HircChunk","True","777512750.wem","48405"
"4772","SoundInitialValues","","777512750","777512750","4771","CAkSound","True","777512750.wem","48405"
"4773","AkBankSourceData","","777512750","777512750","4772","SoundInitialValues","True","777512750.wem","48405"
"4774","AkMediaInformation","","777512750","777512750","4773","AkBankSourceData","True","777512750.wem","48405"
"4786","CAkSound","","187578096","187578096","109","HircChunk","True","187578096.wem","46241"
"4787","SoundInitialValues","","187578096","187578096","4786","CAkSound","True","187578096.wem","46241"
"4788","AkBankSourceData","","187578096","187578096","4787","SoundInitialValues","True","187578096.wem","46241"
"4789","AkMediaInformation","","187578096","187578096","4788","AkBankSourceData","True","187578096.wem","46241"
"4801","CAkSound","","227431214","227431214","109","HircChunk","True","227431214.wem","12825"
"4802","SoundInitialValues","","227431214","227431214","4801","CAkSound","True","227431214.wem","12825"
"4803","AkBankSourceData","","227431214","227431214","4802","SoundInitialValues","True","227431214.wem","12825"
"4804","AkMediaInformation","","227431214","227431214","4803","AkBankSourceData","True","227431214.wem","12825"
"4816","CAkSound","","439818420","439818420","109","HircChunk","True","439818420.wem","28388"
"4817","SoundInitialValues","","439818420","439818420","4816","CAkSound","True","439818420.wem","28388"
"4818","AkBankSourceData","","439818420","439818420","4817","SoundInitialValues","True","439818420.wem","28388"
"4819","AkMediaInformation","","439818420","439818420","4818","AkBankSourceData","True","439818420.wem","28388"
"4831","CAkSound","","366957376","366957376","109","HircChunk","True","366957376.wem","44757"
"4832","SoundInitialValues","","366957376","366957376","4831","CAkSound","True","366957376.wem","44757"
"4833","AkBankSourceData","","366957376","366957376","4832","SoundInitialValues","True","366957376.wem","44757"
"4834","AkMediaInformation","","366957376","366957376","4833","AkBankSourceData","True","366957376.wem","44757"
"4846","CAkSound","","1001406991","1001406991","109","HircChunk","True","1001406991.wem","10162"
"4847","SoundInitialValues","","1001406991","1001406991","4846","CAkSound","True","1001406991.wem","10162"
"4848","AkBankSourceData","","1001406991","1001406991","4847","SoundInitialValues","True","1001406991.wem","10162"
"4849","AkMediaInformation","","1001406991","1001406991","4848","AkBankSourceData","True","1001406991.wem","10162"
"4861","CAkSound","","836242656","836242656","109","HircChunk","True","836242656.wem","41531"
"4862","SoundInitialValues","","836242656","836242656","4861","CAkSound","True","836242656.wem","41531"
"4863","AkBankSourceData","","836242656","836242656","4862","SoundInitialValues","True","836242656.wem","41531"
"4864","AkMediaInformation","","836242656","836242656","4863","AkBankSourceData","True","836242656.wem","41531"
"4876","CAkSound","","676072795","676072795","109","HircChunk","True","676072795.wem","19131"
"4877","SoundInitialValues","","676072795","676072795","4876","CAkSound","True","676072795.wem","19131"
"4878","AkBankSourceData","","676072795","676072795","4877","SoundInitialValues","True","676072795.wem","19131"
"4879","AkMediaInformation","","676072795","676072795","4878","AkBankSourceData","True","676072795.wem","19131"
"4891","CAkSound","","117772031","117772031","109","HircChunk","True","117772031.wem","18111"
"4892","SoundInitialValues","","117772031","117772031","4891","CAkSound","True","117772031.wem","18111"
"4893","AkBankSourceData","","117772031","117772031","4892","SoundInitialValues","True","117772031.wem","18111"
"4894","AkMediaInformation","","117772031","117772031","4893","AkBankSourceData","True","117772031.wem","18111"
"4906","CAkSound","","140753050","140753050","109","HircChunk","True","140753050.wem","20384"
"4907","SoundInitialValues","","140753050","140753050","4906","CAkSound","True","140753050.wem","20384"
"4908","AkBankSourceData","","140753050","140753050","4907","SoundInitialValues","True","140753050.wem","20384"
"4909","AkMediaInformation","","140753050","140753050","4908","AkBankSourceData","True","140753050.wem","20384"
"4921","CAkSound","","116629131","116629131","109","HircChunk","True","116629131.wem","41957"
"4922","SoundInitialValues","","116629131","116629131","4921","CAkSound","True","116629131.wem","41957"
"4923","AkBankSourceData","","116629131","116629131","4922","SoundInitialValues","True","116629131.wem","41957"
"4924","AkMediaInformation","","116629131","116629131","4923","AkBankSourceData","True","116629131.wem","41957"
"4936","CAkSound","","974306733","974306733","109","HircChunk","True","974306733.wem","38348"
"4937","SoundInitialValues","","974306733","974306733","4936","CAkSound","True","974306733.wem","38348"
"4938","AkBankSourceData","","974306733","974306733","4937","SoundInitialValues","True","974306733.wem","38348"
"4939","AkMediaInformation","","974306733","974306733","4938","AkBankSourceData","True","974306733.wem","38348"
"4951","CAkSound","","858928381","858928381","109","HircChunk","True","858928381.wem","25078"
"4952","SoundInitialValues","","858928381","858928381","4951","CAkSound","True","858928381.wem","25078"
"4953","AkBankSourceData","","858928381","858928381","4952","SoundInitialValues","True","858928381.wem","25078"
"4954","AkMediaInformation","","858928381","858928381","4953","AkBankSourceData","True","858928381.wem","25078"
"4966","CAkSound","","194110632","194110632","109","HircChunk","True","194110632.wem","16918"
"4967","SoundInitialValues","","194110632","194110632","4966","CAkSound","True","194110632.wem","16918"
"4968","AkBankSourceData","","194110632","194110632","4967","SoundInitialValues","True","194110632.wem","16918"
"4969","AkMediaInformation","","194110632","194110632","4968","AkBankSourceData","True","194110632.wem","16918"
"4981","CAkSound","","433222527","433222527","109","HircChunk","True","433222527.wem","45630"
"4982","SoundInitialValues","","433222527","433222527","4981","CAkSound","True","433222527.wem","45630"
"4983","AkBankSourceData","","433222527","433222527","4982","SoundInitialValues","True","433222527.wem","45630"
"4984","AkMediaInformation","","433222527","433222527","4983","AkBankSourceData","True","433222527.wem","45630"
"4996","CAkSound","","1037913307","1037913307","109","HircChunk","True","1037913307.wem","61924"
"4997","SoundInitialValues","","1037913307","1037913307","4996","CAkSound","True","1037913307.wem","61924"
"4998","AkBankSourceData","","1037913307","1037913307","4997","SoundInitialValues","True","1037913307.wem","61924"
"4999","AkMediaInformation","","1037913307","1037913307","4998","AkBankSourceData","True","1037913307.wem","61924"
"5011","CAkSound","","1011669071","1011669071","109","HircChunk","True","1011669071.wem","10725"
"5012","SoundInitialValues","","1011669071","1011669071","5011","CAkSound","True","1011669071.wem","10725"
"5013","AkBankSourceData","","1011669071","1011669071","5012","SoundInitialValues","True","1011669071.wem","10725"
"5014","AkMediaInformation","","1011669071","1011669071","5013","AkBankSourceData","True","1011669071.wem","10725"
"5026","CAkSound","","553050431","553050431","109","HircChunk","True","553050431.wem","57066"
"5027","SoundInitialValues","","553050431","553050431","5026","CAkSound","True","553050431.wem","57066"
"5028","AkBankSourceData","","553050431","553050431","5027","SoundInitialValues","True","553050431.wem","57066"
"5029","AkMediaInformation","","553050431","553050431","5028","AkBankSourceData","True","553050431.wem","57066"
"5041","CAkSound","","649348424","649348424","109","HircChunk","True","649348424.wem","29339"
"5042","SoundInitialValues","","649348424","649348424","5041","CAkSound","True","649348424.wem","29339"
"5043","AkBankSourceData","","649348424","649348424","5042","SoundInitialValues","True","649348424.wem","29339"
"5044","AkMediaInformation","","649348424","649348424","5043","AkBankSourceData","True","649348424.wem","29339"
"5056","CAkSound","","175489343","175489343","109","HircChunk","True","175489343.wem","43016"
"5057","SoundInitialValues","","175489343","175489343","5056","CAkSound","True","175489343.wem","43016"
"5058","AkBankSourceData","","175489343","175489343","5057","SoundInitialValues","True","175489343.wem","43016"
"5059","AkMediaInformation","","175489343","175489343","5058","AkBankSourceData","True","175489343.wem","43016"
"5071","CAkSound","","715263746","715263746","109","HircChunk","True","715263746.wem","6464"
"5072","SoundInitialValues","","715263746","715263746","5071","CAkSound","True","715263746.wem","6464"
"5073","AkBankSourceData","","715263746","715263746","5072","SoundInitialValues","True","715263746.wem","6464"
"5074","AkMediaInformation","","715263746","715263746","5073","AkBankSourceData","True","715263746.wem","6464"
"5086","CAkSound","","886897021","886897021","109","HircChunk","True","886897021.wem","10968"
"5087","SoundInitialValues","","886897021","886897021","5086","CAkSound","True","886897021.wem","10968"
"5088","AkBankSourceData","","886897021","886897021","5087","SoundInitialValues","True","886897021.wem","10968"
"5089","AkMediaInformation","","886897021","886897021","5088","AkBankSourceData","True","886897021.wem","10968"
"5101","CAkSound","","637882652","637882652","109","HircChunk","True","637882652.wem","31146"
"5102","SoundInitialValues","","637882652","637882652","5101","CAkSound","True","637882652.wem","31146"
"5103","AkBankSourceData","","637882652","637882652","5102","SoundInitialValues","True","637882652.wem","31146"
"5104","AkMediaInformation","","637882652","637882652","5103","AkBankSourceData","True","637882652.wem","31146"
"5116","CAkSound","","816045425","816045425","109","HircChunk","True","816045425.wem","45028"
"5117","SoundInitialValues","","816045425","816045425","5116","CAkSound","True","816045425.wem","45028"
"5118","AkBankSourceData","","816045425","816045425","5117","SoundInitialValues","True","816045425.wem","45028"
"5119","AkMediaInformation","","816045425","816045425","5118","AkBankSourceData","True","816045425.wem","45028"
"5131","CAkSound","","596877562","596877562","109","HircChunk","True","596877562.wem","14702"
"5132","SoundInitialValues","","596877562","596877562","5131","CAkSound","True","596877562.wem","14702"
"5133","AkBankSourceData","","596877562","596877562","5132","SoundInitialValues","True","596877562.wem","14702"
"5134","AkMediaInformation","","596877562","596877562","5133","AkBankSourceData","True","596877562.wem","14702"
"5146","CAkSound","","14026281","14026281","109","HircChunk","True","14026281.wem","27864"
"5147","SoundInitialValues","","14026281","14026281","5146","CAkSound","True","14026281.wem","27864"
"5148","AkBankSourceData","","14026281","14026281","5147","SoundInitialValues","True","14026281.wem","27864"
"5149","AkMediaInformation","","14026281","14026281","5148","AkBankSourceData","True","14026281.wem","27864"
"5161","CAkSound","","56223722","56223722","109","HircChunk","True","56223722.wem","53490"
"5162","SoundInitialValues","","56223722","56223722","5161","CAkSound","True","56223722.wem","53490"
"5163","AkBankSourceData","","56223722","56223722","5162","SoundInitialValues","True","56223722.wem","53490"
"5164","AkMediaInformation","","56223722","56223722","5163","AkBankSourceData","True","56223722.wem","53490"
"5176","CAkSound","","785139564","785139564","109","HircChunk","True","785139564.wem","26593"
"5177","SoundInitialValues","","785139564","785139564","5176","CAkSound","True","785139564.wem","26593"
"5178","AkBankSourceData","","785139564","785139564","5177","SoundInitialValues","True","785139564.wem","26593"
"5179","AkMediaInformation","","785139564","785139564","5178","AkBankSourceData","True","785139564.wem","26593"
"5192","CAkSound","","653461993","653461993","109","HircChunk","True","653461993.wem","17205"
"5193","SoundInitialValues","","653461993","653461993","5192","CAkSound","True","653461993.wem","17205"
"5194","AkBankSourceData","","653461993","653461993","5193","SoundInitialValues","True","653461993.wem","17205"
"5195","AkMediaInformation","","653461993","653461993","5194","AkBankSourceData","True","653461993.wem","17205"
"5207","CAkSound","","672084372","672084372","109","HircChunk","True","672084372.wem","61513"
"5208","SoundInitialValues","","672084372","672084372","5207","CAkSound","True","672084372.wem","61513"
"5209","AkBankSourceData","","672084372","672084372","5208","SoundInitialValues","True","672084372.wem","61513"
"5210","AkMediaInformation","","672084372","672084372","5209","AkBankSourceData","True","672084372.wem","61513"
"5222","CAkSound","","128616695","128616695","109","HircChunk","True","128616695.wem","20986"
"5223","SoundInitialValues","","128616695","128616695","5222","CAkSound","True","128616695.wem","20986"
"5224","AkBankSourceData","","128616695","128616695","5223","SoundInitialValues","True","128616695.wem","20986"
"5225","AkMediaInformation","","128616695","128616695","5224","AkBankSourceData","True","128616695.wem","20986"
"5237","CAkSound","","842744467","842744467","109","HircChunk","True","842744467.wem","15555"
"5238","SoundInitialValues","","842744467","842744467","5237","CAkSound","True","842744467.wem","15555"
"5239","AkBankSourceData","","842744467","842744467","5238","SoundInitialValues","True","842744467.wem","15555"
"5240","AkMediaInformation","","842744467","842744467","5239","AkBankSourceData","True","842744467.wem","15555"
"5252","CAkSound","","444357559","444357559","109","HircChunk","True","444357559.wem","20203"
"5253","SoundInitialValues","","444357559","444357559","5252","CAkSound","True","444357559.wem","20203"
"5254","AkBankSourceData","","444357559","444357559","5253","SoundInitialValues","True","444357559.wem","20203"
"5255","AkMediaInformation","","444357559","444357559","5254","AkBankSourceData","True","444357559.wem","20203"
"5267","CAkSound","","365060074","365060074","109","HircChunk","True","365060074.wem","31756"
"5268","SoundInitialValues","","365060074","365060074","5267","CAkSound","True","365060074.wem","31756"
"5269","AkBankSourceData","","365060074","365060074","5268","SoundInitialValues","True","365060074.wem","31756"
"5270","AkMediaInformation","","365060074","365060074","5269","AkBankSourceData","True","365060074.wem","31756"
"5282","CAkSound","","582033018","582033018","109","HircChunk","True","582033018.wem","70632"
"5283","SoundInitialValues","","582033018","582033018","5282","CAkSound","True","582033018.wem","70632"
"5284","AkBankSourceData","","582033018","582033018","5283","SoundInitialValues","True","582033018.wem","70632"
"5285","AkMediaInformation","","582033018","582033018","5284","AkBankSourceData","True","582033018.wem","70632"
"5297","CAkSound","","720617396","720617396","109","HircChunk","True","720617396.wem","27514"
"5298","SoundInitialValues","","720617396","720617396","5297","CAkSound","True","720617396.wem","27514"
"5299","AkBankSourceData","","720617396","720617396","5298","SoundInitialValues","True","720617396.wem","27514"
"5300","AkMediaInformation","","720617396","720617396","5299","AkBankSourceData","True","720617396.wem","27514"
"5312","CAkSound","","530692136","530692136","109","HircChunk","True","530692136.wem","56525"
"5313","SoundInitialValues","","530692136","530692136","5312","CAkSound","True","530692136.wem","56525"
"5314","AkBankSourceData","","530692136","530692136","5313","SoundInitialValues","True","530692136.wem","56525"
"5315","AkMediaInformation","","530692136","530692136","5314","AkBankSourceData","True","530692136.wem","56525"
"5327","CAkSound","","475355609","475355609","109","HircChunk","True","475355609.wem","42751"
"5328","SoundInitialValues","","475355609","475355609","5327","CAkSound","True","475355609.wem","42751"
"5329","AkBankSourceData","","475355609","475355609","5328","SoundInitialValues","True","475355609.wem","42751"
"5330","AkMediaInformation","","475355609","475355609","5329","AkBankSourceData","True","475355609.wem","42751"
"5342","CAkSound","","525609901","525609901","109","HircChunk","True","525609901.wem","66688"
"5343","SoundInitialValues","","525609901","525609901","5342","CAkSound","True","525609901.wem","66688"
"5344","AkBankSourceData","","525609901","525609901","5343","SoundInitialValues","True","525609901.wem","66688"
"5345","AkMediaInformation","","525609901","525609901","5344","AkBankSourceData","True","525609901.wem","66688"
"5357","CAkSound","","11950871","11950871","109","HircChunk","True","11950871.wem","17089"
"5358","SoundInitialValues","","11950871","11950871","5357","CAkSound","True","11950871.wem","17089"
"5359","AkBankSourceData","","11950871","11950871","5358","SoundInitialValues","True","11950871.wem","17089"
"5360","AkMediaInformation","","11950871","11950871","5359","AkBankSourceData","True","11950871.wem","17089"
"5372","CAkSound","","921173421","921173421","109","HircChunk","True","921173421.wem","8419"
"5373","SoundInitialValues","","921173421","921173421","5372","CAkSound","True","921173421.wem","8419"
"5374","AkBankSourceData","","921173421","921173421","5373","SoundInitialValues","True","921173421.wem","8419"
"5375","AkMediaInformation","","921173421","921173421","5374","AkBankSourceData","True","921173421.wem","8419"
"5387","CAkSound","","271969660","271969660","109","HircChunk","True","271969660.wem","17993"
"5388","SoundInitialValues","","271969660","271969660","5387","CAkSound","True","271969660.wem","17993"
"5389","AkBankSourceData","","271969660","271969660","5388","SoundInitialValues","True","271969660.wem","17993"
"5390","AkMediaInformation","","271969660","271969660","5389","AkBankSourceData","True","271969660.wem","17993"
"5402","CAkSound","","876947983","876947983","109","HircChunk","True","876947983.wem","28117"
"5403","SoundInitialValues","","876947983","876947983","5402","CAkSound","True","876947983.wem","28117"
"5404","AkBankSourceData","","876947983","876947983","5403","SoundInitialValues","True","876947983.wem","28117"
"5405","AkMediaInformation","","876947983","876947983","5404","AkBankSourceData","True","876947983.wem","28117"
"5417","CAkSound","","268592622","268592622","109","HircChunk","True","268592622.wem","63123"
"5418","SoundInitialValues","","268592622","268592622","5417","CAkSound","True","268592622.wem","63123"
"5419","AkBankSourceData","","268592622","268592622","5418","SoundInitialValues","True","268592622.wem","63123"
"5420","AkMediaInformation","","268592622","268592622","5419","AkBankSourceData","True","268592622.wem","63123"
"5432","CAkSound","","486742604","486742604","109","HircChunk","True","486742604.wem","67625"
"5433","SoundInitialValues","","486742604","486742604","5432","CAkSound","True","486742604.wem","67625"
"5434","AkBankSourceData","","486742604","486742604","5433","SoundInitialValues","True","486742604.wem","67625"
"5435","AkMediaInformation","","486742604","486742604","5434","AkBankSourceData","True","486742604.wem","67625"
"5447","CAkSound","","471584944","471584944","109","HircChunk","True","471584944.wem","55561"
"5448","SoundInitialValues","","471584944","471584944","5447","CAkSound","True","471584944.wem","55561"
"5449","AkBankSourceData","","471584944","471584944","5448","SoundInitialValues","True","471584944.wem","55561"
"5450","AkMediaInformation","","471584944","471584944","5449","AkBankSourceData","True","471584944.wem","55561"
"5462","CAkSound","","197543547","197543547","109","HircChunk","True","197543547.wem","22054"
"5463","SoundInitialValues","","197543547","197543547","5462","CAkSound","True","197543547.wem","22054"
"5464","AkBankSourceData","","197543547","197543547","5463","SoundInitialValues","True","197543547.wem","22054"
"5465","AkMediaInformation","","197543547","197543547","5464","AkBankSourceData","True","197543547.wem","22054"
"5477","CAkSound","","629168157","629168157","109","HircChunk","True","629168157.wem","50326"
"5478","SoundInitialValues","","629168157","629168157","5477","CAkSound","True","629168157.wem","50326"
"5479","AkBankSourceData","","629168157","629168157","5478","SoundInitialValues","True","629168157.wem","50326"
"5480","AkMediaInformation","","629168157","629168157","5479","AkBankSourceData","True","629168157.wem","50326"
"5492","CAkSound","","92198627","92198627","109","HircChunk","True","92198627.wem","50014"
"5493","SoundInitialValues","","92198627","92198627","5492","CAkSound","True","92198627.wem","50014"
"5494","AkBankSourceData","","92198627","92198627","5493","SoundInitialValues","True","92198627.wem","50014"
"5495","AkMediaInformation","","92198627","92198627","5494","AkBankSourceData","True","92198627.wem","50014"
"5507","CAkSound","","1032112512","1032112512","109","HircChunk","True","1032112512.wem","122199"
"5508","SoundInitialValues","","1032112512","1032112512","5507","CAkSound","True","1032112512.wem","122199"
"5509","AkBankSourceData","","1032112512","1032112512","5508","SoundInitialValues","True","1032112512.wem","122199"
"5510","AkMediaInformation","","1032112512","1032112512","5509","AkBankSourceData","True","1032112512.wem","122199"
"5522","CAkSound","","1018531196","1018531196","109","HircChunk","True","1018531196.wem","8760"
"5523","SoundInitialValues","","1018531196","1018531196","5522","CAkSound","True","1018531196.wem","8760"
"5524","AkBankSourceData","","1018531196","1018531196","5523","SoundInitialValues","True","1018531196.wem","8760"
"5525","AkMediaInformation","","1018531196","1018531196","5524","AkBankSourceData","True","1018531196.wem","8760"
"5537","CAkSound","","975698895","975698895","109","HircChunk","True","975698895.wem","23181"
"5538","SoundInitialValues","","975698895","975698895","5537","CAkSound","True","975698895.wem","23181"
"5539","AkBankSourceData","","975698895","975698895","5538","SoundInitialValues","True","975698895.wem","23181"
"5540","AkMediaInformation","","975698895","975698895","5539","AkBankSourceData","True","975698895.wem","23181"
"5552","CAkSound","","252257032","252257032","109","HircChunk","True","252257032.wem","38838"
"5553","SoundInitialValues","","252257032","252257032","5552","CAkSound","True","252257032.wem","38838"
"5554","AkBankSourceData","","252257032","252257032","5553","SoundInitialValues","True","252257032.wem","38838"
"5555","AkMediaInformation","","252257032","252257032","5554","AkBankSourceData","True","252257032.wem","38838"
"5567","CAkSound","","1017305820","1017305820","109","HircChunk","True","1017305820.wem","8635"
"5568","SoundInitialValues","","1017305820","1017305820","5567","CAkSound","True","1017305820.wem","8635"
"5569","AkBankSourceData","","1017305820","1017305820","5568","SoundInitialValues","True","1017305820.wem","8635"
"5570","AkMediaInformation","","1017305820","1017305820","5569","AkBankSourceData","True","1017305820.wem","8635"
"5582","CAkSound","","182815024","182815024","109","HircChunk","True","182815024.wem","20177"
"5583","SoundInitialValues","","182815024","182815024","5582","CAkSound","True","182815024.wem","20177"
"5584","AkBankSourceData","","182815024","182815024","5583","SoundInitialValues","True","182815024.wem","20177"
"5585","AkMediaInformation","","182815024","182815024","5584","AkBankSourceData","True","182815024.wem","20177"
"5597","CAkSound","","317399096","317399096","109","HircChunk","True","317399096.wem","12162"
"5598","SoundInitialValues","","317399096","317399096","5597","CAkSound","True","317399096.wem","12162"
"5599","AkBankSourceData","","317399096","317399096","5598","SoundInitialValues","True","317399096.wem","12162"
"5600","AkMediaInformation","","317399096","317399096","5599","AkBankSourceData","True","317399096.wem","12162"
"5612","CAkSound","","162031974","162031974","109","HircChunk","True","162031974.wem","29412"
"5613","SoundInitialValues","","162031974","162031974","5612","CAkSound","True","162031974.wem","29412"
"5614","AkBankSourceData","","162031974","162031974","5613","SoundInitialValues","True","162031974.wem","29412"
"5615","AkMediaInformation","","162031974","162031974","5614","AkBankSourceData","True","162031974.wem","29412"
"5627","CAkSound","","711877029","711877029","109","HircChunk","True","711877029.wem","57096"
"5628","SoundInitialValues","","711877029","711877029","5627","CAkSound","True","711877029.wem","57096"
"5629","AkBankSourceData","","711877029","711877029","5628","SoundInitialValues","True","711877029.wem","57096"
"5630","AkMediaInformation","","711877029","711877029","5629","AkBankSourceData","True","711877029.wem","57096"
"5642","CAkSound","","688166578","688166578","109","HircChunk","True","688166578.wem","36907"
"5643","SoundInitialValues","","688166578","688166578","5642","CAkSound","True","688166578.wem","36907"
"5644","AkBankSourceData","","688166578","688166578","5643","SoundInitialValues","True","688166578.wem","36907"
"5645","AkMediaInformation","","688166578","688166578","5644","AkBankSourceData","True","688166578.wem","36907"
"5657","CAkSound","","431430945","431430945","109","HircChunk","True","431430945.wem","9731"
"5658","SoundInitialValues","","431430945","431430945","5657","CAkSound","True","431430945.wem","9731"
"5659","AkBankSourceData","","431430945","431430945","5658","SoundInitialValues","True","431430945.wem","9731"
"5660","AkMediaInformation","","431430945","431430945","5659","AkBankSourceData","True","431430945.wem","9731"
"5672","CAkSound","","470716356","470716356","109","HircChunk","True","470716356.wem","25237"
"5673","SoundInitialValues","","470716356","470716356","5672","CAkSound","True","470716356.wem","25237"
"5674","AkBankSourceData","","470716356","470716356","5673","SoundInitialValues","True","470716356.wem","25237"
"5675","AkMediaInformation","","470716356","470716356","5674","AkBankSourceData","True","470716356.wem","25237"
"5687","CAkSound","","195325266","195325266","109","HircChunk","True","195325266.wem","6785"
"5688","SoundInitialValues","","195325266","195325266","5687","CAkSound","True","195325266.wem","6785"
"5689","AkBankSourceData","","195325266","195325266","5688","SoundInitialValues","True","195325266.wem","6785"
"5690","AkMediaInformation","","195325266","195325266","5689","AkBankSourceData","True","195325266.wem","6785"
"5702","CAkSound","","150800374","150800374","109","HircChunk","True","150800374.wem","27717"
"5703","SoundInitialValues","","150800374","150800374","5702","CAkSound","True","150800374.wem","27717"
"5704","AkBankSourceData","","150800374","150800374","5703","SoundInitialValues","True","150800374.wem","27717"
"5705","AkMediaInformation","","150800374","150800374","5704","AkBankSourceData","True","150800374.wem","27717"
"5717","CAkSound","","568173431","568173431","109","HircChunk","True","568173431.wem","11449"
"5718","SoundInitialValues","","568173431","568173431","5717","CAkSound","True","568173431.wem","11449"
"5719","AkBankSourceData","","568173431","568173431","5718","SoundInitialValues","True","568173431.wem","11449"
"5720","AkMediaInformation","","568173431","568173431","5719","AkBankSourceData","True","568173431.wem","11449"
"5732","CAkSound","","151932880","151932880","109","HircChunk","True","151932880.wem","18027"
"5733","SoundInitialValues","","151932880","151932880","5732","CAkSound","True","151932880.wem","18027"
"5734","AkBankSourceData","","151932880","151932880","5733","SoundInitialValues","True","151932880.wem","18027"
"5735","AkMediaInformation","","151932880","151932880","5734","AkBankSourceData","True","151932880.wem","18027"
"5747","CAkSound","","185250707","185250707","109","HircChunk","True","185250707.wem","14027"
"5748","SoundInitialValues","","185250707","185250707","5747","CAkSound","True","185250707.wem","14027"
"5749","AkBankSourceData","","185250707","185250707","5748","SoundInitialValues","True","185250707.wem","14027"
"5750","AkMediaInformation","","185250707","185250707","5749","AkBankSourceData","True","185250707.wem","14027"
"5762","CAkSound","","734903317","734903317","109","HircChunk","True","734903317.wem","25101"
"5763","SoundInitialValues","","734903317","734903317","5762","CAkSound","True","734903317.wem","25101"
"5764","AkBankSourceData","","734903317","734903317","5763","SoundInitialValues","True","734903317.wem","25101"
"5765","AkMediaInformation","","734903317","734903317","5764","AkBankSourceData","True","734903317.wem","25101"
"5777","CAkSound","","130214626","130214626","109","HircChunk","True","130214626.wem","7478"
"5778","SoundInitialValues","","130214626","130214626","5777","CAkSound","True","130214626.wem","7478"
"5779","AkBankSourceData","","130214626","130214626","5778","SoundInitialValues","True","130214626.wem","7478"
"5780","AkMediaInformation","","130214626","130214626","5779","AkBankSourceData","True","130214626.wem","7478"
"5792","CAkSound","","1019216425","1019216425","109","HircChunk","True","1019216425.wem","41807"
"5793","SoundInitialValues","","1019216425","1019216425","5792","CAkSound","True","1019216425.wem","41807"
"5794","AkBankSourceData","","1019216425","1019216425","5793","SoundInitialValues","True","1019216425.wem","41807"
"5795","AkMediaInformation","","1019216425","1019216425","5794","AkBankSourceData","True","1019216425.wem","41807"
"5807","CAkSound","","465528367","465528367","109","HircChunk","True","465528367.wem","51835"
"5808","SoundInitialValues","","465528367","465528367","5807","CAkSound","True","465528367.wem","51835"
"5809","AkBankSourceData","","465528367","465528367","5808","SoundInitialValues","True","465528367.wem","51835"
"5810","AkMediaInformation","","465528367","465528367","5809","AkBankSourceData","True","465528367.wem","51835"
"5822","CAkSound","","206319454","206319454","109","HircChunk","True","206319454.wem","16870"
"5823","SoundInitialValues","","206319454","206319454","5822","CAkSound","True","206319454.wem","16870"
"5824","AkBankSourceData","","206319454","206319454","5823","SoundInitialValues","True","206319454.wem","16870"
"5825","AkMediaInformation","","206319454","206319454","5824","AkBankSourceData","True","206319454.wem","16870"
"5837","CAkSound","","336743785","336743785","109","HircChunk","True","336743785.wem","36317"
"5838","SoundInitialValues","","336743785","336743785","5837","CAkSound","True","336743785.wem","36317"
"5839","AkBankSourceData","","336743785","336743785","5838","SoundInitialValues","True","336743785.wem","36317"
"5840","AkMediaInformation","","336743785","336743785","5839","AkBankSourceData","True","336743785.wem","36317"
"5852","CAkSound","","260783562","260783562","109","HircChunk","True","260783562.wem","60417"
"5853","SoundInitialValues","","260783562","260783562","5852","CAkSound","True","260783562.wem","60417"
"5854","AkBankSourceData","","260783562","260783562","5853","SoundInitialValues","True","260783562.wem","60417"
"5855","AkMediaInformation","","260783562","260783562","5854","AkBankSourceData","True","260783562.wem","60417"
"5867","CAkSound","","661524582","661524582","109","HircChunk","True","661524582.wem","18809"
"5868","SoundInitialValues","","661524582","661524582","5867","CAkSound","True","661524582.wem","18809"
"5869","AkBankSourceData","","661524582","661524582","5868","SoundInitialValues","True","661524582.wem","18809"
"5870","AkMediaInformation","","661524582","661524582","5869","AkBankSourceData","True","661524582.wem","18809"
"5882","CAkSound","","683963940","683963940","109","HircChunk","True","683963940.wem","49228"
"5883","SoundInitialValues","","683963940","683963940","5882","CAkSound","True","683963940.wem","49228"
"5884","AkBankSourceData","","683963940","683963940","5883","SoundInitialValues","True","683963940.wem","49228"
"5885","AkMediaInformation","","683963940","683963940","5884","AkBankSourceData","True","683963940.wem","49228"
"5897","CAkSound","","958186655","958186655","109","HircChunk","True","958186655.wem","41660"
"5898","SoundInitialValues","","958186655","958186655","5897","CAkSound","True","958186655.wem","41660"
"5899","AkBankSourceData","","958186655","958186655","5898","SoundInitialValues","True","958186655.wem","41660"
"5900","AkMediaInformation","","958186655","958186655","5899","AkBankSourceData","True","958186655.wem","41660"
"5912","CAkSound","","1008196753","1008196753","109","HircChunk","True","1008196753.wem","41539"
"5913","SoundInitialValues","","1008196753","1008196753","5912","CAkSound","True","1008196753.wem","41539"
"5914","AkBankSourceData","","1008196753","1008196753","5913","SoundInitialValues","True","1008196753.wem","41539"
"5915","AkMediaInformation","","1008196753","1008196753","5914","AkBankSourceData","True","1008196753.wem","41539"
"5927","CAkSound","","620639237","620639237","109","HircChunk","True","620639237.wem","40198"
"5928","SoundInitialValues","","620639237","620639237","5927","CAkSound","True","620639237.wem","40198"
"5929","AkBankSourceData","","620639237","620639237","5928","SoundInitialValues","True","620639237.wem","40198"
"5930","AkMediaInformation","","620639237","620639237","5929","AkBankSourceData","True","620639237.wem","40198"
"5942","CAkSound","","760776751","760776751","109","HircChunk","True","760776751.wem","45415"
"5943","SoundInitialValues","","760776751","760776751","5942","CAkSound","True","760776751.wem","45415"
"5944","AkBankSourceData","","760776751","760776751","5943","SoundInitialValues","True","760776751.wem","45415"
"5945","AkMediaInformation","","760776751","760776751","5944","AkBankSourceData","True","760776751.wem","45415"
"5957","CAkSound","","635651413","635651413","109","HircChunk","True","635651413.wem","51467"
"5958","SoundInitialValues","","635651413","635651413","5957","CAkSound","True","635651413.wem","51467"
"5959","AkBankSourceData","","635651413","635651413","5958","SoundInitialValues","True","635651413.wem","51467"
"5960","AkMediaInformation","","635651413","635651413","5959","AkBankSourceData","True","635651413.wem","51467"
"5972","CAkSound","","607237120","607237120","109","HircChunk","True","607237120.wem","46088"
"5973","SoundInitialValues","","607237120","607237120","5972","CAkSound","True","607237120.wem","46088"
"5974","AkBankSourceData","","607237120","607237120","5973","SoundInitialValues","True","607237120.wem","46088"
"5975","AkMediaInformation","","607237120","607237120","5974","AkBankSourceData","True","607237120.wem","46088"
"5987","CAkSound","","1001401885","1001401885","109","HircChunk","True","1001401885.wem","30192"
"5988","SoundInitialValues","","1001401885","1001401885","5987","CAkSound","True","1001401885.wem","30192"
"5989","AkBankSourceData","","1001401885","1001401885","5988","SoundInitialValues","True","1001401885.wem","30192"
"5990","AkMediaInformation","","1001401885","1001401885","5989","AkBankSourceData","True","1001401885.wem","30192"
"6002","CAkSound","","201252940","201252940","109","HircChunk","True","201252940.wem","12647"
"6003","SoundInitialValues","","201252940","201252940","6002","CAkSound","True","201252940.wem","12647"
"6004","AkBankSourceData","","201252940","201252940","6003","SoundInitialValues","True","201252940.wem","12647"
"6005","AkMediaInformation","","201252940","201252940","6004","AkBankSourceData","True","201252940.wem","12647"
"6017","CAkSound","","161300527","161300527","109","HircChunk","True","161300527.wem","21098"
"6018","SoundInitialValues","","161300527","161300527","6017","CAkSound","True","161300527.wem","21098"
"6019","AkBankSourceData","","161300527","161300527","6018","SoundInitialValues","True","161300527.wem","21098"
"6020","AkMediaInformation","","161300527","161300527","6019","AkBankSourceData","True","161300527.wem","21098"
"6032","CAkSound","","86754495","86754495","109","HircChunk","True","86754495.wem","47966"
"6033","SoundInitialValues","","86754495","86754495","6032","CAkSound","True","86754495.wem","47966"
"6034","AkBankSourceData","","86754495","86754495","6033","SoundInitialValues","True","86754495.wem","47966"
"6035","AkMediaInformation","","86754495","86754495","6034","AkBankSourceData","True","86754495.wem","47966"
"6047","CAkSound","","18029859","18029859","109","HircChunk","True","18029859.wem","24536"
"6048","SoundInitialValues","","18029859","18029859","6047","CAkSound","True","18029859.wem","24536"
"6049","AkBankSourceData","","18029859","18029859","6048","SoundInitialValues","True","18029859.wem","24536"
"6050","AkMediaInformation","","18029859","18029859","6049","AkBankSourceData","True","18029859.wem","24536"
"6062","CAkSound","","460416727","460416727","109","HircChunk","True","460416727.wem","42079"
"6063","SoundInitialValues","","460416727","460416727","6062","CAkSound","True","460416727.wem","42079"
"6064","AkBankSourceData","","460416727","460416727","6063","SoundInitialValues","True","460416727.wem","42079"
"6065","AkMediaInformation","","460416727","460416727","6064","AkBankSourceData","True","460416727.wem","42079"
"6077","CAkSound","","157528075","157528075","109","HircChunk","True","157528075.wem","35409"
"6078","SoundInitialValues","","157528075","157528075","6077","CAkSound","True","157528075.wem","35409"
"6079","AkBankSourceData","","157528075","157528075","6078","SoundInitialValues","True","157528075.wem","35409"
"6080","AkMediaInformation","","157528075","157528075","6079","AkBankSourceData","True","157528075.wem","35409"
"6092","CAkSound","","609473232","609473232","109","HircChunk","True","609473232.wem","16643"
"6093","SoundInitialValues","","609473232","609473232","6092","CAkSound","True","609473232.wem","16643"
"6094","AkBankSourceData","","609473232","609473232","6093","SoundInitialValues","True","609473232.wem","16643"
"6095","AkMediaInformation","","609473232","609473232","6094","AkBankSourceData","True","609473232.wem","16643"
"6107","CAkSound","","589192513","589192513","109","HircChunk","True","589192513.wem","31778"
"6108","SoundInitialValues","","589192513","589192513","6107","CAkSound","True","589192513.wem","31778"
"6109","AkBankSourceData","","589192513","589192513","6108","SoundInitialValues","True","589192513.wem","31778"
"6110","AkMediaInformation","","589192513","589192513","6109","AkBankSourceData","True","589192513.wem","31778"
"6122","CAkSound","","860778881","860778881","109","HircChunk","True","860778881.wem","33872"
"6123","SoundInitialValues","","860778881","860778881","6122","CAkSound","True","860778881.wem","33872"
"6124","AkBankSourceData","","860778881","860778881","6123","SoundInitialValues","True","860778881.wem","33872"
"6125","AkMediaInformation","","860778881","860778881","6124","AkBankSourceData","True","860778881.wem","33872"
"6137","CAkSound","","631317220","631317220","109","HircChunk","True","631317220.wem","44171"
"6138","SoundInitialValues","","631317220","631317220","6137","CAkSound","True","631317220.wem","44171"
"6139","AkBankSourceData","","631317220","631317220","6138","SoundInitialValues","True","631317220.wem","44171"
"6140","AkMediaInformation","","631317220","631317220","6139","AkBankSourceData","True","631317220.wem","44171"
"6152","CAkSound","","1016239674","1016239674","109","HircChunk","True","1016239674.wem","19999"
"6153","SoundInitialValues","","1016239674","1016239674","6152","CAkSound","True","1016239674.wem","19999"
"6154","AkBankSourceData","","1016239674","1016239674","6153","SoundInitialValues","True","1016239674.wem","19999"
"6155","AkMediaInformation","","1016239674","1016239674","6154","AkBankSourceData","True","1016239674.wem","19999"
"6167","CAkSound","","530181021","530181021","109","HircChunk","True","530181021.wem","26059"
"6168","SoundInitialValues","","530181021","530181021","6167","CAkSound","True","530181021.wem","26059"
"6169","AkBankSourceData","","530181021","530181021","6168","SoundInitialValues","True","530181021.wem","26059"
"6170","AkMediaInformation","","530181021","530181021","6169","AkBankSourceData","True","530181021.wem","26059"
"6182","CAkSound","","291791478","291791478","109","HircChunk","True","291791478.wem","29467"
"6183","SoundInitialValues","","291791478","291791478","6182","CAkSound","True","291791478.wem","29467"
"6184","AkBankSourceData","","291791478","291791478","6183","SoundInitialValues","True","291791478.wem","29467"
"6185","AkMediaInformation","","291791478","291791478","6184","AkBankSourceData","True","291791478.wem","29467"
"6197","CAkSound","","687952756","687952756","109","HircChunk","True","687952756.wem","47498"
"6198","SoundInitialValues","","687952756","687952756","6197","CAkSound","True","687952756.wem","47498"
"6199","AkBankSourceData","","687952756","687952756","6198","SoundInitialValues","True","687952756.wem","47498"
"6200","AkMediaInformation","","687952756","687952756","6199","AkBankSourceData","True","687952756.wem","47498"
"6212","CAkSound","","198261962","198261962","109","HircChunk","True","198261962.wem","27545"
"6213","SoundInitialValues","","198261962","198261962","6212","CAkSound","True","198261962.wem","27545"
"6214","AkBankSourceData","","198261962","198261962","6213","SoundInitialValues","True","198261962.wem","27545"
"6215","AkMediaInformation","","198261962","198261962","6214","AkBankSourceData","True","198261962.wem","27545"
"6227","CAkSound","","929989629","929989629","109","HircChunk","True","929989629.wem","9286"
"6228","SoundInitialValues","","929989629","929989629","6227","CAkSound","True","929989629.wem","9286"
"6229","AkBankSourceData","","929989629","929989629","6228","SoundInitialValues","True","929989629.wem","9286"
"6230","AkMediaInformation","","929989629","929989629","6229","AkBankSourceData","True","929989629.wem","9286"
"6242","CAkSound","","408545271","408545271","109","HircChunk","True","408545271.wem","17080"
"6243","SoundInitialValues","","408545271","408545271","6242","CAkSound","True","408545271.wem","17080"
"6244","AkBankSourceData","","408545271","408545271","6243","SoundInitialValues","True","408545271.wem","17080"
"6245","AkMediaInformation","","408545271","408545271","6244","AkBankSourceData","True","408545271.wem","17080"
"6257","CAkSound","","6407439","6407439","109","HircChunk","True","6407439.wem","40517"
"6258","SoundInitialValues","","6407439","6407439","6257","CAkSound","True","6407439.wem","40517"
"6259","AkBankSourceData","","6407439","6407439","6258","SoundInitialValues","True","6407439.wem","40517"
"6260","AkMediaInformation","","6407439","6407439","6259","AkBankSourceData","True","6407439.wem","40517"
"6272","CAkSound","","896537203","896537203","109","HircChunk","True","896537203.wem","56116"
"6273","SoundInitialValues","","896537203","896537203","6272","CAkSound","True","896537203.wem","56116"
"6274","AkBankSourceData","","896537203","896537203","6273","SoundInitialValues","True","896537203.wem","56116"
"6275","AkMediaInformation","","896537203","896537203","6274","AkBankSourceData","True","896537203.wem","56116"
"6287","CAkSound","","991998568","991998568","109","HircChunk","True","991998568.wem","63594"
"6288","SoundInitialValues","","991998568","991998568","6287","CAkSound","True","991998568.wem","63594"
"6289","AkBankSourceData","","991998568","991998568","6288","SoundInitialValues","True","991998568.wem","63594"
"6290","AkMediaInformation","","991998568","991998568","6289","AkBankSourceData","True","991998568.wem","63594"
"6302","CAkSound","","264318605","264318605","109","HircChunk","True","264318605.wem","13949"
"6303","SoundInitialValues","","264318605","264318605","6302","CAkSound","True","264318605.wem","13949"
"6304","AkBankSourceData","","264318605","264318605","6303","SoundInitialValues","True","264318605.wem","13949"
"6305","AkMediaInformation","","264318605","264318605","6304","AkBankSourceData","True","264318605.wem","13949"
"6317","CAkSound","","219180708","219180708","109","HircChunk","True","219180708.wem","27577"
"6318","SoundInitialValues","","219180708","219180708","6317","CAkSound","True","219180708.wem","27577"
"6319","AkBankSourceData","","219180708","219180708","6318","SoundInitialValues","True","219180708.wem","27577"
"6320","AkMediaInformation","","219180708","219180708","6319","AkBankSourceData","True","219180708.wem","27577"
"6332","CAkSound","","287735083","287735083","109","HircChunk","True","287735083.wem","14253"
"6333","SoundInitialValues","","287735083","287735083","6332","CAkSound","True","287735083.wem","14253"
"6334","AkBankSourceData","","287735083","287735083","6333","SoundInitialValues","True","287735083.wem","14253"
"6335","AkMediaInformation","","287735083","287735083","6334","AkBankSourceData","True","287735083.wem","14253"
"6347","CAkSound","","345019061","345019061","109","HircChunk","True","345019061.wem","32665"
"6348","SoundInitialValues","","345019061","345019061","6347","CAkSound","True","345019061.wem","32665"
"6349","AkBankSourceData","","345019061","345019061","6348","SoundInitialValues","True","345019061.wem","32665"
"6350","AkMediaInformation","","345019061","345019061","6349","AkBankSourceData","True","345019061.wem","32665"
"6362","CAkSound","","406532239","406532239","109","HircChunk","True","406532239.wem","58263"
"6363","SoundInitialValues","","406532239","406532239","6362","CAkSound","True","406532239.wem","58263"
"6364","AkBankSourceData","","406532239","406532239","6363","SoundInitialValues","True","406532239.wem","58263"
"6365","AkMediaInformation","","406532239","406532239","6364","AkBankSourceData","True","406532239.wem","58263"
"6377","CAkSound","","403731769","403731769","109","HircChunk","True","403731769.wem","24117"
"6378","SoundInitialValues","","403731769","403731769","6377","CAkSound","True","403731769.wem","24117"
"6379","AkBankSourceData","","403731769","403731769","6378","SoundInitialValues","True","403731769.wem","24117"
"6380","AkMediaInformation","","403731769","403731769","6379","AkBankSourceData","True","403731769.wem","24117"
"6392","CAkSound","","374071736","374071736","109","HircChunk","True","374071736.wem","25689"
"6393","SoundInitialValues","","374071736","374071736","6392","CAkSound","True","374071736.wem","25689"
"6394","AkBankSourceData","","374071736","374071736","6393","SoundInitialValues","True","374071736.wem","25689"
"6395","AkMediaInformation","","374071736","374071736","6394","AkBankSourceData","True","374071736.wem","25689"
"6407","CAkSound","","695226232","695226232","109","HircChunk","True","695226232.wem","23304"
"6408","SoundInitialValues","","695226232","695226232","6407","CAkSound","True","695226232.wem","23304"
"6409","AkBankSourceData","","695226232","695226232","6408","SoundInitialValues","True","695226232.wem","23304"
"6410","AkMediaInformation","","695226232","695226232","6409","AkBankSourceData","True","695226232.wem","23304"
"6422","CAkSound","","233358959","233358959","109","HircChunk","True","233358959.wem","35181"
"6423","SoundInitialValues","","233358959","233358959","6422","CAkSound","True","233358959.wem","35181"
"6424","AkBankSourceData","","233358959","233358959","6423","SoundInitialValues","True","233358959.wem","35181"
"6425","AkMediaInformation","","233358959","233358959","6424","AkBankSourceData","True","233358959.wem","35181"
"6437","CAkSound","","401770030","401770030","109","HircChunk","True","401770030.wem","56979"
"6438","SoundInitialValues","","401770030","401770030","6437","CAkSound","True","401770030.wem","56979"
"6439","AkBankSourceData","","401770030","401770030","6438","SoundInitialValues","True","401770030.wem","56979"
"6440","AkMediaInformation","","401770030","401770030","6439","AkBankSourceData","True","401770030.wem","56979"
"6452","CAkSound","","892193187","892193187","109","HircChunk","True","892193187.wem","28870"
"6453","SoundInitialValues","","892193187","892193187","6452","CAkSound","True","892193187.wem","28870"
"6454","AkBankSourceData","","892193187","892193187","6453","SoundInitialValues","True","892193187.wem","28870"
"6455","AkMediaInformation","","892193187","892193187","6454","AkBankSourceData","True","892193187.wem","28870"
"6467","CAkSound","","192113431","192113431","109","HircChunk","True","192113431.wem","44245"
"6468","SoundInitialValues","","192113431","192113431","6467","CAkSound","True","192113431.wem","44245"
"6469","AkBankSourceData","","192113431","192113431","6468","SoundInitialValues","True","192113431.wem","44245"
"6470","AkMediaInformation","","192113431","192113431","6469","AkBankSourceData","True","192113431.wem","44245"
"6482","CAkSound","","33235221","33235221","109","HircChunk","True","33235221.wem","65909"
"6483","SoundInitialValues","","33235221","33235221","6482","CAkSound","True","33235221.wem","65909"
"6484","AkBankSourceData","","33235221","33235221","6483","SoundInitialValues","True","33235221.wem","65909"
"6485","AkMediaInformation","","33235221","33235221","6484","AkBankSourceData","True","33235221.wem","65909"
"6497","CAkSound","","491564024","491564024","109","HircChunk","True","491564024.wem","53013"
"6498","SoundInitialValues","","491564024","491564024","6497","CAkSound","True","491564024.wem","53013"
"6499","AkBankSourceData","","491564024","491564024","6498","SoundInitialValues","True","491564024.wem","53013"
"6500","AkMediaInformation","","491564024","491564024","6499","AkBankSourceData","True","491564024.wem","53013"
"6512","CAkSound","","410333338","410333338","109","HircChunk","True","410333338.wem","13545"
"6513","SoundInitialValues","","410333338","410333338","6512","CAkSound","True","410333338.wem","13545"
"6514","AkBankSourceData","","410333338","410333338","6513","SoundInitialValues","True","410333338.wem","13545"
"6515","AkMediaInformation","","410333338","410333338","6514","AkBankSourceData","True","410333338.wem","13545"
"6527","CAkSound","","324489994","324489994","109","HircChunk","True","324489994.wem","178521"
"6528","SoundInitialValues","","324489994","324489994","6527","CAkSound","True","324489994.wem","178521"
"6529","AkBankSourceData","","324489994","324489994","6528","SoundInitialValues","True","324489994.wem","178521"
"6530","AkMediaInformation","","324489994","324489994","6529","AkBankSourceData","True","324489994.wem","178521"
"6542","CAkSound","","431294283","431294283","109","HircChunk","True","431294283.wem","26991"
"6543","SoundInitialValues","","431294283","431294283","6542","CAkSound","True","431294283.wem","26991"
"6544","AkBankSourceData","","431294283","431294283","6543","SoundInitialValues","True","431294283.wem","26991"
"6545","AkMediaInformation","","431294283","431294283","6544","AkBankSourceData","True","431294283.wem","26991"
"6557","CAkSound","","164557132","164557132","109","HircChunk","True","164557132.wem","52413"
"6558","SoundInitialValues","","164557132","164557132","6557","CAkSound","True","164557132.wem","52413"
"6559","AkBankSourceData","","164557132","164557132","6558","SoundInitialValues","True","164557132.wem","52413"
"6560","AkMediaInformation","","164557132","164557132","6559","AkBankSourceData","True","164557132.wem","52413"
"6572","CAkSound","","754082385","754082385","109","HircChunk","True","754082385.wem","28108"
"6573","SoundInitialValues","","754082385","754082385","6572","CAkSound","True","754082385.wem","28108"
"6574","AkBankSourceData","","754082385","754082385","6573","SoundInitialValues","True","754082385.wem","28108"
"6575","AkMediaInformation","","754082385","754082385","6574","AkBankSourceData","True","754082385.wem","28108"
"6587","CAkSound","","1002909437","1002909437","109","HircChunk","True","1002909437.wem","33089"
"6588","SoundInitialValues","","1002909437","1002909437","6587","CAkSound","True","1002909437.wem","33089"
"6589","AkBankSourceData","","1002909437","1002909437","6588","SoundInitialValues","True","1002909437.wem","33089"
"6590","AkMediaInformation","","1002909437","1002909437","6589","AkBankSourceData","True","1002909437.wem","33089"
"6602","CAkSound","","141791397","141791397","109","HircChunk","True","141791397.wem","25490"
"6603","SoundInitialValues","","141791397","141791397","6602","CAkSound","True","141791397.wem","25490"
"6604","AkBankSourceData","","141791397","141791397","6603","SoundInitialValues","True","141791397.wem","25490"
"6605","AkMediaInformation","","141791397","141791397","6604","AkBankSourceData","True","141791397.wem","25490"
"6617","CAkSound","","361924852","361924852","109","HircChunk","True","361924852.wem","28294"
"6618","SoundInitialValues","","361924852","361924852","6617","CAkSound","True","361924852.wem","28294"
"6619","AkBankSourceData","","361924852","361924852","6618","SoundInitialValues","True","361924852.wem","28294"
"6620","AkMediaInformation","","361924852","361924852","6619","AkBankSourceData","True","361924852.wem","28294"
"6632","CAkSound","","800696960","800696960","109","HircChunk","True","800696960.wem","46991"
"6633","SoundInitialValues","","800696960","800696960","6632","CAkSound","True","800696960.wem","46991"
"6634","AkBankSourceData","","800696960","800696960","6633","SoundInitialValues","True","800696960.wem","46991"
"6635","AkMediaInformation","","800696960","800696960","6634","AkBankSourceData","True","800696960.wem","46991"
"6662","CAkSound","","990261344","990261344","109","HircChunk","True","990261344.wem","17544"
"6663","SoundInitialValues","","990261344","990261344","6662","CAkSound","True","990261344.wem","17544"
"6664","AkBankSourceData","","990261344","990261344","6663","SoundInitialValues","True","990261344.wem","17544"
"6665","AkMediaInformation","","990261344","990261344","6664","AkBankSourceData","True","990261344.wem","17544"
"6677","CAkSound","","16292482","16292482","109","HircChunk","True","16292482.wem","8094"
"6678","SoundInitialValues","","16292482","16292482","6677","CAkSound","True","16292482.wem","8094"
"6679","AkBankSourceData","","16292482","16292482","6678","SoundInitialValues","True","16292482.wem","8094"
"6680","AkMediaInformation","","16292482","16292482","6679","AkBankSourceData","True","16292482.wem","8094"
"6692","CAkSound","","162811341","162811341","109","HircChunk","True","162811341.wem","33472"
"6693","SoundInitialValues","","162811341","162811341","6692","CAkSound","True","162811341.wem","33472"
"6694","AkBankSourceData","","162811341","162811341","6693","SoundInitialValues","True","162811341.wem","33472"
"6695","AkMediaInformation","","162811341","162811341","6694","AkBankSourceData","True","162811341.wem","33472"
"6707","CAkSound","","1013619871","1013619871","109","HircChunk","True","1013619871.wem","16536"
"6708","SoundInitialValues","","1013619871","1013619871","6707","CAkSound","True","1013619871.wem","16536"
"6709","AkBankSourceData","","1013619871","1013619871","6708","SoundInitialValues","True","1013619871.wem","16536"
"6710","AkMediaInformation","","1013619871","1013619871","6709","AkBankSourceData","True","1013619871.wem","16536"
"6722","CAkSound","","417658502","417658502","109","HircChunk","True","417658502.wem","22492"
"6723","SoundInitialValues","","417658502","417658502","6722","CAkSound","True","417658502.wem","22492"
"6724","AkBankSourceData","","417658502","417658502","6723","SoundInitialValues","True","417658502.wem","22492"
"6725","AkMediaInformation","","417658502","417658502","6724","AkBankSourceData","True","417658502.wem","22492"
"6737","CAkSound","","342371862","342371862","109","HircChunk","True","342371862.wem","18183"
"6738","SoundInitialValues","","342371862","342371862","6737","CAkSound","True","342371862.wem","18183"
"6739","AkBankSourceData","","342371862","342371862","6738","SoundInitialValues","True","342371862.wem","18183"
"6740","AkMediaInformation","","342371862","342371862","6739","AkBankSourceData","True","342371862.wem","18183"
"6752","CAkSound","","327225481","327225481","109","HircChunk","True","327225481.wem","54235"
"6753","SoundInitialValues","","327225481","327225481","6752","CAkSound","True","327225481.wem","54235"
"6754","AkBankSourceData","","327225481","327225481","6753","SoundInitialValues","True","327225481.wem","54235"
"6755","AkMediaInformation","","327225481","327225481","6754","AkBankSourceData","True","327225481.wem","54235"
"6767","CAkSound","","359231875","359231875","109","HircChunk","True","359231875.wem","17715"
"6768","SoundInitialValues","","359231875","359231875","6767","CAkSound","True","359231875.wem","17715"
"6769","AkBankSourceData","","359231875","359231875","6768","SoundInitialValues","True","359231875.wem","17715"
"6770","AkMediaInformation","","359231875","359231875","6769","AkBankSourceData","True","359231875.wem","17715"
"6782","CAkSound","","430086978","430086978","109","HircChunk","True","430086978.wem","16021"
"6783","SoundInitialValues","","430086978","430086978","6782","CAkSound","True","430086978.wem","16021"
"6784","AkBankSourceData","","430086978","430086978","6783","SoundInitialValues","True","430086978.wem","16021"
"6785","AkMediaInformation","","430086978","430086978","6784","AkBankSourceData","True","430086978.wem","16021"
"6797","CAkSound","","566110703","566110703","109","HircChunk","True","566110703.wem","13353"
"6798","SoundInitialValues","","566110703","566110703","6797","CAkSound","True","566110703.wem","13353"
"6799","AkBankSourceData","","566110703","566110703","6798","SoundInitialValues","True","566110703.wem","13353"
"6800","AkMediaInformation","","566110703","566110703","6799","AkBankSourceData","True","566110703.wem","13353"
"6812","CAkSound","","474078733","474078733","109","HircChunk","True","474078733.wem","27713"
"6813","SoundInitialValues","","474078733","474078733","6812","CAkSound","True","474078733.wem","27713"
"6814","AkBankSourceData","","474078733","474078733","6813","SoundInitialValues","True","474078733.wem","27713"
"6815","AkMediaInformation","","474078733","474078733","6814","AkBankSourceData","True","474078733.wem","27713"
"6827","CAkSound","","376568401","376568401","109","HircChunk","True","376568401.wem","19668"
"6828","SoundInitialValues","","376568401","376568401","6827","CAkSound","True","376568401.wem","19668"
"6829","AkBankSourceData","","376568401","376568401","6828","SoundInitialValues","True","376568401.wem","19668"
"6830","AkMediaInformation","","376568401","376568401","6829","AkBankSourceData","True","376568401.wem","19668"
"6842","CAkSound","","503484683","503484683","109","HircChunk","True","503484683.wem","41852"
"6843","SoundInitialValues","","503484683","503484683","6842","CAkSound","True","503484683.wem","41852"
"6844","AkBankSourceData","","503484683","503484683","6843","SoundInitialValues","True","503484683.wem","41852"
"6845","AkMediaInformation","","503484683","503484683","6844","AkBankSourceData","True","503484683.wem","41852"
"6857","CAkSound","","892162788","892162788","109","HircChunk","True","892162788.wem","75172"
"6858","SoundInitialValues","","892162788","892162788","6857","CAkSound","True","892162788.wem","75172"
"6859","AkBankSourceData","","892162788","892162788","6858","SoundInitialValues","True","892162788.wem","75172"
"6860","AkMediaInformation","","892162788","892162788","6859","AkBankSourceData","True","892162788.wem","75172"
"6872","CAkSound","","662180586","662180586","109","HircChunk","True","662180586.wem","52965"
"6873","SoundInitialValues","","662180586","662180586","6872","CAkSound","True","662180586.wem","52965"
"6874","AkBankSourceData","","662180586","662180586","6873","SoundInitialValues","True","662180586.wem","52965"
"6875","AkMediaInformation","","662180586","662180586","6874","AkBankSourceData","True","662180586.wem","52965"
"6887","CAkSound","","15140111","15140111","109","HircChunk","True","15140111.wem","9769"
"6888","SoundInitialValues","","15140111","15140111","6887","CAkSound","True","15140111.wem","9769"
"6889","AkBankSourceData","","15140111","15140111","6888","SoundInitialValues","True","15140111.wem","9769"
"6890","AkMediaInformation","","15140111","15140111","6889","AkBankSourceData","True","15140111.wem","9769"
"6902","CAkSound","","359297207","359297207","109","HircChunk","True","359297207.wem","38391"
"6903","SoundInitialValues","","359297207","359297207","6902","CAkSound","True","359297207.wem","38391"
"6904","AkBankSourceData","","359297207","359297207","6903","SoundInitialValues","True","359297207.wem","38391"
"6905","AkMediaInformation","","359297207","359297207","6904","AkBankSourceData","True","359297207.wem","38391"
"6917","CAkSound","","264889363","264889363","109","HircChunk","True","264889363.wem","12100"
"6918","SoundInitialValues","","264889363","264889363","6917","CAkSound","True","264889363.wem","12100"
"6919","AkBankSourceData","","264889363","264889363","6918","SoundInitialValues","True","264889363.wem","12100"
"6920","AkMediaInformation","","264889363","264889363","6919","AkBankSourceData","True","264889363.wem","12100"
"6932","CAkSound","","150380784","150380784","109","HircChunk","True","150380784.wem","7104"
"6933","SoundInitialValues","","150380784","150380784","6932","CAkSound","True","150380784.wem","7104"
"6934","AkBankSourceData","","150380784","150380784","6933","SoundInitialValues","True","150380784.wem","7104"
"6935","AkMediaInformation","","150380784","150380784","6934","AkBankSourceData","True","150380784.wem","7104"
"6947","CAkSound","","483044510","483044510","109","HircChunk","True","483044510.wem","30790"
"6948","SoundInitialValues","","483044510","483044510","6947","CAkSound","True","483044510.wem","30790"
"6949","AkBankSourceData","","483044510","483044510","6948","SoundInitialValues","True","483044510.wem","30790"
"6950","AkMediaInformation","","483044510","483044510","6949","AkBankSourceData","True","483044510.wem","30790"
"6962","CAkSound","","637936669","637936669","109","HircChunk","True","637936669.wem","36694"
"6963","SoundInitialValues","","637936669","637936669","6962","CAkSound","True","637936669.wem","36694"
"6964","AkBankSourceData","","637936669","637936669","6963","SoundInitialValues","True","637936669.wem","36694"
"6965","AkMediaInformation","","637936669","637936669","6964","AkBankSourceData","True","637936669.wem","36694"
"6977","CAkSound","","537768246","537768246","109","HircChunk","True","537768246.wem","12967"
"6978","SoundInitialValues","","537768246","537768246","6977","CAkSound","True","537768246.wem","12967"
"6979","AkBankSourceData","","537768246","537768246","6978","SoundInitialValues","True","537768246.wem","12967"
"6980","AkMediaInformation","","537768246","537768246","6979","AkBankSourceData","True","537768246.wem","12967"
"6992","CAkSound","","146493191","146493191","109","HircChunk","True","146493191.wem","14908"
"6993","SoundInitialValues","","146493191","146493191","6992","CAkSound","True","146493191.wem","14908"
"6994","AkBankSourceData","","146493191","146493191","6993","SoundInitialValues","True","146493191.wem","14908"
"6995","AkMediaInformation","","146493191","146493191","6994","AkBankSourceData","True","146493191.wem","14908"
"7007","CAkSound","","6141113","6141113","109","HircChunk","True","6141113.wem","71985"
"7008","SoundInitialValues","","6141113","6141113","7007","CAkSound","True","6141113.wem","71985"
"7009","AkBankSourceData","","6141113","6141113","7008","SoundInitialValues","True","6141113.wem","71985"
"7010","AkMediaInformation","","6141113","6141113","7009","AkBankSourceData","True","6141113.wem","71985"
"7022","CAkSound","","258541100","258541100","109","HircChunk","True","258541100.wem","50056"
"7023","SoundInitialValues","","258541100","258541100","7022","CAkSound","True","258541100.wem","50056"
"7024","AkBankSourceData","","258541100","258541100","7023","SoundInitialValues","True","258541100.wem","50056"
"7025","AkMediaInformation","","258541100","258541100","7024","AkBankSourceData","True","258541100.wem","50056"
"7037","CAkSound","","201897175","201897175","109","HircChunk","True","201897175.wem","19390"
"7038","SoundInitialValues","","201897175","201897175","7037","CAkSound","True","201897175.wem","19390"
"7039","AkBankSourceData","","201897175","201897175","7038","SoundInitialValues","True","201897175.wem","19390"
"7040","AkMediaInformation","","201897175","201897175","7039","AkBankSourceData","True","201897175.wem","19390"
"7052","CAkSound","","739612169","739612169","109","HircChunk","True","739612169.wem","39041"
"7053","SoundInitialValues","","739612169","739612169","7052","CAkSound","True","739612169.wem","39041"
"7054","AkBankSourceData","","739612169","739612169","7053","SoundInitialValues","True","739612169.wem","39041"
"7055","AkMediaInformation","","739612169","739612169","7054","AkBankSourceData","True","739612169.wem","39041"
"7067","CAkSound","","952069668","952069668","109","HircChunk","True","952069668.wem","20883"
"7068","SoundInitialValues","","952069668","952069668","7067","CAkSound","True","952069668.wem","20883"
"7069","AkBankSourceData","","952069668","952069668","7068","SoundInitialValues","True","952069668.wem","20883"
"7070","AkMediaInformation","","952069668","952069668","7069","AkBankSourceData","True","952069668.wem","20883"
"7082","CAkSound","","753289531","753289531","109","HircChunk","True","753289531.wem","28667"
"7083","SoundInitialValues","","753289531","753289531","7082","CAkSound","True","753289531.wem","28667"
"7084","AkBankSourceData","","753289531","753289531","7083","SoundInitialValues","True","753289531.wem","28667"
"7085","AkMediaInformation","","753289531","753289531","7084","AkBankSourceData","True","753289531.wem","28667"
"7097","CAkSound","","780242106","780242106","109","HircChunk","True","780242106.wem","68593"
"7098","SoundInitialValues","","780242106","780242106","7097","CAkSound","True","780242106.wem","68593"
"7099","AkBankSourceData","","780242106","780242106","7098","SoundInitialValues","True","780242106.wem","68593"
"7100","AkMediaInformation","","780242106","780242106","7099","AkBankSourceData","True","780242106.wem","68593"
"7112","CAkSound","","292303274","292303274","109","HircChunk","True","292303274.wem","9004"
"7113","SoundInitialValues","","292303274","292303274","7112","CAkSound","True","292303274.wem","9004"
"7114","AkBankSourceData","","292303274","292303274","7113","SoundInitialValues","True","292303274.wem","9004"
"7115","AkMediaInformation","","292303274","292303274","7114","AkBankSourceData","True","292303274.wem","9004"
"7127","CAkSound","","1010472104","1010472104","109","HircChunk","True","1010472104.wem","32518"
"7128","SoundInitialValues","","1010472104","1010472104","7127","CAkSound","True","1010472104.wem","32518"
"7129","AkBankSourceData","","1010472104","1010472104","7128","SoundInitialValues","True","1010472104.wem","32518"
"7130","AkMediaInformation","","1010472104","1010472104","7129","AkBankSourceData","True","1010472104.wem","32518"
"7142","CAkSound","","16526771","16526771","109","HircChunk","True","16526771.wem","40766"
"7143","SoundInitialValues","","16526771","16526771","7142","CAkSound","True","16526771.wem","40766"
"7144","AkBankSourceData","","16526771","16526771","7143","SoundInitialValues","True","16526771.wem","40766"
"7145","AkMediaInformation","","16526771","16526771","7144","AkBankSourceData","True","16526771.wem","40766"
"7157","CAkSound","","556011718","556011718","109","HircChunk","True","556011718.wem","39908"
"7158","SoundInitialValues","","556011718","556011718","7157","CAkSound","True","556011718.wem","39908"
"7159","AkBankSourceData","","556011718","556011718","7158","SoundInitialValues","True","556011718.wem","39908"
"7160","AkMediaInformation","","556011718","556011718","7159","AkBankSourceData","True","556011718.wem","39908"
"7172","CAkSound","","1067575506","1067575506","109","HircChunk","True","1067575506.wem","60557"
"7173","SoundInitialValues","","1067575506","1067575506","7172","CAkSound","True","1067575506.wem","60557"
"7174","AkBankSourceData","","1067575506","1067575506","7173","SoundInitialValues","True","1067575506.wem","60557"
"7175","AkMediaInformation","","1067575506","1067575506","7174","AkBankSourceData","True","1067575506.wem","60557"
"7187","CAkSound","","1994541","1994541","109","HircChunk","True","1994541.wem","11063"
"7188","SoundInitialValues","","1994541","1994541","7187","CAkSound","True","1994541.wem","11063"
"7189","AkBankSourceData","","1994541","1994541","7188","SoundInitialValues","True","1994541.wem","11063"
"7190","AkMediaInformation","","1994541","1994541","7189","AkBankSourceData","True","1994541.wem","11063"
"7202","CAkSound","","1051914724","1051914724","109","HircChunk","True","1051914724.wem","32935"
"7203","SoundInitialValues","","1051914724","1051914724","7202","CAkSound","True","1051914724.wem","32935"
"7204","AkBankSourceData","","1051914724","1051914724","7203","SoundInitialValues","True","1051914724.wem","32935"
"7205","AkMediaInformation","","1051914724","1051914724","7204","AkBankSourceData","True","1051914724.wem","32935"
"7217","CAkSound","","560912128","560912128","109","HircChunk","True","560912128.wem","8314"
"7218","SoundInitialValues","","560912128","560912128","7217","CAkSound","True","560912128.wem","8314"
"7219","AkBankSourceData","","560912128","560912128","7218","SoundInitialValues","True","560912128.wem","8314"
"7220","AkMediaInformation","","560912128","560912128","7219","AkBankSourceData","True","560912128.wem","8314"
"7232","CAkSound","","766329512","766329512","109","HircChunk","True","766329512.wem","16281"
"7233","SoundInitialValues","","766329512","766329512","7232","CAkSound","True","766329512.wem","16281"
"7234","AkBankSourceData","","766329512","766329512","7233","SoundInitialValues","True","766329512.wem","16281"
"7235","AkMediaInformation","","766329512","766329512","7234","AkBankSourceData","True","766329512.wem","16281"
"7247","CAkSound","","68392483","68392483","109","HircChunk","True","68392483.wem","62349"
"7248","SoundInitialValues","","68392483","68392483","7247","CAkSound","True","68392483.wem","62349"
"7249","AkBankSourceData","","68392483","68392483","7248","SoundInitialValues","True","68392483.wem","62349"
"7250","AkMediaInformation","","68392483","68392483","7249","AkBankSourceData","True","68392483.wem","62349"
"7262","CAkSound","","903710341","903710341","109","HircChunk","True","903710341.wem","8563"
"7263","SoundInitialValues","","903710341","903710341","7262","CAkSound","True","903710341.wem","8563"
"7264","AkBankSourceData","","903710341","903710341","7263","SoundInitialValues","True","903710341.wem","8563"
"7265","AkMediaInformation","","903710341","903710341","7264","AkBankSourceData","True","903710341.wem","8563"
"7277","CAkSound","","218049326","218049326","109","HircChunk","True","218049326.wem","23920"
"7278","SoundInitialValues","","218049326","218049326","7277","CAkSound","True","218049326.wem","23920"
"7279","AkBankSourceData","","218049326","218049326","7278","SoundInitialValues","True","218049326.wem","23920"
"7280","AkMediaInformation","","218049326","218049326","7279","AkBankSourceData","True","218049326.wem","23920"
"7292","CAkSound","","28006126","28006126","109","HircChunk","True","28006126.wem","32419"
"7293","SoundInitialValues","","28006126","28006126","7292","CAkSound","True","28006126.wem","32419"
"7294","AkBankSourceData","","28006126","28006126","7293","SoundInitialValues","True","28006126.wem","32419"
"7295","AkMediaInformation","","28006126","28006126","7294","AkBankSourceData","True","28006126.wem","32419"
"7307","CAkSound","","441636163","441636163","109","HircChunk","True","441636163.wem","11305"
"7308","SoundInitialValues","","441636163","441636163","7307","CAkSound","True","441636163.wem","11305"
"7309","AkBankSourceData","","441636163","441636163","7308","SoundInitialValues","True","441636163.wem","11305"
"7310","AkMediaInformation","","441636163","441636163","7309","AkBankSourceData","True","441636163.wem","11305"
"7322","CAkSound","","842102351","842102351","109","HircChunk","True","842102351.wem","40648"
"7323","SoundInitialValues","","842102351","842102351","7322","CAkSound","True","842102351.wem","40648"
"7324","AkBankSourceData","","842102351","842102351","7323","SoundInitialValues","True","842102351.wem","40648"
"7325","AkMediaInformation","","842102351","842102351","7324","AkBankSourceData","True","842102351.wem","40648"
"7337","CAkSound","","744639936","744639936","109","HircChunk","True","744639936.wem","19868"
"7338","SoundInitialValues","","744639936","744639936","7337","CAkSound","True","744639936.wem","19868"
"7339","AkBankSourceData","","744639936","744639936","7338","SoundInitialValues","True","744639936.wem","19868"
"7340","AkMediaInformation","","744639936","744639936","7339","AkBankSourceData","True","744639936.wem","19868"
"7352","CAkSound","","895007152","895007152","109","HircChunk","True","895007152.wem","23880"
"7353","SoundInitialValues","","895007152","895007152","7352","CAkSound","True","895007152.wem","23880"
"7354","AkBankSourceData","","895007152","895007152","7353","SoundInitialValues","True","895007152.wem","23880"
"7355","AkMediaInformation","","895007152","895007152","7354","AkBankSourceData","True","895007152.wem","23880"
"7367","CAkSound","","505642874","505642874","109","HircChunk","True","505642874.wem","47557"
"7368","SoundInitialValues","","505642874","505642874","7367","CAkSound","True","505642874.wem","47557"
"7369","AkBankSourceData","","505642874","505642874","7368","SoundInitialValues","True","505642874.wem","47557"
"7370","AkMediaInformation","","505642874","505642874","7369","AkBankSourceData","True","505642874.wem","47557"
"7382","CAkSound","","25982441","25982441","109","HircChunk","True","25982441.wem","16033"
"7383","SoundInitialValues","","25982441","25982441","7382","CAkSound","True","25982441.wem","16033"
"7384","AkBankSourceData","","25982441","25982441","7383","SoundInitialValues","True","25982441.wem","16033"
"7385","AkMediaInformation","","25982441","25982441","7384","AkBankSourceData","True","25982441.wem","16033"
"7397","CAkSound","","166581581","166581581","109","HircChunk","True","166581581.wem","30102"
"7398","SoundInitialValues","","166581581","166581581","7397","CAkSound","True","166581581.wem","30102"
"7399","AkBankSourceData","","166581581","166581581","7398","SoundInitialValues","True","166581581.wem","30102"
"7400","AkMediaInformation","","166581581","166581581","7399","AkBankSourceData","True","166581581.wem","30102"
"7412","CAkSound","","67801274","67801274","109","HircChunk","True","67801274.wem","90480"
"7413","SoundInitialValues","","67801274","67801274","7412","CAkSound","True","67801274.wem","90480"
"7414","AkBankSourceData","","67801274","67801274","7413","SoundInitialValues","True","67801274.wem","90480"
"7415","AkMediaInformation","","67801274","67801274","7414","AkBankSourceData","True","67801274.wem","90480"
"7427","CAkSound","","731194467","731194467","109","HircChunk","True","731194467.wem","46783"
"7428","SoundInitialValues","","731194467","731194467","7427","CAkSound","True","731194467.wem","46783"
"7429","AkBankSourceData","","731194467","731194467","7428","SoundInitialValues","True","731194467.wem","46783"
"7430","AkMediaInformation","","731194467","731194467","7429","AkBankSourceData","True","731194467.wem","46783"
"7442","CAkSound","","206085556","206085556","109","HircChunk","True","206085556.wem","69546"
"7443","SoundInitialValues","","206085556","206085556","7442","CAkSound","True","206085556.wem","69546"
"7444","AkBankSourceData","","206085556","206085556","7443","SoundInitialValues","True","206085556.wem","69546"
"7445","AkMediaInformation","","206085556","206085556","7444","AkBankSourceData","True","206085556.wem","69546"
"7457","CAkSound","","485350741","485350741","109","HircChunk","True","485350741.wem","40228"
"7458","SoundInitialValues","","485350741","485350741","7457","CAkSound","True","485350741.wem","40228"
"7459","AkBankSourceData","","485350741","485350741","7458","SoundInitialValues","True","485350741.wem","40228"
"7460","AkMediaInformation","","485350741","485350741","7459","AkBankSourceData","True","485350741.wem","40228"
"7472","CAkSound","","239395106","239395106","109","HircChunk","True","239395106.wem","10191"
"7473","SoundInitialValues","","239395106","239395106","7472","CAkSound","True","239395106.wem","10191"
"7474","AkBankSourceData","","239395106","239395106","7473","SoundInitialValues","True","239395106.wem","10191"
"7475","AkMediaInformation","","239395106","239395106","7474","AkBankSourceData","True","239395106.wem","10191"
"7487","CAkSound","","884690055","884690055","109","HircChunk","True","884690055.wem","17056"
"7488","SoundInitialValues","","884690055","884690055","7487","CAkSound","True","884690055.wem","17056"
"7489","AkBankSourceData","","884690055","884690055","7488","SoundInitialValues","True","884690055.wem","17056"
"7490","AkMediaInformation","","884690055","884690055","7489","AkBankSourceData","True","884690055.wem","17056"
"7502","CAkSound","","790152374","790152374","109","HircChunk","True","790152374.wem","18325"
"7503","SoundInitialValues","","790152374","790152374","7502","CAkSound","True","790152374.wem","18325"
"7504","AkBankSourceData","","790152374","790152374","7503","SoundInitialValues","True","790152374.wem","18325"
"7505","AkMediaInformation","","790152374","790152374","7504","AkBankSourceData","True","790152374.wem","18325"
"7517","CAkSound","","596333364","596333364","109","HircChunk","True","596333364.wem","7830"
"7518","SoundInitialValues","","596333364","596333364","7517","CAkSound","True","596333364.wem","7830"
"7519","AkBankSourceData","","596333364","596333364","7518","SoundInitialValues","True","596333364.wem","7830"
"7520","AkMediaInformation","","596333364","596333364","7519","AkBankSourceData","True","596333364.wem","7830"
"7532","CAkSound","","493722911","493722911","109","HircChunk","True","493722911.wem","44282"
"7533","SoundInitialValues","","493722911","493722911","7532","CAkSound","True","493722911.wem","44282"
"7534","AkBankSourceData","","493722911","493722911","7533","SoundInitialValues","True","493722911.wem","44282"
"7535","AkMediaInformation","","493722911","493722911","7534","AkBankSourceData","True","493722911.wem","44282"
"7547","CAkSound","","520292044","520292044","109","HircChunk","True","520292044.wem","29683"
"7548","SoundInitialValues","","520292044","520292044","7547","CAkSound","True","520292044.wem","29683"
"7549","AkBankSourceData","","520292044","520292044","7548","SoundInitialValues","True","520292044.wem","29683"
"7550","AkMediaInformation","","520292044","520292044","7549","AkBankSourceData","True","520292044.wem","29683"
"7562","CAkSound","","270299190","270299190","109","HircChunk","True","270299190.wem","6324"
"7563","SoundInitialValues","","270299190","270299190","7562","CAkSound","True","270299190.wem","6324"
"7564","AkBankSourceData","","270299190","270299190","7563","SoundInitialValues","True","270299190.wem","6324"
"7565","AkMediaInformation","","270299190","270299190","7564","AkBankSourceData","True","270299190.wem","6324"
"7577","CAkSound","","900193839","900193839","109","HircChunk","True","900193839.wem","7085"
"7578","SoundInitialValues","","900193839","900193839","7577","CAkSound","True","900193839.wem","7085"
"7579","AkBankSourceData","","900193839","900193839","7578","SoundInitialValues","True","900193839.wem","7085"
"7580","AkMediaInformation","","900193839","900193839","7579","AkBankSourceData","True","900193839.wem","7085"
"7592","CAkSound","","215314467","215314467","109","HircChunk","True","215314467.wem","10897"
"7593","SoundInitialValues","","215314467","215314467","7592","CAkSound","True","215314467.wem","10897"
"7594","AkBankSourceData","","215314467","215314467","7593","SoundInitialValues","True","215314467.wem","10897"
"7595","AkMediaInformation","","215314467","215314467","7594","AkBankSourceData","True","215314467.wem","10897"
"7607","CAkSound","","442044236","442044236","109","HircChunk","True","442044236.wem","8274"
"7608","SoundInitialValues","","442044236","442044236","7607","CAkSound","True","442044236.wem","8274"
"7609","AkBankSourceData","","442044236","442044236","7608","SoundInitialValues","True","442044236.wem","8274"
"7610","AkMediaInformation","","442044236","442044236","7609","AkBankSourceData","True","442044236.wem","8274"
"7622","CAkSound","","86008251","86008251","109","HircChunk","True","86008251.wem","43551"
"7623","SoundInitialValues","","86008251","86008251","7622","CAkSound","True","86008251.wem","43551"
"7624","AkBankSourceData","","86008251","86008251","7623","SoundInitialValues","True","86008251.wem","43551"
"7625","AkMediaInformation","","86008251","86008251","7624","AkBankSourceData","True","86008251.wem","43551"
"7637","CAkSound","","72599138","72599138","109","HircChunk","True","72599138.wem","25550"
"7638","SoundInitialValues","","72599138","72599138","7637","CAkSound","True","72599138.wem","25550"
"7639","AkBankSourceData","","72599138","72599138","7638","SoundInitialValues","True","72599138.wem","25550"
"7640","AkMediaInformation","","72599138","72599138","7639","AkBankSourceData","True","72599138.wem","25550"
"7652","CAkSound","","738169013","738169013","109","HircChunk","True","738169013.wem","57726"
"7653","SoundInitialValues","","738169013","738169013","7652","CAkSound","True","738169013.wem","57726"
"7654","AkBankSourceData","","738169013","738169013","7653","SoundInitialValues","True","738169013.wem","57726"
"7655","AkMediaInformation","","738169013","738169013","7654","AkBankSourceData","True","738169013.wem","57726"
"7667","CAkSound","","482232445","482232445","109","HircChunk","True","482232445.wem","113230"
"7668","SoundInitialValues","","482232445","482232445","7667","CAkSound","True","482232445.wem","113230"
"7669","AkBankSourceData","","482232445","482232445","7668","SoundInitialValues","True","482232445.wem","113230"
"7670","AkMediaInformation","","482232445","482232445","7669","AkBankSourceData","True","482232445.wem","113230"
"7682","CAkSound","","443826166","443826166","109","HircChunk","True","443826166.wem","21627"
"7683","SoundInitialValues","","443826166","443826166","7682","CAkSound","True","443826166.wem","21627"
"7684","AkBankSourceData","","443826166","443826166","7683","SoundInitialValues","True","443826166.wem","21627"
"7685","AkMediaInformation","","443826166","443826166","7684","AkBankSourceData","True","443826166.wem","21627"
"7697","CAkSound","","796883833","796883833","109","HircChunk","True","796883833.wem","23108"
"7698","SoundInitialValues","","796883833","796883833","7697","CAkSound","True","796883833.wem","23108"
"7699","AkBankSourceData","","796883833","796883833","7698","SoundInitialValues","True","796883833.wem","23108"
"7700","AkMediaInformation","","796883833","796883833","7699","AkBankSourceData","True","796883833.wem","23108"
"7712","CAkSound","","763059289","763059289","109","HircChunk","True","763059289.wem","77983"
"7713","SoundInitialValues","","763059289","763059289","7712","CAkSound","True","763059289.wem","77983"
"7714","AkBankSourceData","","763059289","763059289","7713","SoundInitialValues","True","763059289.wem","77983"
"7715","AkMediaInformation","","763059289","763059289","7714","AkBankSourceData","True","763059289.wem","77983"
"7727","CAkSound","","470175939","470175939","109","HircChunk","True","470175939.wem","22719"
"7728","SoundInitialValues","","470175939","470175939","7727","CAkSound","True","470175939.wem","22719"
"7729","AkBankSourceData","","470175939","470175939","7728","SoundInitialValues","True","470175939.wem","22719"
"7730","AkMediaInformation","","470175939","470175939","7729","AkBankSourceData","True","470175939.wem","22719"
"7742","CAkSound","","669126361","669126361","109","HircChunk","True","669126361.wem","24296"
"7743","SoundInitialValues","","669126361","669126361","7742","CAkSound","True","669126361.wem","24296"
"7744","AkBankSourceData","","669126361","669126361","7743","SoundInitialValues","True","669126361.wem","24296"
"7745","AkMediaInformation","","669126361","669126361","7744","AkBankSourceData","True","669126361.wem","24296"
"7757","CAkSound","","534780668","534780668","109","HircChunk","True","534780668.wem","11996"
"7758","SoundInitialValues","","534780668","534780668","7757","CAkSound","True","534780668.wem","11996"
"7759","AkBankSourceData","","534780668","534780668","7758","SoundInitialValues","True","534780668.wem","11996"
"7760","AkMediaInformation","","534780668","534780668","7759","AkBankSourceData","True","534780668.wem","11996"
"7772","CAkSound","","145401243","145401243","109","HircChunk","True","145401243.wem","12548"
"7773","SoundInitialValues","","145401243","145401243","7772","CAkSound","True","145401243.wem","12548"
"7774","AkBankSourceData","","145401243","145401243","7773","SoundInitialValues","True","145401243.wem","12548"
"7775","AkMediaInformation","","145401243","145401243","7774","AkBankSourceData","True","145401243.wem","12548"
"7787","CAkSound","","1069557766","1069557766","109","HircChunk","True","1069557766.wem","17945"
"7788","SoundInitialValues","","1069557766","1069557766","7787","CAkSound","True","1069557766.wem","17945"
"7789","AkBankSourceData","","1069557766","1069557766","7788","SoundInitialValues","True","1069557766.wem","17945"
"7790","AkMediaInformation","","1069557766","1069557766","7789","AkBankSourceData","True","1069557766.wem","17945"
"7802","CAkSound","","1064404150","1064404150","109","HircChunk","True","1064404150.wem","20962"
"7803","SoundInitialValues","","1064404150","1064404150","7802","CAkSound","True","1064404150.wem","20962"
"7804","AkBankSourceData","","1064404150","1064404150","7803","SoundInitialValues","True","1064404150.wem","20962"
"7805","AkMediaInformation","","1064404150","1064404150","7804","AkBankSourceData","True","1064404150.wem","20962"
"7817","CAkSound","","62506718","62506718","109","HircChunk","True","62506718.wem","23397"
"7818","SoundInitialValues","","62506718","62506718","7817","CAkSound","True","62506718.wem","23397"
"7819","AkBankSourceData","","62506718","62506718","7818","SoundInitialValues","True","62506718.wem","23397"
"7820","AkMediaInformation","","62506718","62506718","7819","AkBankSourceData","True","62506718.wem","23397"
"7832","CAkSound","","927048682","927048682","109","HircChunk","True","927048682.wem","7764"
"7833","SoundInitialValues","","927048682","927048682","7832","CAkSound","True","927048682.wem","7764"
"7834","AkBankSourceData","","927048682","927048682","7833","SoundInitialValues","True","927048682.wem","7764"
"7835","AkMediaInformation","","927048682","927048682","7834","AkBankSourceData","True","927048682.wem","7764"
"7847","CAkSound","","779318320","779318320","109","HircChunk","True","779318320.wem","43058"
"7848","SoundInitialValues","","779318320","779318320","7847","CAkSound","True","779318320.wem","43058"
"7849","AkBankSourceData","","779318320","779318320","7848","SoundInitialValues","True","779318320.wem","43058"
"7850","AkMediaInformation","","779318320","779318320","7849","AkBankSourceData","True","779318320.wem","43058"
"7862","CAkSound","","871207888","871207888","109","HircChunk","True","871207888.wem","16620"
"7863","SoundInitialValues","","871207888","871207888","7862","CAkSound","True","871207888.wem","16620"
"7864","AkBankSourceData","","871207888","871207888","7863","SoundInitialValues","True","871207888.wem","16620"
"7865","AkMediaInformation","","871207888","871207888","7864","AkBankSourceData","True","871207888.wem","16620"
"7877","CAkSound","","7390073","7390073","109","HircChunk","True","7390073.wem","59265"
"7878","SoundInitialValues","","7390073","7390073","7877","CAkSound","True","7390073.wem","59265"
"7879","AkBankSourceData","","7390073","7390073","7878","SoundInitialValues","True","7390073.wem","59265"
"7880","AkMediaInformation","","7390073","7390073","7879","AkBankSourceData","True","7390073.wem","59265"
"7892","CAkSound","","465962432","465962432","109","HircChunk","True","465962432.wem","11928"
"7893","SoundInitialValues","","465962432","465962432","7892","CAkSound","True","465962432.wem","11928"
"7894","AkBankSourceData","","465962432","465962432","7893","SoundInitialValues","True","465962432.wem","11928"
"7895","AkMediaInformation","","465962432","465962432","7894","AkBankSourceData","True","465962432.wem","11928"
"7907","CAkSound","","1019777163","1019777163","109","HircChunk","True","1019777163.wem","17559"
"7908","SoundInitialValues","","1019777163","1019777163","7907","CAkSound","True","1019777163.wem","17559"
"7909","AkBankSourceData","","1019777163","1019777163","7908","SoundInitialValues","True","1019777163.wem","17559"
"7910","AkMediaInformation","","1019777163","1019777163","7909","AkBankSourceData","True","1019777163.wem","17559"
"7922","CAkSound","","939099692","939099692","109","HircChunk","True","939099692.wem","87032"
"7923","SoundInitialValues","","939099692","939099692","7922","CAkSound","True","939099692.wem","87032"
"7924","AkBankSourceData","","939099692","939099692","7923","SoundInitialValues","True","939099692.wem","87032"
"7925","AkMediaInformation","","939099692","939099692","7924","AkBankSourceData","True","939099692.wem","87032"
"7937","CAkSound","","49679125","49679125","109","HircChunk","True","49679125.wem","44532"
"7938","SoundInitialValues","","49679125","49679125","7937","CAkSound","True","49679125.wem","44532"
"7939","AkBankSourceData","","49679125","49679125","7938","SoundInitialValues","True","49679125.wem","44532"
"7940","AkMediaInformation","","49679125","49679125","7939","AkBankSourceData","True","49679125.wem","44532"
"7952","CAkSound","","223275476","223275476","109","HircChunk","True","223275476.wem","26582"
"7953","SoundInitialValues","","223275476","223275476","7952","CAkSound","True","223275476.wem","26582"
"7954","AkBankSourceData","","223275476","223275476","7953","SoundInitialValues","True","223275476.wem","26582"
"7955","AkMediaInformation","","223275476","223275476","7954","AkBankSourceData","True","223275476.wem","26582"
"7967","CAkSound","","770080605","770080605","109","HircChunk","True","770080605.wem","8850"
"7968","SoundInitialValues","","770080605","770080605","7967","CAkSound","True","770080605.wem","8850"
"7969","AkBankSourceData","","770080605","770080605","7968","SoundInitialValues","True","770080605.wem","8850"
"7970","AkMediaInformation","","770080605","770080605","7969","AkBankSourceData","True","770080605.wem","8850"
"7982","CAkSound","","419074368","419074368","109","HircChunk","True","419074368.wem","13656"
"7983","SoundInitialValues","","419074368","419074368","7982","CAkSound","True","419074368.wem","13656"
"7984","AkBankSourceData","","419074368","419074368","7983","SoundInitialValues","True","419074368.wem","13656"
"7985","AkMediaInformation","","419074368","419074368","7984","AkBankSourceData","True","419074368.wem","13656"
"7997","CAkSound","","546071994","546071994","109","HircChunk","True","546071994.wem","33921"
"7998","SoundInitialValues","","546071994","546071994","7997","CAkSound","True","546071994.wem","33921"
"7999","AkBankSourceData","","546071994","546071994","7998","SoundInitialValues","True","546071994.wem","33921"
"8000","AkMediaInformation","","546071994","546071994","7999","AkBankSourceData","True","546071994.wem","33921"
"8012","CAkSound","","652307045","652307045","109","HircChunk","True","652307045.wem","25697"
"8013","SoundInitialValues","","652307045","652307045","8012","CAkSound","True","652307045.wem","25697"
"8014","AkBankSourceData","","652307045","652307045","8013","SoundInitialValues","True","652307045.wem","25697"
"8015","AkMediaInformation","","652307045","652307045","8014","AkBankSourceData","True","652307045.wem","25697"
"8027","CAkSound","","212234175","212234175","109","HircChunk","True","212234175.wem","37502"
"8028","SoundInitialValues","","212234175","212234175","8027","CAkSound","True","212234175.wem","37502"
"8029","AkBankSourceData","","212234175","212234175","8028","SoundInitialValues","True","212234175.wem","37502"
"8030","AkMediaInformation","","212234175","212234175","8029","AkBankSourceData","True","212234175.wem","37502"
"8042","CAkSound","","192487085","192487085","109","HircChunk","True","192487085.wem","9338"
"8043","SoundInitialValues","","192487085","192487085","8042","CAkSound","True","192487085.wem","9338"
"8044","AkBankSourceData","","192487085","192487085","8043","SoundInitialValues","True","192487085.wem","9338"
"8045","AkMediaInformation","","192487085","192487085","8044","AkBankSourceData","True","192487085.wem","9338"
"8057","CAkSound","","874708357","874708357","109","HircChunk","True","874708357.wem","107541"
"8058","SoundInitialValues","","874708357","874708357","8057","CAkSound","True","874708357.wem","107541"
"8059","AkBankSourceData","","874708357","874708357","8058","SoundInitialValues","True","874708357.wem","107541"
"8060","AkMediaInformation","","874708357","874708357","8059","AkBankSourceData","True","874708357.wem","107541"
"8072","CAkSound","","472341349","472341349","109","HircChunk","True","472341349.wem","84461"
"8073","SoundInitialValues","","472341349","472341349","8072","CAkSound","True","472341349.wem","84461"
"8074","AkBankSourceData","","472341349","472341349","8073","SoundInitialValues","True","472341349.wem","84461"
"8075","AkMediaInformation","","472341349","472341349","8074","AkBankSourceData","True","472341349.wem","84461"
"8087","CAkSound","","545435231","545435231","109","HircChunk","True","545435231.wem","33967"
"8088","SoundInitialValues","","545435231","545435231","8087","CAkSound","True","545435231.wem","33967"
"8089","AkBankSourceData","","545435231","545435231","8088","SoundInitialValues","True","545435231.wem","33967"
"8090","AkMediaInformation","","545435231","545435231","8089","AkBankSourceData","True","545435231.wem","33967"
"8102","CAkSound","","959761289","959761289","109","HircChunk","True","959761289.wem","13427"
"8103","SoundInitialValues","","959761289","959761289","8102","CAkSound","True","959761289.wem","13427"
"8104","AkBankSourceData","","959761289","959761289","8103","SoundInitialValues","True","959761289.wem","13427"
"8105","AkMediaInformation","","959761289","959761289","8104","AkBankSourceData","True","959761289.wem","13427"
"8117","CAkSound","","366751104","366751104","109","HircChunk","True","366751104.wem","20070"
"8118","SoundInitialValues","","366751104","366751104","8117","CAkSound","True","366751104.wem","20070"
"8119","AkBankSourceData","","366751104","366751104","8118","SoundInitialValues","True","366751104.wem","20070"
"8120","AkMediaInformation","","366751104","366751104","8119","AkBankSourceData","True","366751104.wem","20070"
"8132","CAkSound","","216677552","216677552","109","HircChunk","True","216677552.wem","31477"
"8133","SoundInitialValues","","216677552","216677552","8132","CAkSound","True","216677552.wem","31477"
"8134","AkBankSourceData","","216677552","216677552","8133","SoundInitialValues","True","216677552.wem","31477"
"8135","AkMediaInformation","","216677552","216677552","8134","AkBankSourceData","True","216677552.wem","31477"
"8147","CAkSound","","174011257","174011257","109","HircChunk","True","174011257.wem","10578"
"8148","SoundInitialValues","","174011257","174011257","8147","CAkSound","True","174011257.wem","10578"
"8149","AkBankSourceData","","174011257","174011257","8148","SoundInitialValues","True","174011257.wem","10578"
"8150","AkMediaInformation","","174011257","174011257","8149","AkBankSourceData","True","174011257.wem","10578"
"8162","CAkSound","","933900365","933900365","109","HircChunk","True","933900365.wem","15523"
"8163","SoundInitialValues","","933900365","933900365","8162","CAkSound","True","933900365.wem","15523"
"8164","AkBankSourceData","","933900365","933900365","8163","SoundInitialValues","True","933900365.wem","15523"
"8165","AkMediaInformation","","933900365","933900365","8164","AkBankSourceData","True","933900365.wem","15523"
"8177","CAkSound","","596342624","596342624","109","HircChunk","True","596342624.wem","11304"
"8178","SoundInitialValues","","596342624","596342624","8177","CAkSound","True","596342624.wem","11304"
"8179","AkBankSourceData","","596342624","596342624","8178","SoundInitialValues","True","596342624.wem","11304"
"8180","AkMediaInformation","","596342624","596342624","8179","AkBankSourceData","True","596342624.wem","11304"
"8192","CAkSound","","990676790","990676790","109","HircChunk","True","990676790.wem","45071"
"8193","SoundInitialValues","","990676790","990676790","8192","CAkSound","True","990676790.wem","45071"
"8194","AkBankSourceData","","990676790","990676790","8193","SoundInitialValues","True","990676790.wem","45071"
"8195","AkMediaInformation","","990676790","990676790","8194","AkBankSourceData","True","990676790.wem","45071"
"8207","CAkSound","","1030164003","1030164003","109","HircChunk","True","1030164003.wem","43999"
"8208","SoundInitialValues","","1030164003","1030164003","8207","CAkSound","True","1030164003.wem","43999"
"8209","AkBankSourceData","","1030164003","1030164003","8208","SoundInitialValues","True","1030164003.wem","43999"
"8210","AkMediaInformation","","1030164003","1030164003","8209","AkBankSourceData","True","1030164003.wem","43999"
"8222","CAkSound","","299604590","299604590","109","HircChunk","True","299604590.wem","14886"
"8223","SoundInitialValues","","299604590","299604590","8222","CAkSound","True","299604590.wem","14886"
"8224","AkBankSourceData","","299604590","299604590","8223","SoundInitialValues","True","299604590.wem","14886"
"8225","AkMediaInformation","","299604590","299604590","8224","AkBankSourceData","True","299604590.wem","14886"
"8237","CAkSound","","79594765","79594765","109","HircChunk","True","79594765.wem","78802"
"8238","SoundInitialValues","","79594765","79594765","8237","CAkSound","True","79594765.wem","78802"
"8239","AkBankSourceData","","79594765","79594765","8238","SoundInitialValues","True","79594765.wem","78802"
"8240","AkMediaInformation","","79594765","79594765","8239","AkBankSourceData","True","79594765.wem","78802"
"8252","CAkSound","","192194498","192194498","109","HircChunk","True","192194498.wem","41402"
"8253","SoundInitialValues","","192194498","192194498","8252","CAkSound","True","192194498.wem","41402"
"8254","AkBankSourceData","","192194498","192194498","8253","SoundInitialValues","True","192194498.wem","41402"
"8255","AkMediaInformation","","192194498","192194498","8254","AkBankSourceData","True","192194498.wem","41402"
"8267","CAkSound","","778813174","778813174","109","HircChunk","True","778813174.wem","8288"
"8268","SoundInitialValues","","778813174","778813174","8267","CAkSound","True","778813174.wem","8288"
"8269","AkBankSourceData","","778813174","778813174","8268","SoundInitialValues","True","778813174.wem","8288"
"8270","AkMediaInformation","","778813174","778813174","8269","AkBankSourceData","True","778813174.wem","8288"
"8282","CAkSound","","290922556","290922556","109","HircChunk","True","290922556.wem","26504"
"8283","SoundInitialValues","","290922556","290922556","8282","CAkSound","True","290922556.wem","26504"
"8284","AkBankSourceData","","290922556","290922556","8283","SoundInitialValues","True","290922556.wem","26504"
"8285","AkMediaInformation","","290922556","290922556","8284","AkBankSourceData","True","290922556.wem","26504"
"8297","CAkSound","","829944393","829944393","109","HircChunk","True","829944393.wem","17845"
"8298","SoundInitialValues","","829944393","829944393","8297","CAkSound","True","829944393.wem","17845"
"8299","AkBankSourceData","","829944393","829944393","8298","SoundInitialValues","True","829944393.wem","17845"
"8300","AkMediaInformation","","829944393","829944393","8299","AkBankSourceData","True","829944393.wem","17845"
"8312","CAkSound","","743470628","743470628","109","HircChunk","True","743470628.wem","38879"
"8313","SoundInitialValues","","743470628","743470628","8312","CAkSound","True","743470628.wem","38879"
"8314","AkBankSourceData","","743470628","743470628","8313","SoundInitialValues","True","743470628.wem","38879"
"8315","AkMediaInformation","","743470628","743470628","8314","AkBankSourceData","True","743470628.wem","38879"
"8327","CAkSound","","411497555","411497555","109","HircChunk","True","411497555.wem","24355"
"8328","SoundInitialValues","","411497555","411497555","8327","CAkSound","True","411497555.wem","24355"
"8329","AkBankSourceData","","411497555","411497555","8328","SoundInitialValues","True","411497555.wem","24355"
"8330","AkMediaInformation","","411497555","411497555","8329","AkBankSourceData","True","411497555.wem","24355"
"8342","CAkSound","","139219960","139219960","109","HircChunk","True","139219960.wem","69471"
"8343","SoundInitialValues","","139219960","139219960","8342","CAkSound","True","139219960.wem","69471"
"8344","AkBankSourceData","","139219960","139219960","8343","SoundInitialValues","True","139219960.wem","69471"
"8345","AkMediaInformation","","139219960","139219960","8344","AkBankSourceData","True","139219960.wem","69471"
"8357","CAkSound","","836270660","836270660","109","HircChunk","True","836270660.wem","39055"
"8358","SoundInitialValues","","836270660","836270660","8357","CAkSound","True","836270660.wem","39055"
"8359","AkBankSourceData","","836270660","836270660","8358","SoundInitialValues","True","836270660.wem","39055"
"8360","AkMediaInformation","","836270660","836270660","8359","AkBankSourceData","True","836270660.wem","39055"
"8372","CAkSound","","841131934","841131934","109","HircChunk","True","841131934.wem","24697"
"8373","SoundInitialValues","","841131934","841131934","8372","CAkSound","True","841131934.wem","24697"
"8374","AkBankSourceData","","841131934","841131934","8373","SoundInitialValues","True","841131934.wem","24697"
"8375","AkMediaInformation","","841131934","841131934","8374","AkBankSourceData","True","841131934.wem","24697"
"8387","CAkSound","","812339299","812339299","109","HircChunk","True","812339299.wem","19927"
"8388","SoundInitialValues","","812339299","812339299","8387","CAkSound","True","812339299.wem","19927"
"8389","AkBankSourceData","","812339299","812339299","8388","SoundInitialValues","True","812339299.wem","19927"
"8390","AkMediaInformation","","812339299","812339299","8389","AkBankSourceData","True","812339299.wem","19927"
"8402","CAkSound","","680844896","680844896","109","HircChunk","True","680844896.wem","14570"
"8403","SoundInitialValues","","680844896","680844896","8402","CAkSound","True","680844896.wem","14570"
"8404","AkBankSourceData","","680844896","680844896","8403","SoundInitialValues","True","680844896.wem","14570"
"8405","AkMediaInformation","","680844896","680844896","8404","AkBankSourceData","True","680844896.wem","14570"
"8417","CAkSound","","785886237","785886237","109","HircChunk","True","785886237.wem","12110"
"8418","SoundInitialValues","","785886237","785886237","8417","CAkSound","True","785886237.wem","12110"
"8419","AkBankSourceData","","785886237","785886237","8418","SoundInitialValues","True","785886237.wem","12110"
"8420","AkMediaInformation","","785886237","785886237","8419","AkBankSourceData","True","785886237.wem","12110"
"8432","CAkSound","","529421949","529421949","109","HircChunk","True","529421949.wem","18945"
"8433","SoundInitialValues","","529421949","529421949","8432","CAkSound","True","529421949.wem","18945"
"8434","AkBankSourceData","","529421949","529421949","8433","SoundInitialValues","True","529421949.wem","18945"
"8435","AkMediaInformation","","529421949","529421949","8434","AkBankSourceData","True","529421949.wem","18945"
"8447","CAkSound","","150649308","150649308","109","HircChunk","True","150649308.wem","40375"
"8448","SoundInitialValues","","150649308","150649308","8447","CAkSound","True","150649308.wem","40375"
"8449","AkBankSourceData","","150649308","150649308","8448","SoundInitialValues","True","150649308.wem","40375"
"8450","AkMediaInformation","","150649308","150649308","8449","AkBankSourceData","True","150649308.wem","40375"
"8462","CAkSound","","788169647","788169647","109","HircChunk","True","788169647.wem","38697"
"8463","SoundInitialValues","","788169647","788169647","8462","CAkSound","True","788169647.wem","38697"
"8464","AkBankSourceData","","788169647","788169647","8463","SoundInitialValues","True","788169647.wem","38697"
"8465","AkMediaInformation","","788169647","788169647","8464","AkBankSourceData","True","788169647.wem","38697"
"8477","CAkSound","","578507687","578507687","109","HircChunk","True","578507687.wem","61480"
"8478","SoundInitialValues","","578507687","578507687","8477","CAkSound","True","578507687.wem","61480"
"8479","AkBankSourceData","","578507687","578507687","8478","SoundInitialValues","True","578507687.wem","61480"
"8480","AkMediaInformation","","578507687","578507687","8479","AkBankSourceData","True","578507687.wem","61480"
"8492","CAkSound","","820023170","820023170","109","HircChunk","True","820023170.wem","28597"
"8493","SoundInitialValues","","820023170","820023170","8492","CAkSound","True","820023170.wem","28597"
"8494","AkBankSourceData","","820023170","820023170","8493","SoundInitialValues","True","820023170.wem","28597"
"8495","AkMediaInformation","","820023170","820023170","8494","AkBankSourceData","True","820023170.wem","28597"
"8507","CAkSound","","452594030","452594030","109","HircChunk","True","452594030.wem","50327"
"8508","SoundInitialValues","","452594030","452594030","8507","CAkSound","True","452594030.wem","50327"
"8509","AkBankSourceData","","452594030","452594030","8508","SoundInitialValues","True","452594030.wem","50327"
"8510","AkMediaInformation","","452594030","452594030","8509","AkBankSourceData","True","452594030.wem","50327"
"8522","CAkSound","","144853272","144853272","109","HircChunk","True","144853272.wem","17754"
"8523","SoundInitialValues","","144853272","144853272","8522","CAkSound","True","144853272.wem","17754"
"8524","AkBankSourceData","","144853272","144853272","8523","SoundInitialValues","True","144853272.wem","17754"
"8525","AkMediaInformation","","144853272","144853272","8524","AkBankSourceData","True","144853272.wem","17754"
"8537","CAkSound","","51534216","51534216","109","HircChunk","True","51534216.wem","20687"
"8538","SoundInitialValues","","51534216","51534216","8537","CAkSound","True","51534216.wem","20687"
"8539","AkBankSourceData","","51534216","51534216","8538","SoundInitialValues","True","51534216.wem","20687"
"8540","AkMediaInformation","","51534216","51534216","8539","AkBankSourceData","True","51534216.wem","20687"
"8552","CAkSound","","589104479","589104479","109","HircChunk","True","589104479.wem","102829"
"8553","SoundInitialValues","","589104479","589104479","8552","CAkSound","True","589104479.wem","102829"
"8554","AkBankSourceData","","589104479","589104479","8553","SoundInitialValues","True","589104479.wem","102829"
"8555","AkMediaInformation","","589104479","589104479","8554","AkBankSourceData","True","589104479.wem","102829"
"8567","CAkSound","","529048438","529048438","109","HircChunk","True","529048438.wem","13824"
"8568","SoundInitialValues","","529048438","529048438","8567","CAkSound","True","529048438.wem","13824"
"8569","AkBankSourceData","","529048438","529048438","8568","SoundInitialValues","True","529048438.wem","13824"
"8570","AkMediaInformation","","529048438","529048438","8569","AkBankSourceData","True","529048438.wem","13824"
"8582","CAkSound","","367107921","367107921","109","HircChunk","True","367107921.wem","7228"
"8583","SoundInitialValues","","367107921","367107921","8582","CAkSound","True","367107921.wem","7228"
"8584","AkBankSourceData","","367107921","367107921","8583","SoundInitialValues","True","367107921.wem","7228"
"8585","AkMediaInformation","","367107921","367107921","8584","AkBankSourceData","True","367107921.wem","7228"
"8597","CAkSound","","918364560","918364560","109","HircChunk","True","918364560.wem","14533"
"8598","SoundInitialValues","","918364560","918364560","8597","CAkSound","True","918364560.wem","14533"
"8599","AkBankSourceData","","918364560","918364560","8598","SoundInitialValues","True","918364560.wem","14533"
"8600","AkMediaInformation","","918364560","918364560","8599","AkBankSourceData","True","918364560.wem","14533"
"8612","CAkSound","","294748920","294748920","109","HircChunk","True","294748920.wem","52379"
"8613","SoundInitialValues","","294748920","294748920","8612","CAkSound","True","294748920.wem","52379"
"8614","AkBankSourceData","","294748920","294748920","8613","SoundInitialValues","True","294748920.wem","52379"
"8615","AkMediaInformation","","294748920","294748920","8614","AkBankSourceData","True","294748920.wem","52379"
"8627","CAkSound","","228038233","228038233","109","HircChunk","True","228038233.wem","31617"
"8628","SoundInitialValues","","228038233","228038233","8627","CAkSound","True","228038233.wem","31617"
"8629","AkBankSourceData","","228038233","228038233","8628","SoundInitialValues","True","228038233.wem","31617"
"8630","AkMediaInformation","","228038233","228038233","8629","AkBankSourceData","True","228038233.wem","31617"
"8642","CAkSound","","441969863","441969863","109","HircChunk","True","441969863.wem","41739"
"8643","SoundInitialValues","","441969863","441969863","8642","CAkSound","True","441969863.wem","41739"
"8644","AkBankSourceData","","441969863","441969863","8643","SoundInitialValues","True","441969863.wem","41739"
"8645","AkMediaInformation","","441969863","441969863","8644","AkBankSourceData","True","441969863.wem","41739"
"8657","CAkSound","","729496704","729496704","109","HircChunk","True","729496704.wem","47531"
"8658","SoundInitialValues","","729496704","729496704","8657","CAkSound","True","729496704.wem","47531"
"8659","AkBankSourceData","","729496704","729496704","8658","SoundInitialValues","True","729496704.wem","47531"
"8660","AkMediaInformation","","729496704","729496704","8659","AkBankSourceData","True","729496704.wem","47531"
"8672","CAkSound","","934459535","934459535","109","HircChunk","True","934459535.wem","25421"
"8673","SoundInitialValues","","934459535","934459535","8672","CAkSound","True","934459535.wem","25421"
"8674","AkBankSourceData","","934459535","934459535","8673","SoundInitialValues","True","934459535.wem","25421"
"8675","AkMediaInformation","","934459535","934459535","8674","AkBankSourceData","True","934459535.wem","25421"
"8687","CAkSound","","348670091","348670091","109","HircChunk","True","348670091.wem","25942"
"8688","SoundInitialValues","","348670091","348670091","8687","CAkSound","True","348670091.wem","25942"
"8689","AkBankSourceData","","348670091","348670091","8688","SoundInitialValues","True","348670091.wem","25942"
"8690","AkMediaInformation","","348670091","348670091","8689","AkBankSourceData","True","348670091.wem","25942"
"8702","CAkSound","","551136483","551136483","109","HircChunk","True","551136483.wem","42429"
"8703","SoundInitialValues","","551136483","551136483","8702","CAkSound","True","551136483.wem","42429"
"8704","AkBankSourceData","","551136483","551136483","8703","SoundInitialValues","True","551136483.wem","42429"
"8705","AkMediaInformation","","551136483","551136483","8704","AkBankSourceData","True","551136483.wem","42429"
"8717","CAkSound","","911282662","911282662","109","HircChunk","True","911282662.wem","12418"
"8718","SoundInitialValues","","911282662","911282662","8717","CAkSound","True","911282662.wem","12418"
"8719","AkBankSourceData","","911282662","911282662","8718","SoundInitialValues","True","911282662.wem","12418"
"8720","AkMediaInformation","","911282662","911282662","8719","AkBankSourceData","True","911282662.wem","12418"
"8732","CAkSound","","608686206","608686206","109","HircChunk","True","608686206.wem","5998"
"8733","SoundInitialValues","","608686206","608686206","8732","CAkSound","True","608686206.wem","5998"
"8734","AkBankSourceData","","608686206","608686206","8733","SoundInitialValues","True","608686206.wem","5998"
"8735","AkMediaInformation","","608686206","608686206","8734","AkBankSourceData","True","608686206.wem","5998"
"8747","CAkSound","","87544570","87544570","109","HircChunk","True","87544570.wem","89135"
"8748","SoundInitialValues","","87544570","87544570","8747","CAkSound","True","87544570.wem","89135"
"8749","AkBankSourceData","","87544570","87544570","8748","SoundInitialValues","True","87544570.wem","89135"
"8750","AkMediaInformation","","87544570","87544570","8749","AkBankSourceData","True","87544570.wem","89135"
"8762","CAkSound","","330995421","330995421","109","HircChunk","True","330995421.wem","16336"
"8763","SoundInitialValues","","330995421","330995421","8762","CAkSound","True","330995421.wem","16336"
"8764","AkBankSourceData","","330995421","330995421","8763","SoundInitialValues","True","330995421.wem","16336"
"8765","AkMediaInformation","","330995421","330995421","8764","AkBankSourceData","True","330995421.wem","16336"
"8777","CAkSound","","702374114","702374114","109","HircChunk","True","702374114.wem","41386"
"8778","SoundInitialValues","","702374114","702374114","8777","CAkSound","True","702374114.wem","41386"
"8779","AkBankSourceData","","702374114","702374114","8778","SoundInitialValues","True","702374114.wem","41386"
"8780","AkMediaInformation","","702374114","702374114","8779","AkBankSourceData","True","702374114.wem","41386"
"8792","CAkSound","","75859786","75859786","109","HircChunk","True","75859786.wem","19373"
"8793","SoundInitialValues","","75859786","75859786","8792","CAkSound","True","75859786.wem","19373"
"8794","AkBankSourceData","","75859786","75859786","8793","SoundInitialValues","True","75859786.wem","19373"
"8795","AkMediaInformation","","75859786","75859786","8794","AkBankSourceData","True","75859786.wem","19373"
"8807","CAkSound","","184517543","184517543","109","HircChunk","True","184517543.wem","10543"
"8808","SoundInitialValues","","184517543","184517543","8807","CAkSound","True","184517543.wem","10543"
"8809","AkBankSourceData","","184517543","184517543","8808","SoundInitialValues","True","184517543.wem","10543"
"8810","AkMediaInformation","","184517543","184517543","8809","AkBankSourceData","True","184517543.wem","10543"
"8822","CAkSound","","548195936","548195936","109","HircChunk","True","548195936.wem","32700"
"8823","SoundInitialValues","","548195936","548195936","8822","CAkSound","True","548195936.wem","32700"
"8824","AkBankSourceData","","548195936","548195936","8823","SoundInitialValues","True","548195936.wem","32700"
"8825","AkMediaInformation","","548195936","548195936","8824","AkBankSourceData","True","548195936.wem","32700"
"8837","CAkSound","","63485174","63485174","109","HircChunk","True","63485174.wem","9881"
"8838","SoundInitialValues","","63485174","63485174","8837","CAkSound","True","63485174.wem","9881"
"8839","AkBankSourceData","","63485174","63485174","8838","SoundInitialValues","True","63485174.wem","9881"
"8840","AkMediaInformation","","63485174","63485174","8839","AkBankSourceData","True","63485174.wem","9881"
"8852","CAkSound","","801833393","801833393","109","HircChunk","True","801833393.wem","9982"
"8853","SoundInitialValues","","801833393","801833393","8852","CAkSound","True","801833393.wem","9982"
"8854","AkBankSourceData","","801833393","801833393","8853","SoundInitialValues","True","801833393.wem","9982"
"8855","AkMediaInformation","","801833393","801833393","8854","AkBankSourceData","True","801833393.wem","9982"
"8867","CAkSound","","230796911","230796911","109","HircChunk","True","230796911.wem","21868"
"8868","SoundInitialValues","","230796911","230796911","8867","CAkSound","True","230796911.wem","21868"
"8869","AkBankSourceData","","230796911","230796911","8868","SoundInitialValues","True","230796911.wem","21868"
"8870","AkMediaInformation","","230796911","230796911","8869","AkBankSourceData","True","230796911.wem","21868"
"8882","CAkSound","","724317941","724317941","109","HircChunk","True","724317941.wem","19676"
"8883","SoundInitialValues","","724317941","724317941","8882","CAkSound","True","724317941.wem","19676"
"8884","AkBankSourceData","","724317941","724317941","8883","SoundInitialValues","True","724317941.wem","19676"
"8885","AkMediaInformation","","724317941","724317941","8884","AkBankSourceData","True","724317941.wem","19676"
"8897","CAkSound","","244321865","244321865","109","HircChunk","True","244321865.wem","19242"
"8898","SoundInitialValues","","244321865","244321865","8897","CAkSound","True","244321865.wem","19242"
"8899","AkBankSourceData","","244321865","244321865","8898","SoundInitialValues","True","244321865.wem","19242"
"8900","AkMediaInformation","","244321865","244321865","8899","AkBankSourceData","True","244321865.wem","19242"
"8912","CAkSound","","1004466769","1004466769","109","HircChunk","True","1004466769.wem","23073"
"8913","SoundInitialValues","","1004466769","1004466769","8912","CAkSound","True","1004466769.wem","23073"
"8914","AkBankSourceData","","1004466769","1004466769","8913","SoundInitialValues","True","1004466769.wem","23073"
"8915","AkMediaInformation","","1004466769","1004466769","8914","AkBankSourceData","True","1004466769.wem","23073"
"8927","CAkSound","","450167022","450167022","109","HircChunk","True","450167022.wem","13273"
"8928","SoundInitialValues","","450167022","450167022","8927","CAkSound","True","450167022.wem","13273"
"8929","AkBankSourceData","","450167022","450167022","8928","SoundInitialValues","True","450167022.wem","13273"
"8930","AkMediaInformation","","450167022","450167022","8929","AkBankSourceData","True","450167022.wem","13273"
"8942","CAkSound","","106607126","106607126","109","HircChunk","True","106607126.wem","85924"
"8943","SoundInitialValues","","106607126","106607126","8942","CAkSound","True","106607126.wem","85924"
"8944","AkBankSourceData","","106607126","106607126","8943","SoundInitialValues","True","106607126.wem","85924"
"8945","AkMediaInformation","","106607126","106607126","8944","AkBankSourceData","True","106607126.wem","85924"
"8957","CAkSound","","968419079","968419079","109","HircChunk","True","968419079.wem","24249"
"8958","SoundInitialValues","","968419079","968419079","8957","CAkSound","True","968419079.wem","24249"
"8959","AkBankSourceData","","968419079","968419079","8958","SoundInitialValues","True","968419079.wem","24249"
"8960","AkMediaInformation","","968419079","968419079","8959","AkBankSourceData","True","968419079.wem","24249"
"8972","CAkSound","","122381597","122381597","109","HircChunk","True","122381597.wem","40565"
"8973","SoundInitialValues","","122381597","122381597","8972","CAkSound","True","122381597.wem","40565"
"8974","AkBankSourceData","","122381597","122381597","8973","SoundInitialValues","True","122381597.wem","40565"
"8975","AkMediaInformation","","122381597","122381597","8974","AkBankSourceData","True","122381597.wem","40565"
"8987","CAkSound","","1015064643","1015064643","109","HircChunk","True","1015064643.wem","12462"
"8988","SoundInitialValues","","1015064643","1015064643","8987","CAkSound","True","1015064643.wem","12462"
"8989","AkBankSourceData","","1015064643","1015064643","8988","SoundInitialValues","True","1015064643.wem","12462"
"8990","AkMediaInformation","","1015064643","1015064643","8989","AkBankSourceData","True","1015064643.wem","12462"
"9002","CAkSound","","223793026","223793026","109","HircChunk","True","223793026.wem","15631"
"9003","SoundInitialValues","","223793026","223793026","9002","CAkSound","True","223793026.wem","15631"
"9004","AkBankSourceData","","223793026","223793026","9003","SoundInitialValues","True","223793026.wem","15631"
"9005","AkMediaInformation","","223793026","223793026","9004","AkBankSourceData","True","223793026.wem","15631"
"9017","CAkSound","","983217710","983217710","109","HircChunk","True","983217710.wem","20821"
"9018","SoundInitialValues","","983217710","983217710","9017","CAkSound","True","983217710.wem","20821"
"9019","AkBankSourceData","","983217710","983217710","9018","SoundInitialValues","True","983217710.wem","20821"
"9020","AkMediaInformation","","983217710","983217710","9019","AkBankSourceData","True","983217710.wem","20821"
"9032","CAkSound","","994952825","994952825","109","HircChunk","True","994952825.wem","28678"
"9033","SoundInitialValues","","994952825","994952825","9032","CAkSound","True","994952825.wem","28678"
"9034","AkBankSourceData","","994952825","994952825","9033","SoundInitialValues","True","994952825.wem","28678"
"9035","AkMediaInformation","","994952825","994952825","9034","AkBankSourceData","True","994952825.wem","28678"
"9047","CAkSound","","93325588","93325588","109","HircChunk","True","93325588.wem","30018"
"9048","SoundInitialValues","","93325588","93325588","9047","CAkSound","True","93325588.wem","30018"
"9049","AkBankSourceData","","93325588","93325588","9048","SoundInitialValues","True","93325588.wem","30018"
"9050","AkMediaInformation","","93325588","93325588","9049","AkBankSourceData","True","93325588.wem","30018"
"9062","CAkSound","","885929473","885929473","109","HircChunk","True","885929473.wem","7065"
"9063","SoundInitialValues","","885929473","885929473","9062","CAkSound","True","885929473.wem","7065"
"9064","AkBankSourceData","","885929473","885929473","9063","SoundInitialValues","True","885929473.wem","7065"
"9065","AkMediaInformation","","885929473","885929473","9064","AkBankSourceData","True","885929473.wem","7065"
"9077","CAkSound","","257763145","257763145","109","HircChunk","True","257763145.wem","14903"
"9078","SoundInitialValues","","257763145","257763145","9077","CAkSound","True","257763145.wem","14903"
"9079","AkBankSourceData","","257763145","257763145","9078","SoundInitialValues","True","257763145.wem","14903"
"9080","AkMediaInformation","","257763145","257763145","9079","AkBankSourceData","True","257763145.wem","14903"
"9092","CAkSound","","167945959","167945959","109","HircChunk","True","167945959.wem","15338"
"9093","SoundInitialValues","","167945959","167945959","9092","CAkSound","True","167945959.wem","15338"
"9094","AkBankSourceData","","167945959","167945959","9093","SoundInitialValues","True","167945959.wem","15338"
"9095","AkMediaInformation","","167945959","167945959","9094","AkBankSourceData","True","167945959.wem","15338"
"9107","CAkSound","","272603742","272603742","109","HircChunk","True","272603742.wem","10592"
"9108","SoundInitialValues","","272603742","272603742","9107","CAkSound","True","272603742.wem","10592"
"9109","AkBankSourceData","","272603742","272603742","9108","SoundInitialValues","True","272603742.wem","10592"
"9110","AkMediaInformation","","272603742","272603742","9109","AkBankSourceData","True","272603742.wem","10592"
"9122","CAkSound","","914637809","914637809","109","HircChunk","True","914637809.wem","34411"
"9123","SoundInitialValues","","914637809","914637809","9122","CAkSound","True","914637809.wem","34411"
"9124","AkBankSourceData","","914637809","914637809","9123","SoundInitialValues","True","914637809.wem","34411"
"9125","AkMediaInformation","","914637809","914637809","9124","AkBankSourceData","True","914637809.wem","34411"
"9137","CAkSound","","509150225","509150225","109","HircChunk","True","509150225.wem","21138"
"9138","SoundInitialValues","","509150225","509150225","9137","CAkSound","True","509150225.wem","21138"
"9139","AkBankSourceData","","509150225","509150225","9138","SoundInitialValues","True","509150225.wem","21138"
"9140","AkMediaInformation","","509150225","509150225","9139","AkBankSourceData","True","509150225.wem","21138"
"9152","CAkSound","","200272434","200272434","109","HircChunk","True","200272434.wem","14024"
"9153","SoundInitialValues","","200272434","200272434","9152","CAkSound","True","200272434.wem","14024"
"9154","AkBankSourceData","","200272434","200272434","9153","SoundInitialValues","True","200272434.wem","14024"
"9155","AkMediaInformation","","200272434","200272434","9154","AkBankSourceData","True","200272434.wem","14024"
"9167","CAkSound","","843549300","843549300","109","HircChunk","True","843549300.wem","23161"
"9168","SoundInitialValues","","843549300","843549300","9167","CAkSound","True","843549300.wem","23161"
"9169","AkBankSourceData","","843549300","843549300","9168","SoundInitialValues","True","843549300.wem","23161"
"9170","AkMediaInformation","","843549300","843549300","9169","AkBankSourceData","True","843549300.wem","23161"
"9182","CAkSound","","511045932","511045932","109","HircChunk","True","511045932.wem","44433"
"9183","SoundInitialValues","","511045932","511045932","9182","CAkSound","True","511045932.wem","44433"
"9184","AkBankSourceData","","511045932","511045932","9183","SoundInitialValues","True","511045932.wem","44433"
"9185","AkMediaInformation","","511045932","511045932","9184","AkBankSourceData","True","511045932.wem","44433"
"9197","CAkSound","","503314529","503314529","109","HircChunk","True","503314529.wem","47251"
"9198","SoundInitialValues","","503314529","503314529","9197","CAkSound","True","503314529.wem","47251"
"9199","AkBankSourceData","","503314529","503314529","9198","SoundInitialValues","True","503314529.wem","47251"
"9200","AkMediaInformation","","503314529","503314529","9199","AkBankSourceData","True","503314529.wem","47251"
"9212","CAkSound","","92791440","92791440","109","HircChunk","True","92791440.wem","11883"
"9213","SoundInitialValues","","92791440","92791440","9212","CAkSound","True","92791440.wem","11883"
"9214","AkBankSourceData","","92791440","92791440","9213","SoundInitialValues","True","92791440.wem","11883"
"9215","AkMediaInformation","","92791440","92791440","9214","AkBankSourceData","True","92791440.wem","11883"
"9227","CAkSound","","14140737","14140737","109","HircChunk","True","14140737.wem","36048"
"9228","SoundInitialValues","","14140737","14140737","9227","CAkSound","True","14140737.wem","36048"
"9229","AkBankSourceData","","14140737","14140737","9228","SoundInitialValues","True","14140737.wem","36048"
"9230","AkMediaInformation","","14140737","14140737","9229","AkBankSourceData","True","14140737.wem","36048"
"9242","CAkSound","","980652201","980652201","109","HircChunk","True","980652201.wem","25178"
"9243","SoundInitialValues","","980652201","980652201","9242","CAkSound","True","980652201.wem","25178"
"9244","AkBankSourceData","","980652201","980652201","9243","SoundInitialValues","True","980652201.wem","25178"
"9245","AkMediaInformation","","980652201","980652201","9244","AkBankSourceData","True","980652201.wem","25178"
"9257","CAkSound","","724830889","724830889","109","HircChunk","True","724830889.wem","23774"
"9258","SoundInitialValues","","724830889","724830889","9257","CAkSound","True","724830889.wem","23774"
"9259","AkBankSourceData","","724830889","724830889","9258","SoundInitialValues","True","724830889.wem","23774"
"9260","AkMediaInformation","","724830889","724830889","9259","AkBankSourceData","True","724830889.wem","23774"
"9272","CAkSound","","329734131","329734131","109","HircChunk","True","329734131.wem","49231"
"9273","SoundInitialValues","","329734131","329734131","9272","CAkSound","True","329734131.wem","49231"
"9274","AkBankSourceData","","329734131","329734131","9273","SoundInitialValues","True","329734131.wem","49231"
"9275","AkMediaInformation","","329734131","329734131","9274","AkBankSourceData","True","329734131.wem","49231"
"9287","CAkSound","","38505124","38505124","109","HircChunk","True","38505124.wem","45172"
"9288","SoundInitialValues","","38505124","38505124","9287","CAkSound","True","38505124.wem","45172"
"9289","AkBankSourceData","","38505124","38505124","9288","SoundInitialValues","True","38505124.wem","45172"
"9290","AkMediaInformation","","38505124","38505124","9289","AkBankSourceData","True","38505124.wem","45172"
"9302","CAkSound","","388419407","388419407","109","HircChunk","True","388419407.wem","51029"
"9303","SoundInitialValues","","388419407","388419407","9302","CAkSound","True","388419407.wem","51029"
"9304","AkBankSourceData","","388419407","388419407","9303","SoundInitialValues","True","388419407.wem","51029"
"9305","AkMediaInformation","","388419407","388419407","9304","AkBankSourceData","True","388419407.wem","51029"
"9317","CAkSound","","1042118390","1042118390","109","HircChunk","True","1042118390.wem","24536"
"9318","SoundInitialValues","","1042118390","1042118390","9317","CAkSound","True","1042118390.wem","24536"
"9319","AkBankSourceData","","1042118390","1042118390","9318","SoundInitialValues","True","1042118390.wem","24536"
"9320","AkMediaInformation","","1042118390","1042118390","9319","AkBankSourceData","True","1042118390.wem","24536"
"9332","CAkSound","","210412192","210412192","109","HircChunk","True","210412192.wem","26586"
"9333","SoundInitialValues","","210412192","210412192","9332","CAkSound","True","210412192.wem","26586"
"9334","AkBankSourceData","","210412192","210412192","9333","SoundInitialValues","True","210412192.wem","26586"
"9335","AkMediaInformation","","210412192","210412192","9334","AkBankSourceData","True","210412192.wem","26586"
"9347","CAkSound","","465789938","465789938","109","HircChunk","True","465789938.wem","32468"
"9348","SoundInitialValues","","465789938","465789938","9347","CAkSound","True","465789938.wem","32468"
"9349","AkBankSourceData","","465789938","465789938","9348","SoundInitialValues","True","465789938.wem","32468"
"9350","AkMediaInformation","","465789938","465789938","9349","AkBankSourceData","True","465789938.wem","32468"
"9362","CAkSound","","410655110","410655110","109","HircChunk","True","410655110.wem","43885"
"9363","SoundInitialValues","","410655110","410655110","9362","CAkSound","True","410655110.wem","43885"
"9364","AkBankSourceData","","410655110","410655110","9363","SoundInitialValues","True","410655110.wem","43885"
"9365","AkMediaInformation","","410655110","410655110","9364","AkBankSourceData","True","410655110.wem","43885"
"9377","CAkSound","","495764015","495764015","109","HircChunk","True","495764015.wem","20535"
"9378","SoundInitialValues","","495764015","495764015","9377","CAkSound","True","495764015.wem","20535"
"9379","AkBankSourceData","","495764015","495764015","9378","SoundInitialValues","True","495764015.wem","20535"
"9380","AkMediaInformation","","495764015","495764015","9379","AkBankSourceData","True","495764015.wem","20535"
"9392","CAkSound","","953956546","953956546","109","HircChunk","True","953956546.wem","87649"
"9393","SoundInitialValues","","953956546","953956546","9392","CAkSound","True","953956546.wem","87649"
"9394","AkBankSourceData","","953956546","953956546","9393","SoundInitialValues","True","953956546.wem","87649"
"9395","AkMediaInformation","","953956546","953956546","9394","AkBankSourceData","True","953956546.wem","87649"
"9407","CAkSound","","451974591","451974591","109","HircChunk","True","451974591.wem","78745"
"9408","SoundInitialValues","","451974591","451974591","9407","CAkSound","True","451974591.wem","78745"
"9409","AkBankSourceData","","451974591","451974591","9408","SoundInitialValues","True","451974591.wem","78745"
"9410","AkMediaInformation","","451974591","451974591","9409","AkBankSourceData","True","451974591.wem","78745"
"9422","CAkSound","","131593931","131593931","109","HircChunk","True","131593931.wem","33523"
"9423","SoundInitialValues","","131593931","131593931","9422","CAkSound","True","131593931.wem","33523"
"9424","AkBankSourceData","","131593931","131593931","9423","SoundInitialValues","True","131593931.wem","33523"
"9425","AkMediaInformation","","131593931","131593931","9424","AkBankSourceData","True","131593931.wem","33523"
"9437","CAkSound","","829903043","829903043","109","HircChunk","True","829903043.wem","8113"
"9438","SoundInitialValues","","829903043","829903043","9437","CAkSound","True","829903043.wem","8113"
"9439","AkBankSourceData","","829903043","829903043","9438","SoundInitialValues","True","829903043.wem","8113"
"9440","AkMediaInformation","","829903043","829903043","9439","AkBankSourceData","True","829903043.wem","8113"
"9452","CAkSound","","939132931","939132931","109","HircChunk","True","939132931.wem","22805"
"9453","SoundInitialValues","","939132931","939132931","9452","CAkSound","True","939132931.wem","22805"
"9454","AkBankSourceData","","939132931","939132931","9453","SoundInitialValues","True","939132931.wem","22805"
"9455","AkMediaInformation","","939132931","939132931","9454","AkBankSourceData","True","939132931.wem","22805"
"9467","CAkSound","","253463471","253463471","109","HircChunk","True","253463471.wem","46587"
"9468","SoundInitialValues","","253463471","253463471","9467","CAkSound","True","253463471.wem","46587"
"9469","AkBankSourceData","","253463471","253463471","9468","SoundInitialValues","True","253463471.wem","46587"
"9470","AkMediaInformation","","253463471","253463471","9469","AkBankSourceData","True","253463471.wem","46587"
"9482","CAkSound","","194330409","194330409","109","HircChunk","True","194330409.wem","17225"
"9483","SoundInitialValues","","194330409","194330409","9482","CAkSound","True","194330409.wem","17225"
"9484","AkBankSourceData","","194330409","194330409","9483","SoundInitialValues","True","194330409.wem","17225"
"9485","AkMediaInformation","","194330409","194330409","9484","AkBankSourceData","True","194330409.wem","17225"
"9497","CAkSound","","577440984","577440984","109","HircChunk","True","577440984.wem","17738"
"9498","SoundInitialValues","","577440984","577440984","9497","CAkSound","True","577440984.wem","17738"
"9499","AkBankSourceData","","577440984","577440984","9498","SoundInitialValues","True","577440984.wem","17738"
"9500","AkMediaInformation","","577440984","577440984","9499","AkBankSourceData","True","577440984.wem","17738"
"9512","CAkSound","","334279646","334279646","109","HircChunk","True","334279646.wem","46569"
"9513","SoundInitialValues","","334279646","334279646","9512","CAkSound","True","334279646.wem","46569"
"9514","AkBankSourceData","","334279646","334279646","9513","SoundInitialValues","True","334279646.wem","46569"
"9515","AkMediaInformation","","334279646","334279646","9514","AkBankSourceData","True","334279646.wem","46569"
"9527","CAkSound","","916026085","916026085","109","HircChunk","True","916026085.wem","9245"
"9528","SoundInitialValues","","916026085","916026085","9527","CAkSound","True","916026085.wem","9245"
"9529","AkBankSourceData","","916026085","916026085","9528","SoundInitialValues","True","916026085.wem","9245"
"9530","AkMediaInformation","","916026085","916026085","9529","AkBankSourceData","True","916026085.wem","9245"
"9542","CAkSound","","1035824601","1035824601","109","HircChunk","True","1035824601.wem","37406"
"9543","SoundInitialValues","","1035824601","1035824601","9542","CAkSound","True","1035824601.wem","37406"
"9544","AkBankSourceData","","1035824601","1035824601","9543","SoundInitialValues","True","1035824601.wem","37406"
"9545","AkMediaInformation","","1035824601","1035824601","9544","AkBankSourceData","True","1035824601.wem","37406"
"9557","CAkSound","","888850491","888850491","109","HircChunk","True","888850491.wem","67096"
"9558","SoundInitialValues","","888850491","888850491","9557","CAkSound","True","888850491.wem","67096"
"9559","AkBankSourceData","","888850491","888850491","9558","SoundInitialValues","True","888850491.wem","67096"
"9560","AkMediaInformation","","888850491","888850491","9559","AkBankSourceData","True","888850491.wem","67096"
"9572","CAkSound","","610558789","610558789","109","HircChunk","True","610558789.wem","10744"
"9573","SoundInitialValues","","610558789","610558789","9572","CAkSound","True","610558789.wem","10744"
"9574","AkBankSourceData","","610558789","610558789","9573","SoundInitialValues","True","610558789.wem","10744"
"9575","AkMediaInformation","","610558789","610558789","9574","AkBankSourceData","True","610558789.wem","10744"
"9587","CAkSound","","393759497","393759497","109","HircChunk","True","393759497.wem","46320"
"9588","SoundInitialValues","","393759497","393759497","9587","CAkSound","True","393759497.wem","46320"
"9589","AkBankSourceData","","393759497","393759497","9588","SoundInitialValues","True","393759497.wem","46320"
"9590","AkMediaInformation","","393759497","393759497","9589","AkBankSourceData","True","393759497.wem","46320"
"9602","CAkSound","","167560200","167560200","109","HircChunk","True","167560200.wem","28366"
"9603","SoundInitialValues","","167560200","167560200","9602","CAkSound","True","167560200.wem","28366"
"9604","AkBankSourceData","","167560200","167560200","9603","SoundInitialValues","True","167560200.wem","28366"
"9605","AkMediaInformation","","167560200","167560200","9604","AkBankSourceData","True","167560200.wem","28366"
"9617","CAkSound","","970479669","970479669","109","HircChunk","True","970479669.wem","13631"
"9618","SoundInitialValues","","970479669","970479669","9617","CAkSound","True","970479669.wem","13631"
"9619","AkBankSourceData","","970479669","970479669","9618","SoundInitialValues","True","970479669.wem","13631"
"9620","AkMediaInformation","","970479669","970479669","9619","AkBankSourceData","True","970479669.wem","13631"
"9632","CAkSound","","143438724","143438724","109","HircChunk","True","143438724.wem","10839"
"9633","SoundInitialValues","","143438724","143438724","9632","CAkSound","True","143438724.wem","10839"
"9634","AkBankSourceData","","143438724","143438724","9633","SoundInitialValues","True","143438724.wem","10839"
"9635","AkMediaInformation","","143438724","143438724","9634","AkBankSourceData","True","143438724.wem","10839"
"9647","CAkSound","","293295906","293295906","109","HircChunk","True","293295906.wem","33683"
"9648","SoundInitialValues","","293295906","293295906","9647","CAkSound","True","293295906.wem","33683"
"9649","AkBankSourceData","","293295906","293295906","9648","SoundInitialValues","True","293295906.wem","33683"
"9650","AkMediaInformation","","293295906","293295906","9649","AkBankSourceData","True","293295906.wem","33683"
"9662","CAkSound","","916018735","916018735","109","HircChunk","True","916018735.wem","24403"
"9663","SoundInitialValues","","916018735","916018735","9662","CAkSound","True","916018735.wem","24403"
"9664","AkBankSourceData","","916018735","916018735","9663","SoundInitialValues","True","916018735.wem","24403"
"9665","AkMediaInformation","","916018735","916018735","9664","AkBankSourceData","True","916018735.wem","24403"
"9677","CAkSound","","496330691","496330691","109","HircChunk","True","496330691.wem","26415"
"9678","SoundInitialValues","","496330691","496330691","9677","CAkSound","True","496330691.wem","26415"
"9679","AkBankSourceData","","496330691","496330691","9678","SoundInitialValues","True","496330691.wem","26415"
"9680","AkMediaInformation","","496330691","496330691","9679","AkBankSourceData","True","496330691.wem","26415"
"9692","CAkSound","","883334655","883334655","109","HircChunk","True","883334655.wem","42611"
"9693","SoundInitialValues","","883334655","883334655","9692","CAkSound","True","883334655.wem","42611"
"9694","AkBankSourceData","","883334655","883334655","9693","SoundInitialValues","True","883334655.wem","42611"
"9695","AkMediaInformation","","883334655","883334655","9694","AkBankSourceData","True","883334655.wem","42611"
"9707","CAkSound","","948823182","948823182","109","HircChunk","True","948823182.wem","32326"
"9708","SoundInitialValues","","948823182","948823182","9707","CAkSound","True","948823182.wem","32326"
"9709","AkBankSourceData","","948823182","948823182","9708","SoundInitialValues","True","948823182.wem","32326"
"9710","AkMediaInformation","","948823182","948823182","9709","AkBankSourceData","True","948823182.wem","32326"
"9722","CAkSound","","736766333","736766333","109","HircChunk","True","736766333.wem","53877"
"9723","SoundInitialValues","","736766333","736766333","9722","CAkSound","True","736766333.wem","53877"
"9724","AkBankSourceData","","736766333","736766333","9723","SoundInitialValues","True","736766333.wem","53877"
"9725","AkMediaInformation","","736766333","736766333","9724","AkBankSourceData","True","736766333.wem","53877"
"9737","CAkSound","","627610828","627610828","109","HircChunk","True","627610828.wem","8647"
"9738","SoundInitialValues","","627610828","627610828","9737","CAkSound","True","627610828.wem","8647"
"9739","AkBankSourceData","","627610828","627610828","9738","SoundInitialValues","True","627610828.wem","8647"
"9740","AkMediaInformation","","627610828","627610828","9739","AkBankSourceData","True","627610828.wem","8647"
"9752","CAkSound","","528120439","528120439","109","HircChunk","True","528120439.wem","21858"
"9753","SoundInitialValues","","528120439","528120439","9752","CAkSound","True","528120439.wem","21858"
"9754","AkBankSourceData","","528120439","528120439","9753","SoundInitialValues","True","528120439.wem","21858"
"9755","AkMediaInformation","","528120439","528120439","9754","AkBankSourceData","True","528120439.wem","21858"
"9767","CAkSound","","929772598","929772598","109","HircChunk","True","929772598.wem","28483"
"9768","SoundInitialValues","","929772598","929772598","9767","CAkSound","True","929772598.wem","28483"
"9769","AkBankSourceData","","929772598","929772598","9768","SoundInitialValues","True","929772598.wem","28483"
"9770","AkMediaInformation","","929772598","929772598","9769","AkBankSourceData","True","929772598.wem","28483"
"9782","CAkSound","","255875212","255875212","109","HircChunk","True","255875212.wem","58703"
"9783","SoundInitialValues","","255875212","255875212","9782","CAkSound","True","255875212.wem","58703"
"9784","AkBankSourceData","","255875212","255875212","9783","SoundInitialValues","True","255875212.wem","58703"
"9785","AkMediaInformation","","255875212","255875212","9784","AkBankSourceData","True","255875212.wem","58703"
"9797","CAkSound","","11743198","11743198","109","HircChunk","True","11743198.wem","41060"
"9798","SoundInitialValues","","11743198","11743198","9797","CAkSound","True","11743198.wem","41060"
"9799","AkBankSourceData","","11743198","11743198","9798","SoundInitialValues","True","11743198.wem","41060"
"9800","AkMediaInformation","","11743198","11743198","9799","AkBankSourceData","True","11743198.wem","41060"
"9812","CAkSound","","50572807","50572807","109","HircChunk","True","50572807.wem","45318"
"9813","SoundInitialValues","","50572807","50572807","9812","CAkSound","True","50572807.wem","45318"
"9814","AkBankSourceData","","50572807","50572807","9813","SoundInitialValues","True","50572807.wem","45318"
"9815","AkMediaInformation","","50572807","50572807","9814","AkBankSourceData","True","50572807.wem","45318"
"9827","CAkSound","","887480316","887480316","109","HircChunk","True","887480316.wem","72128"
"9828","SoundInitialValues","","887480316","887480316","9827","CAkSound","True","887480316.wem","72128"
"9829","AkBankSourceData","","887480316","887480316","9828","SoundInitialValues","True","887480316.wem","72128"
"9830","AkMediaInformation","","887480316","887480316","9829","AkBankSourceData","True","887480316.wem","72128"
"9842","CAkSound","","147824665","147824665","109","HircChunk","True","147824665.wem","23277"
"9843","SoundInitialValues","","147824665","147824665","9842","CAkSound","True","147824665.wem","23277"
"9844","AkBankSourceData","","147824665","147824665","9843","SoundInitialValues","True","147824665.wem","23277"
"9845","AkMediaInformation","","147824665","147824665","9844","AkBankSourceData","True","147824665.wem","23277"
"9857","CAkSound","","892968061","892968061","109","HircChunk","True","892968061.wem","5201"
"9858","SoundInitialValues","","892968061","892968061","9857","CAkSound","True","892968061.wem","5201"
"9859","AkBankSourceData","","892968061","892968061","9858","SoundInitialValues","True","892968061.wem","5201"
"9860","AkMediaInformation","","892968061","892968061","9859","AkBankSourceData","True","892968061.wem","5201"
"9872","CAkSound","","376272801","376272801","109","HircChunk","True","376272801.wem","32513"
"9873","SoundInitialValues","","376272801","376272801","9872","CAkSound","True","376272801.wem","32513"
"9874","AkBankSourceData","","376272801","376272801","9873","SoundInitialValues","True","376272801.wem","32513"
"9875","AkMediaInformation","","376272801","376272801","9874","AkBankSourceData","True","376272801.wem","32513"
"9887","CAkSound","","1016042812","1016042812","109","HircChunk","True","1016042812.wem","43081"
"9888","SoundInitialValues","","1016042812","1016042812","9887","CAkSound","True","1016042812.wem","43081"
"9889","AkBankSourceData","","1016042812","1016042812","9888","SoundInitialValues","True","1016042812.wem","43081"
"9890","AkMediaInformation","","1016042812","1016042812","9889","AkBankSourceData","True","1016042812.wem","43081"
"9902","CAkSound","","664929149","664929149","109","HircChunk","True","664929149.wem","26027"
"9903","SoundInitialValues","","664929149","664929149","9902","CAkSound","True","664929149.wem","26027"
"9904","AkBankSourceData","","664929149","664929149","9903","SoundInitialValues","True","664929149.wem","26027"
"9905","AkMediaInformation","","664929149","664929149","9904","AkBankSourceData","True","664929149.wem","26027"
"9917","CAkSound","","219835625","219835625","109","HircChunk","True","219835625.wem","45356"
"9918","SoundInitialValues","","219835625","219835625","9917","CAkSound","True","219835625.wem","45356"
"9919","AkBankSourceData","","219835625","219835625","9918","SoundInitialValues","True","219835625.wem","45356"
"9920","AkMediaInformation","","219835625","219835625","9919","AkBankSourceData","True","219835625.wem","45356"
"9932","CAkSound","","578164637","578164637","109","HircChunk","True","578164637.wem","29512"
"9933","SoundInitialValues","","578164637","578164637","9932","CAkSound","True","578164637.wem","29512"
"9934","AkBankSourceData","","578164637","578164637","9933","SoundInitialValues","True","578164637.wem","29512"
"9935","AkMediaInformation","","578164637","578164637","9934","AkBankSourceData","True","578164637.wem","29512"
"9947","CAkSound","","145630016","145630016","109","HircChunk","True","145630016.wem","8395"
"9948","SoundInitialValues","","145630016","145630016","9947","CAkSound","True","145630016.wem","8395"
"9949","AkBankSourceData","","145630016","145630016","9948","SoundInitialValues","True","145630016.wem","8395"
"9950","AkMediaInformation","","145630016","145630016","9949","AkBankSourceData","True","145630016.wem","8395"
"9962","CAkSound","","522342351","522342351","109","HircChunk","True","522342351.wem","29287"
"9963","SoundInitialValues","","522342351","522342351","9962","CAkSound","True","522342351.wem","29287"
"9964","AkBankSourceData","","522342351","522342351","9963","SoundInitialValues","True","522342351.wem","29287"
"9965","AkMediaInformation","","522342351","522342351","9964","AkBankSourceData","True","522342351.wem","29287"
"9977","CAkSound","","1052655305","1052655305","109","HircChunk","True","1052655305.wem","52924"
"9978","SoundInitialValues","","1052655305","1052655305","9977","CAkSound","True","1052655305.wem","52924"
"9979","AkBankSourceData","","1052655305","1052655305","9978","SoundInitialValues","True","1052655305.wem","52924"
"9980","AkMediaInformation","","1052655305","1052655305","9979","AkBankSourceData","True","1052655305.wem","52924"
"9992","CAkSound","","273701221","273701221","109","HircChunk","True","273701221.wem","6961"
"9993","SoundInitialValues","","273701221","273701221","9992","CAkSound","True","273701221.wem","6961"
"9994","AkBankSourceData","","273701221","273701221","9993","SoundInitialValues","True","273701221.wem","6961"
"9995","AkMediaInformation","","273701221","273701221","9994","AkBankSourceData","True","273701221.wem","6961"
"10007","CAkSound","","1019119805","1019119805","109","HircChunk","True","1019119805.wem","32847"
"10008","SoundInitialValues","","1019119805","1019119805","10007","CAkSound","True","1019119805.wem","32847"
"10009","AkBankSourceData","","1019119805","1019119805","10008","SoundInitialValues","True","1019119805.wem","32847"
"10010","AkMediaInformation","","1019119805","1019119805","10009","AkBankSourceData","True","1019119805.wem","32847"
"10022","CAkSound","","371295396","371295396","109","HircChunk","True","371295396.wem","34525"
"10023","SoundInitialValues","","371295396","371295396","10022","CAkSound","True","371295396.wem","34525"
"10024","AkBankSourceData","","371295396","371295396","10023","SoundInitialValues","True","371295396.wem","34525"
"10025","AkMediaInformation","","371295396","371295396","10024","AkBankSourceData","True","371295396.wem","34525"
"10037","CAkSound","","159781536","159781536","109","HircChunk","True","159781536.wem","14128"
"10038","SoundInitialValues","","159781536","159781536","10037","CAkSound","True","159781536.wem","14128"
"10039","AkBankSourceData","","159781536","159781536","10038","SoundInitialValues","True","159781536.wem","14128"
"10040","AkMediaInformation","","159781536","159781536","10039","AkBankSourceData","True","159781536.wem","14128"
"10052","CAkSound","","536079640","536079640","109","HircChunk","True","536079640.wem","13197"
"10053","SoundInitialValues","","536079640","536079640","10052","CAkSound","True","536079640.wem","13197"
"10054","AkBankSourceData","","536079640","536079640","10053","SoundInitialValues","True","536079640.wem","13197"
"10055","AkMediaInformation","","536079640","536079640","10054","AkBankSourceData","True","536079640.wem","13197"
"10067","CAkSound","","1063061087","1063061087","109","HircChunk","True","1063061087.wem","9906"
"10068","SoundInitialValues","","1063061087","1063061087","10067","CAkSound","True","1063061087.wem","9906"
"10069","AkBankSourceData","","1063061087","1063061087","10068","SoundInitialValues","True","1063061087.wem","9906"
"10070","AkMediaInformation","","1063061087","1063061087","10069","AkBankSourceData","True","1063061087.wem","9906"
"10082","CAkSound","","858031971","858031971","109","HircChunk","True","858031971.wem","72508"
"10083","SoundInitialValues","","858031971","858031971","10082","CAkSound","True","858031971.wem","72508"
"10084","AkBankSourceData","","858031971","858031971","10083","SoundInitialValues","True","858031971.wem","72508"
"10085","AkMediaInformation","","858031971","858031971","10084","AkBankSourceData","True","858031971.wem","72508"
"10097","CAkSound","","508042368","508042368","109","HircChunk","True","508042368.wem","25580"
"10098","SoundInitialValues","","508042368","508042368","10097","CAkSound","True","508042368.wem","25580"
"10099","AkBankSourceData","","508042368","508042368","10098","SoundInitialValues","True","508042368.wem","25580"
"10100","AkMediaInformation","","508042368","508042368","10099","AkBankSourceData","True","508042368.wem","25580"
"10112","CAkSound","","941899465","941899465","109","HircChunk","True","941899465.wem","19417"
"10113","SoundInitialValues","","941899465","941899465","10112","CAkSound","True","941899465.wem","19417"
"10114","AkBankSourceData","","941899465","941899465","10113","SoundInitialValues","True","941899465.wem","19417"
"10115","AkMediaInformation","","941899465","941899465","10114","AkBankSourceData","True","941899465.wem","19417"
"10127","CAkSound","","776520249","776520249","109","HircChunk","True","776520249.wem","18094"
"10128","SoundInitialValues","","776520249","776520249","10127","CAkSound","True","776520249.wem","18094"
"10129","AkBankSourceData","","776520249","776520249","10128","SoundInitialValues","True","776520249.wem","18094"
"10130","AkMediaInformation","","776520249","776520249","10129","AkBankSourceData","True","776520249.wem","18094"
"10142","CAkSound","","168165222","168165222","109","HircChunk","True","168165222.wem","25832"
"10143","SoundInitialValues","","168165222","168165222","10142","CAkSound","True","168165222.wem","25832"
"10144","AkBankSourceData","","168165222","168165222","10143","SoundInitialValues","True","168165222.wem","25832"
"10145","AkMediaInformation","","168165222","168165222","10144","AkBankSourceData","True","168165222.wem","25832"
"10157","CAkSound","","185799516","185799516","109","HircChunk","True","185799516.wem","41884"
"10158","SoundInitialValues","","185799516","185799516","10157","CAkSound","True","185799516.wem","41884"
"10159","AkBankSourceData","","185799516","185799516","10158","SoundInitialValues","True","185799516.wem","41884"
"10160","AkMediaInformation","","185799516","185799516","10159","AkBankSourceData","True","185799516.wem","41884"
"10172","CAkSound","","538302831","538302831","109","HircChunk","True","538302831.wem","34744"
"10173","SoundInitialValues","","538302831","538302831","10172","CAkSound","True","538302831.wem","34744"
"10174","AkBankSourceData","","538302831","538302831","10173","SoundInitialValues","True","538302831.wem","34744"
"10175","AkMediaInformation","","538302831","538302831","10174","AkBankSourceData","True","538302831.wem","34744"
"10187","CAkSound","","234132063","234132063","109","HircChunk","True","234132063.wem","68152"
"10188","SoundInitialValues","","234132063","234132063","10187","CAkSound","True","234132063.wem","68152"
"10189","AkBankSourceData","","234132063","234132063","10188","SoundInitialValues","True","234132063.wem","68152"
"10190","AkMediaInformation","","234132063","234132063","10189","AkBankSourceData","True","234132063.wem","68152"
"10202","CAkSound","","939038798","939038798","109","HircChunk","True","939038798.wem","38144"
"10203","SoundInitialValues","","939038798","939038798","10202","CAkSound","True","939038798.wem","38144"
"10204","AkBankSourceData","","939038798","939038798","10203","SoundInitialValues","True","939038798.wem","38144"
"10205","AkMediaInformation","","939038798","939038798","10204","AkBankSourceData","True","939038798.wem","38144"
"10217","CAkSound","","85694433","85694433","109","HircChunk","True","85694433.wem","6960"
"10218","SoundInitialValues","","85694433","85694433","10217","CAkSound","True","85694433.wem","6960"
"10219","AkBankSourceData","","85694433","85694433","10218","SoundInitialValues","True","85694433.wem","6960"
"10220","AkMediaInformation","","85694433","85694433","10219","AkBankSourceData","True","85694433.wem","6960"
"10232","CAkSound","","598109044","598109044","109","HircChunk","True","598109044.wem","25849"
"10233","SoundInitialValues","","598109044","598109044","10232","CAkSound","True","598109044.wem","25849"
"10234","AkBankSourceData","","598109044","598109044","10233","SoundInitialValues","True","598109044.wem","25849"
"10235","AkMediaInformation","","598109044","598109044","10234","AkBankSourceData","True","598109044.wem","25849"
"10247","CAkSound","","295402180","295402180","109","HircChunk","True","295402180.wem","38249"
"10248","SoundInitialValues","","295402180","295402180","10247","CAkSound","True","295402180.wem","38249"
"10249","AkBankSourceData","","295402180","295402180","10248","SoundInitialValues","True","295402180.wem","38249"
"10250","AkMediaInformation","","295402180","295402180","10249","AkBankSourceData","True","295402180.wem","38249"
"10262","CAkSound","","117726891","117726891","109","HircChunk","True","117726891.wem","19524"
"10263","SoundInitialValues","","117726891","117726891","10262","CAkSound","True","117726891.wem","19524"
"10264","AkBankSourceData","","117726891","117726891","10263","SoundInitialValues","True","117726891.wem","19524"
"10265","AkMediaInformation","","117726891","117726891","10264","AkBankSourceData","True","117726891.wem","19524"
"10277","CAkSound","","31296218","31296218","109","HircChunk","True","31296218.wem","21819"
"10278","SoundInitialValues","","31296218","31296218","10277","CAkSound","True","31296218.wem","21819"
"10279","AkBankSourceData","","31296218","31296218","10278","SoundInitialValues","True","31296218.wem","21819"
"10280","AkMediaInformation","","31296218","31296218","10279","AkBankSourceData","True","31296218.wem","21819"
"10292","CAkSound","","286756205","286756205","109","HircChunk","True","286756205.wem","13026"
"10293","SoundInitialValues","","286756205","286756205","10292","CAkSound","True","286756205.wem","13026"
"10294","AkBankSourceData","","286756205","286756205","10293","SoundInitialValues","True","286756205.wem","13026"
"10295","AkMediaInformation","","286756205","286756205","10294","AkBankSourceData","True","286756205.wem","13026"
"10307","CAkSound","","492451819","492451819","109","HircChunk","True","492451819.wem","28375"
"10308","SoundInitialValues","","492451819","492451819","10307","CAkSound","True","492451819.wem","28375"
"10309","AkBankSourceData","","492451819","492451819","10308","SoundInitialValues","True","492451819.wem","28375"
"10310","AkMediaInformation","","492451819","492451819","10309","AkBankSourceData","True","492451819.wem","28375"
"10322","CAkSound","","234171837","234171837","109","HircChunk","True","234171837.wem","49255"
"10323","SoundInitialValues","","234171837","234171837","10322","CAkSound","True","234171837.wem","49255"
"10324","AkBankSourceData","","234171837","234171837","10323","SoundInitialValues","True","234171837.wem","49255"
"10325","AkMediaInformation","","234171837","234171837","10324","AkBankSourceData","True","234171837.wem","49255"
"10337","CAkSound","","463698316","463698316","109","HircChunk","True","463698316.wem","36125"
"10338","SoundInitialValues","","463698316","463698316","10337","CAkSound","True","463698316.wem","36125"
"10339","AkBankSourceData","","463698316","463698316","10338","SoundInitialValues","True","463698316.wem","36125"
"10340","AkMediaInformation","","463698316","463698316","10339","AkBankSourceData","True","463698316.wem","36125"
"10352","CAkSound","","23415599","23415599","109","HircChunk","True","23415599.wem","85661"
"10353","SoundInitialValues","","23415599","23415599","10352","CAkSound","True","23415599.wem","85661"
"10354","AkBankSourceData","","23415599","23415599","10353","SoundInitialValues","True","23415599.wem","85661"
"10355","AkMediaInformation","","23415599","23415599","10354","AkBankSourceData","True","23415599.wem","85661"
"10367","CAkSound","","1006709767","1006709767","109","HircChunk","True","1006709767.wem","8282"
"10368","SoundInitialValues","","1006709767","1006709767","10367","CAkSound","True","1006709767.wem","8282"
"10369","AkBankSourceData","","1006709767","1006709767","10368","SoundInitialValues","True","1006709767.wem","8282"
"10370","AkMediaInformation","","1006709767","1006709767","10369","AkBankSourceData","True","1006709767.wem","8282"
"10382","CAkSound","","864907048","864907048","109","HircChunk","True","864907048.wem","13569"
"10383","SoundInitialValues","","864907048","864907048","10382","CAkSound","True","864907048.wem","13569"
"10384","AkBankSourceData","","864907048","864907048","10383","SoundInitialValues","True","864907048.wem","13569"
"10385","AkMediaInformation","","864907048","864907048","10384","AkBankSourceData","True","864907048.wem","13569"
"10397","CAkSound","","946187242","946187242","109","HircChunk","True","946187242.wem","13662"
"10398","SoundInitialValues","","946187242","946187242","10397","CAkSound","True","946187242.wem","13662"
"10399","AkBankSourceData","","946187242","946187242","10398","SoundInitialValues","True","946187242.wem","13662"
"10400","AkMediaInformation","","946187242","946187242","10399","AkBankSourceData","True","946187242.wem","13662"
"10412","CAkSound","","297588063","297588063","109","HircChunk","True","297588063.wem","39107"
"10413","SoundInitialValues","","297588063","297588063","10412","CAkSound","True","297588063.wem","39107"
"10414","AkBankSourceData","","297588063","297588063","10413","SoundInitialValues","True","297588063.wem","39107"
"10415","AkMediaInformation","","297588063","297588063","10414","AkBankSourceData","True","297588063.wem","39107"
"10427","CAkSound","","566090492","566090492","109","HircChunk","True","566090492.wem","12966"
"10428","SoundInitialValues","","566090492","566090492","10427","CAkSound","True","566090492.wem","12966"
"10429","AkBankSourceData","","566090492","566090492","10428","SoundInitialValues","True","566090492.wem","12966"
"10430","AkMediaInformation","","566090492","566090492","10429","AkBankSourceData","True","566090492.wem","12966"
"10442","CAkSound","","2259156","2259156","109","HircChunk","True","2259156.wem","69591"
"10443","SoundInitialValues","","2259156","2259156","10442","CAkSound","True","2259156.wem","69591"
"10444","AkBankSourceData","","2259156","2259156","10443","SoundInitialValues","True","2259156.wem","69591"
"10445","AkMediaInformation","","2259156","2259156","10444","AkBankSourceData","True","2259156.wem","69591"
"10457","CAkSound","","195537923","195537923","109","HircChunk","True","195537923.wem","13151"
"10458","SoundInitialValues","","195537923","195537923","10457","CAkSound","True","195537923.wem","13151"
"10459","AkBankSourceData","","195537923","195537923","10458","SoundInitialValues","True","195537923.wem","13151"
"10460","AkMediaInformation","","195537923","195537923","10459","AkBankSourceData","True","195537923.wem","13151"
"10472","CAkSound","","670881469","670881469","109","HircChunk","True","670881469.wem","20527"
"10473","SoundInitialValues","","670881469","670881469","10472","CAkSound","True","670881469.wem","20527"
"10474","AkBankSourceData","","670881469","670881469","10473","SoundInitialValues","True","670881469.wem","20527"
"10475","AkMediaInformation","","670881469","670881469","10474","AkBankSourceData","True","670881469.wem","20527"
"10487","CAkSound","","357489160","357489160","109","HircChunk","True","357489160.wem","29996"
"10488","SoundInitialValues","","357489160","357489160","10487","CAkSound","True","357489160.wem","29996"
"10489","AkBankSourceData","","357489160","357489160","10488","SoundInitialValues","True","357489160.wem","29996"
"10490","AkMediaInformation","","357489160","357489160","10489","AkBankSourceData","True","357489160.wem","29996"
"10502","CAkSound","","130938459","130938459","109","HircChunk","True","130938459.wem","56242"
"10503","SoundInitialValues","","130938459","130938459","10502","CAkSound","True","130938459.wem","56242"
"10504","AkBankSourceData","","130938459","130938459","10503","SoundInitialValues","True","130938459.wem","56242"
"10505","AkMediaInformation","","130938459","130938459","10504","AkBankSourceData","True","130938459.wem","56242"
"10517","CAkSound","","753076740","753076740","109","HircChunk","True","753076740.wem","19997"
"10518","SoundInitialValues","","753076740","753076740","10517","CAkSound","True","753076740.wem","19997"
"10519","AkBankSourceData","","753076740","753076740","10518","SoundInitialValues","True","753076740.wem","19997"
"10520","AkMediaInformation","","753076740","753076740","10519","AkBankSourceData","True","753076740.wem","19997"
"10532","CAkSound","","786785770","786785770","109","HircChunk","True","786785770.wem","29445"
"10533","SoundInitialValues","","786785770","786785770","10532","CAkSound","True","786785770.wem","29445"
"10534","AkBankSourceData","","786785770","786785770","10533","SoundInitialValues","True","786785770.wem","29445"
"10535","AkMediaInformation","","786785770","786785770","10534","AkBankSourceData","True","786785770.wem","29445"
"10547","CAkSound","","749918491","749918491","109","HircChunk","True","749918491.wem","106708"
"10548","SoundInitialValues","","749918491","749918491","10547","CAkSound","True","749918491.wem","106708"
"10549","AkBankSourceData","","749918491","749918491","10548","SoundInitialValues","True","749918491.wem","106708"
"10550","AkMediaInformation","","749918491","749918491","10549","AkBankSourceData","True","749918491.wem","106708"
"10577","CAkSound","","987869067","987869067","109","HircChunk","True","987869067.wem","35067"
"10578","SoundInitialValues","","987869067","987869067","10577","CAkSound","True","987869067.wem","35067"
"10579","AkBankSourceData","","987869067","987869067","10578","SoundInitialValues","True","987869067.wem","35067"
"10580","AkMediaInformation","","987869067","987869067","10579","AkBankSourceData","True","987869067.wem","35067"
"10592","CAkSound","","583398930","583398930","109","HircChunk","True","583398930.wem","49137"
"10593","SoundInitialValues","","583398930","583398930","10592","CAkSound","True","583398930.wem","49137"
"10594","AkBankSourceData","","583398930","583398930","10593","SoundInitialValues","True","583398930.wem","49137"
"10595","AkMediaInformation","","583398930","583398930","10594","AkBankSourceData","True","583398930.wem","49137"
"10622","CAkSound","","121985976","121985976","109","HircChunk","True","121985976.wem","60293"
"10623","SoundInitialValues","","121985976","121985976","10622","CAkSound","True","121985976.wem","60293"
"10624","AkBankSourceData","","121985976","121985976","10623","SoundInitialValues","True","121985976.wem","60293"
"10625","AkMediaInformation","","121985976","121985976","10624","AkBankSourceData","True","121985976.wem","60293"
"10637","CAkSound","","702029865","702029865","109","HircChunk","True","702029865.wem","32507"
"10638","SoundInitialValues","","702029865","702029865","10637","CAkSound","True","702029865.wem","32507"
"10639","AkBankSourceData","","702029865","702029865","10638","SoundInitialValues","True","702029865.wem","32507"
"10640","AkMediaInformation","","702029865","702029865","10639","AkBankSourceData","True","702029865.wem","32507"
"10652","CAkSound","","1063776406","1063776406","109","HircChunk","True","1063776406.wem","14887"
"10653","SoundInitialValues","","1063776406","1063776406","10652","CAkSound","True","1063776406.wem","14887"
"10654","AkBankSourceData","","1063776406","1063776406","10653","SoundInitialValues","True","1063776406.wem","14887"
"10655","AkMediaInformation","","1063776406","1063776406","10654","AkBankSourceData","True","1063776406.wem","14887"
"10667","CAkSound","","717250427","717250427","109","HircChunk","True","717250427.wem","101974"
"10668","SoundInitialValues","","717250427","717250427","10667","CAkSound","True","717250427.wem","101974"
"10669","AkBankSourceData","","717250427","717250427","10668","SoundInitialValues","True","717250427.wem","101974"
"10670","AkMediaInformation","","717250427","717250427","10669","AkBankSourceData","True","717250427.wem","101974"
"10682","CAkSound","","623153603","623153603","109","HircChunk","True","623153603.wem","17128"
"10683","SoundInitialValues","","623153603","623153603","10682","CAkSound","True","623153603.wem","17128"
"10684","AkBankSourceData","","623153603","623153603","10683","SoundInitialValues","True","623153603.wem","17128"
"10685","AkMediaInformation","","623153603","623153603","10684","AkBankSourceData","True","623153603.wem","17128"
"10697","CAkSound","","382402011","382402011","109","HircChunk","True","382402011.wem","74569"
"10698","SoundInitialValues","","382402011","382402011","10697","CAkSound","True","382402011.wem","74569"
"10699","AkBankSourceData","","382402011","382402011","10698","SoundInitialValues","True","382402011.wem","74569"
"10700","AkMediaInformation","","382402011","382402011","10699","AkBankSourceData","True","382402011.wem","74569"
"10712","CAkSound","","528151165","528151165","109","HircChunk","True","528151165.wem","9576"
"10713","SoundInitialValues","","528151165","528151165","10712","CAkSound","True","528151165.wem","9576"
"10714","AkBankSourceData","","528151165","528151165","10713","SoundInitialValues","True","528151165.wem","9576"
"10715","AkMediaInformation","","528151165","528151165","10714","AkBankSourceData","True","528151165.wem","9576"
"10727","CAkSound","","619268756","619268756","109","HircChunk","True","619268756.wem","19245"
"10728","SoundInitialValues","","619268756","619268756","10727","CAkSound","True","619268756.wem","19245"
"10729","AkBankSourceData","","619268756","619268756","10728","SoundInitialValues","True","619268756.wem","19245"
"10730","AkMediaInformation","","619268756","619268756","10729","AkBankSourceData","True","619268756.wem","19245"
"10742","CAkSound","","140429898","140429898","109","HircChunk","True","140429898.wem","7663"
"10743","SoundInitialValues","","140429898","140429898","10742","CAkSound","True","140429898.wem","7663"
"10744","AkBankSourceData","","140429898","140429898","10743","SoundInitialValues","True","140429898.wem","7663"
"10745","AkMediaInformation","","140429898","140429898","10744","AkBankSourceData","True","140429898.wem","7663"
"10757","CAkSound","","449603267","449603267","109","HircChunk","True","449603267.wem","98189"
"10758","SoundInitialValues","","449603267","449603267","10757","CAkSound","True","449603267.wem","98189"
"10759","AkBankSourceData","","449603267","449603267","10758","SoundInitialValues","True","449603267.wem","98189"
"10760","AkMediaInformation","","449603267","449603267","10759","AkBankSourceData","True","449603267.wem","98189"
"10772","CAkSound","","410268385","410268385","109","HircChunk","True","410268385.wem","36526"
"10773","SoundInitialValues","","410268385","410268385","10772","CAkSound","True","410268385.wem","36526"
"10774","AkBankSourceData","","410268385","410268385","10773","SoundInitialValues","True","410268385.wem","36526"
"10775","AkMediaInformation","","410268385","410268385","10774","AkBankSourceData","True","410268385.wem","36526"
"10787","CAkSound","","897844617","897844617","109","HircChunk","True","897844617.wem","8711"
"10788","SoundInitialValues","","897844617","897844617","10787","CAkSound","True","897844617.wem","8711"
"10789","AkBankSourceData","","897844617","897844617","10788","SoundInitialValues","True","897844617.wem","8711"
"10790","AkMediaInformation","","897844617","897844617","10789","AkBankSourceData","True","897844617.wem","8711"
"10802","CAkSound","","315025654","315025654","109","HircChunk","True","315025654.wem","353152"
"10803","SoundInitialValues","","315025654","315025654","10802","CAkSound","True","315025654.wem","353152"
"10804","AkBankSourceData","","315025654","315025654","10803","SoundInitialValues","True","315025654.wem","353152"
"10805","AkMediaInformation","","315025654","315025654","10804","AkBankSourceData","True","315025654.wem","353152"
"10817","CAkSound","","431551151","431551151","109","HircChunk","True","431551151.wem","113444"
"10818","SoundInitialValues","","431551151","431551151","10817","CAkSound","True","431551151.wem","113444"
"10819","AkBankSourceData","","431551151","431551151","10818","SoundInitialValues","True","431551151.wem","113444"
"10820","AkMediaInformation","","431551151","431551151","10819","AkBankSourceData","True","431551151.wem","113444"
"10832","CAkSound","","38372339","38372339","109","HircChunk","True","38372339.wem","24345"
"10833","SoundInitialValues","","38372339","38372339","10832","CAkSound","True","38372339.wem","24345"
"10834","AkBankSourceData","","38372339","38372339","10833","SoundInitialValues","True","38372339.wem","24345"
"10835","AkMediaInformation","","38372339","38372339","10834","AkBankSourceData","True","38372339.wem","24345"
"10847","CAkSound","","823705667","823705667","109","HircChunk","True","823705667.wem","8845"
"10848","SoundInitialValues","","823705667","823705667","10847","CAkSound","True","823705667.wem","8845"
"10849","AkBankSourceData","","823705667","823705667","10848","SoundInitialValues","True","823705667.wem","8845"
"10850","AkMediaInformation","","823705667","823705667","10849","AkBankSourceData","True","823705667.wem","8845"
"10862","CAkSound","","850488335","850488335","109","HircChunk","True","850488335.wem","29307"
"10863","SoundInitialValues","","850488335","850488335","10862","CAkSound","True","850488335.wem","29307"
"10864","AkBankSourceData","","850488335","850488335","10863","SoundInitialValues","True","850488335.wem","29307"
"10865","AkMediaInformation","","850488335","850488335","10864","AkBankSourceData","True","850488335.wem","29307"
"10877","CAkSound","","185096493","185096493","109","HircChunk","True","185096493.wem","209897"
"10878","SoundInitialValues","","185096493","185096493","10877","CAkSound","True","185096493.wem","209897"
"10879","AkBankSourceData","","185096493","185096493","10878","SoundInitialValues","True","185096493.wem","209897"
"10880","AkMediaInformation","","185096493","185096493","10879","AkBankSourceData","True","185096493.wem","209897"
"10892","CAkSound","","632520951","632520951","109","HircChunk","True","632520951.wem","14702"
"10893","SoundInitialValues","","632520951","632520951","10892","CAkSound","True","632520951.wem","14702"
"10894","AkBankSourceData","","632520951","632520951","10893","SoundInitialValues","True","632520951.wem","14702"
"10895","AkMediaInformation","","632520951","632520951","10894","AkBankSourceData","True","632520951.wem","14702"
"10907","CAkSound","","371394614","371394614","109","HircChunk","True","371394614.wem","74367"
"10908","SoundInitialValues","","371394614","371394614","10907","CAkSound","True","371394614.wem","74367"
"10909","AkBankSourceData","","371394614","371394614","10908","SoundInitialValues","True","371394614.wem","74367"
"10910","AkMediaInformation","","371394614","371394614","10909","AkBankSourceData","True","371394614.wem","74367"
"10922","CAkSound","","676334691","676334691","109","HircChunk","True","676334691.wem","129705"
"10923","SoundInitialValues","","676334691","676334691","10922","CAkSound","True","676334691.wem","129705"
"10924","AkBankSourceData","","676334691","676334691","10923","SoundInitialValues","True","676334691.wem","129705"
"10925","AkMediaInformation","","676334691","676334691","10924","AkBankSourceData","True","676334691.wem","129705"
"10937","CAkSound","","658700189","658700189","109","HircChunk","True","658700189.wem","13647"
"10938","SoundInitialValues","","658700189","658700189","10937","CAkSound","True","658700189.wem","13647"
"10939","AkBankSourceData","","658700189","658700189","10938","SoundInitialValues","True","658700189.wem","13647"
"10940","AkMediaInformation","","658700189","658700189","10939","AkBankSourceData","True","658700189.wem","13647"
"10952","CAkSound","","781584840","781584840","109","HircChunk","True","781584840.wem","9315"
"10953","SoundInitialValues","","781584840","781584840","10952","CAkSound","True","781584840.wem","9315"
"10954","AkBankSourceData","","781584840","781584840","10953","SoundInitialValues","True","781584840.wem","9315"
"10955","AkMediaInformation","","781584840","781584840","10954","AkBankSourceData","True","781584840.wem","9315"
"10967","CAkSound","","286033145","286033145","109","HircChunk","True","286033145.wem","79791"
"10968","SoundInitialValues","","286033145","286033145","10967","CAkSound","True","286033145.wem","79791"
"10969","AkBankSourceData","","286033145","286033145","10968","SoundInitialValues","True","286033145.wem","79791"
"10970","AkMediaInformation","","286033145","286033145","10969","AkBankSourceData","True","286033145.wem","79791"
"10982","CAkSound","","606607172","606607172","109","HircChunk","True","606607172.wem","19482"
"10983","SoundInitialValues","","606607172","606607172","10982","CAkSound","True","606607172.wem","19482"
"10984","AkBankSourceData","","606607172","606607172","10983","SoundInitialValues","True","606607172.wem","19482"
"10985","AkMediaInformation","","606607172","606607172","10984","AkBankSourceData","True","606607172.wem","19482"
"10997","CAkSound","","285607759","285607759","109","HircChunk","True","285607759.wem","216534"
"10998","SoundInitialValues","","285607759","285607759","10997","CAkSound","True","285607759.wem","216534"
"10999","AkBankSourceData","","285607759","285607759","10998","SoundInitialValues","True","285607759.wem","216534"
"11000","AkMediaInformation","","285607759","285607759","10999","AkBankSourceData","True","285607759.wem","216534"
"11012","CAkSound","","401643321","401643321","109","HircChunk","True","401643321.wem","16356"
"11013","SoundInitialValues","","401643321","401643321","11012","CAkSound","True","401643321.wem","16356"
"11014","AkBankSourceData","","401643321","401643321","11013","SoundInitialValues","True","401643321.wem","16356"
"11015","AkMediaInformation","","401643321","401643321","11014","AkBankSourceData","True","401643321.wem","16356"
"11027","CAkSound","","431481085","431481085","109","HircChunk","True","431481085.wem","64360"
"11028","SoundInitialValues","","431481085","431481085","11027","CAkSound","True","431481085.wem","64360"
"11029","AkBankSourceData","","431481085","431481085","11028","SoundInitialValues","True","431481085.wem","64360"
"11030","AkMediaInformation","","431481085","431481085","11029","AkBankSourceData","True","431481085.wem","64360"
"11042","CAkSound","","337206063","337206063","109","HircChunk","True","337206063.wem","13989"
"11043","SoundInitialValues","","337206063","337206063","11042","CAkSound","True","337206063.wem","13989"
"11044","AkBankSourceData","","337206063","337206063","11043","SoundInitialValues","True","337206063.wem","13989"
"11045","AkMediaInformation","","337206063","337206063","11044","AkBankSourceData","True","337206063.wem","13989"
"11057","CAkSound","","836859547","836859547","109","HircChunk","True","836859547.wem","25778"
"11058","SoundInitialValues","","836859547","836859547","11057","CAkSound","True","836859547.wem","25778"
"11059","AkBankSourceData","","836859547","836859547","11058","SoundInitialValues","True","836859547.wem","25778"
"11060","AkMediaInformation","","836859547","836859547","11059","AkBankSourceData","True","836859547.wem","25778"
"11072","CAkSound","","123995673","123995673","109","HircChunk","True","123995673.wem","20118"
"11073","SoundInitialValues","","123995673","123995673","11072","CAkSound","True","123995673.wem","20118"
"11074","AkBankSourceData","","123995673","123995673","11073","SoundInitialValues","True","123995673.wem","20118"
"11075","AkMediaInformation","","123995673","123995673","11074","AkBankSourceData","True","123995673.wem","20118"
"11087","CAkSound","","429713486","429713486","109","HircChunk","True","429713486.wem","6210"
"11088","SoundInitialValues","","429713486","429713486","11087","CAkSound","True","429713486.wem","6210"
"11089","AkBankSourceData","","429713486","429713486","11088","SoundInitialValues","True","429713486.wem","6210"
"11090","AkMediaInformation","","429713486","429713486","11089","AkBankSourceData","True","429713486.wem","6210"
"11102","CAkSound","","353841134","353841134","109","HircChunk","True","353841134.wem","143002"
"11103","SoundInitialValues","","353841134","353841134","11102","CAkSound","True","353841134.wem","143002"
"11104","AkBankSourceData","","353841134","353841134","11103","SoundInitialValues","True","353841134.wem","143002"
"11105","AkMediaInformation","","353841134","353841134","11104","AkBankSourceData","True","353841134.wem","143002"
"11117","CAkSound","","240912965","240912965","109","HircChunk","True","240912965.wem","22229"
"11118","SoundInitialValues","","240912965","240912965","11117","CAkSound","True","240912965.wem","22229"
"11119","AkBankSourceData","","240912965","240912965","11118","SoundInitialValues","True","240912965.wem","22229"
"11120","AkMediaInformation","","240912965","240912965","11119","AkBankSourceData","True","240912965.wem","22229"
"11132","CAkSound","","213762010","213762010","109","HircChunk","True","213762010.wem","33499"
"11133","SoundInitialValues","","213762010","213762010","11132","CAkSound","True","213762010.wem","33499"
"11134","AkBankSourceData","","213762010","213762010","11133","SoundInitialValues","True","213762010.wem","33499"
"11135","AkMediaInformation","","213762010","213762010","11134","AkBankSourceData","True","213762010.wem","33499"
"11161","CAkSound","","873145965","873145965","109","HircChunk","True","873145965.wem","6986"
"11162","SoundInitialValues","","873145965","873145965","11161","CAkSound","True","873145965.wem","6986"
"11163","AkBankSourceData","","873145965","873145965","11162","SoundInitialValues","True","873145965.wem","6986"
"11164","AkMediaInformation","","873145965","873145965","11163","AkBankSourceData","True","873145965.wem","6986"
"11176","CAkSound","","959203466","959203466","109","HircChunk","True","959203466.wem","10108"
"11177","SoundInitialValues","","959203466","959203466","11176","CAkSound","True","959203466.wem","10108"
"11178","AkBankSourceData","","959203466","959203466","11177","SoundInitialValues","True","959203466.wem","10108"
"11179","AkMediaInformation","","959203466","959203466","11178","AkBankSourceData","True","959203466.wem","10108"
"11191","CAkSound","","597854950","597854950","109","HircChunk","True","597854950.wem","9054"
"11192","SoundInitialValues","","597854950","597854950","11191","CAkSound","True","597854950.wem","9054"
"11193","AkBankSourceData","","597854950","597854950","11192","SoundInitialValues","True","597854950.wem","9054"
"11194","AkMediaInformation","","597854950","597854950","11193","AkBankSourceData","True","597854950.wem","9054"
"11206","CAkSound","","531535501","531535501","109","HircChunk","True","531535501.wem","18043"
"11207","SoundInitialValues","","531535501","531535501","11206","CAkSound","True","531535501.wem","18043"
"11208","AkBankSourceData","","531535501","531535501","11207","SoundInitialValues","True","531535501.wem","18043"
"11209","AkMediaInformation","","531535501","531535501","11208","AkBankSourceData","True","531535501.wem","18043"
"11221","CAkSound","","354668928","354668928","109","HircChunk","True","354668928.wem","22367"
"11222","SoundInitialValues","","354668928","354668928","11221","CAkSound","True","354668928.wem","22367"
"11223","AkBankSourceData","","354668928","354668928","11222","SoundInitialValues","True","354668928.wem","22367"
"11224","AkMediaInformation","","354668928","354668928","11223","AkBankSourceData","True","354668928.wem","22367"
"11236","CAkSound","","757292548","757292548","109","HircChunk","True","757292548.wem","11606"
"11237","SoundInitialValues","","757292548","757292548","11236","CAkSound","True","757292548.wem","11606"
"11238","AkBankSourceData","","757292548","757292548","11237","SoundInitialValues","True","757292548.wem","11606"
"11239","AkMediaInformation","","757292548","757292548","11238","AkBankSourceData","True","757292548.wem","11606"
"11251","CAkSound","","726089987","726089987","109","HircChunk","True","726089987.wem","52227"
"11252","SoundInitialValues","","726089987","726089987","11251","CAkSound","True","726089987.wem","52227"
"11253","AkBankSourceData","","726089987","726089987","11252","SoundInitialValues","True","726089987.wem","52227"
"11254","AkMediaInformation","","726089987","726089987","11253","AkBankSourceData","True","726089987.wem","52227"
"11266","CAkSound","","861286715","861286715","109","HircChunk","True","861286715.wem","11246"
"11267","SoundInitialValues","","861286715","861286715","11266","CAkSound","True","861286715.wem","11246"
"11268","AkBankSourceData","","861286715","861286715","11267","SoundInitialValues","True","861286715.wem","11246"
"11269","AkMediaInformation","","861286715","861286715","11268","AkBankSourceData","True","861286715.wem","11246"
"11281","CAkSound","","979556710","979556710","109","HircChunk","True","979556710.wem","11878"
"11282","SoundInitialValues","","979556710","979556710","11281","CAkSound","True","979556710.wem","11878"
"11283","AkBankSourceData","","979556710","979556710","11282","SoundInitialValues","True","979556710.wem","11878"
"11284","AkMediaInformation","","979556710","979556710","11283","AkBankSourceData","True","979556710.wem","11878"
"11296","CAkSound","","481209477","481209477","109","HircChunk","True","481209477.wem","34105"
"11297","SoundInitialValues","","481209477","481209477","11296","CAkSound","True","481209477.wem","34105"
"11298","AkBankSourceData","","481209477","481209477","11297","SoundInitialValues","True","481209477.wem","34105"
"11299","AkMediaInformation","","481209477","481209477","11298","AkBankSourceData","True","481209477.wem","34105"
"11311","CAkSound","","854499199","854499199","109","HircChunk","True","854499199.wem","11209"
"11312","SoundInitialValues","","854499199","854499199","11311","CAkSound","True","854499199.wem","11209"
"11313","AkBankSourceData","","854499199","854499199","11312","SoundInitialValues","True","854499199.wem","11209"
"11314","AkMediaInformation","","854499199","854499199","11313","AkBankSourceData","True","854499199.wem","11209"
"11326","CAkSound","","753629622","753629622","109","HircChunk","True","753629622.wem","15340"
"11327","SoundInitialValues","","753629622","753629622","11326","CAkSound","True","753629622.wem","15340"
"11328","AkBankSourceData","","753629622","753629622","11327","SoundInitialValues","True","753629622.wem","15340"
"11329","AkMediaInformation","","753629622","753629622","11328","AkBankSourceData","True","753629622.wem","15340"
"11341","CAkSound","","383786923","383786923","109","HircChunk","True","383786923.wem","19491"
"11342","SoundInitialValues","","383786923","383786923","11341","CAkSound","True","383786923.wem","19491"
"11343","AkBankSourceData","","383786923","383786923","11342","SoundInitialValues","True","383786923.wem","19491"
"11344","AkMediaInformation","","383786923","383786923","11343","AkBankSourceData","True","383786923.wem","19491"
"11356","CAkSound","","731766908","731766908","109","HircChunk","True","731766908.wem","6180"
"11357","SoundInitialValues","","731766908","731766908","11356","CAkSound","True","731766908.wem","6180"
"11358","AkBankSourceData","","731766908","731766908","11357","SoundInitialValues","True","731766908.wem","6180"
"11359","AkMediaInformation","","731766908","731766908","11358","AkBankSourceData","True","731766908.wem","6180"
"11371","CAkSound","","974657530","974657530","109","HircChunk","True","974657530.wem","11891"
"11372","SoundInitialValues","","974657530","974657530","11371","CAkSound","True","974657530.wem","11891"
"11373","AkBankSourceData","","974657530","974657530","11372","SoundInitialValues","True","974657530.wem","11891"
"11374","AkMediaInformation","","974657530","974657530","11373","AkBankSourceData","True","974657530.wem","11891"
"11386","CAkSound","","272253548","272253548","109","HircChunk","True","272253548.wem","17323"
"11387","SoundInitialValues","","272253548","272253548","11386","CAkSound","True","272253548.wem","17323"
"11388","AkBankSourceData","","272253548","272253548","11387","SoundInitialValues","True","272253548.wem","17323"
"11389","AkMediaInformation","","272253548","272253548","11388","AkBankSourceData","True","272253548.wem","17323"
"11401","CAkSound","","82613959","82613959","109","HircChunk","True","82613959.wem","15925"
"11402","SoundInitialValues","","82613959","82613959","11401","CAkSound","True","82613959.wem","15925"
"11403","AkBankSourceData","","82613959","82613959","11402","SoundInitialValues","True","82613959.wem","15925"
"11404","AkMediaInformation","","82613959","82613959","11403","AkBankSourceData","True","82613959.wem","15925"
"11416","CAkSound","","232476450","232476450","109","HircChunk","True","232476450.wem","15670"
"11417","SoundInitialValues","","232476450","232476450","11416","CAkSound","True","232476450.wem","15670"
"11418","AkBankSourceData","","232476450","232476450","11417","SoundInitialValues","True","232476450.wem","15670"
"11419","AkMediaInformation","","232476450","232476450","11418","AkBankSourceData","True","232476450.wem","15670"
"11431","CAkSound","","270191836","270191836","109","HircChunk","True","270191836.wem","13904"
"11432","SoundInitialValues","","270191836","270191836","11431","CAkSound","True","270191836.wem","13904"
"11433","AkBankSourceData","","270191836","270191836","11432","SoundInitialValues","True","270191836.wem","13904"
"11434","AkMediaInformation","","270191836","270191836","11433","AkBankSourceData","True","270191836.wem","13904"
"11446","CAkSound","","1013214237","1013214237","109","HircChunk","True","1013214237.wem","18291"
"11447","SoundInitialValues","","1013214237","1013214237","11446","CAkSound","True","1013214237.wem","18291"
"11448","AkBankSourceData","","1013214237","1013214237","11447","SoundInitialValues","True","1013214237.wem","18291"
"11449","AkMediaInformation","","1013214237","1013214237","11448","AkBankSourceData","True","1013214237.wem","18291"
"11461","CAkSound","","467069342","467069342","109","HircChunk","True","467069342.wem","19971"
"11462","SoundInitialValues","","467069342","467069342","11461","CAkSound","True","467069342.wem","19971"
"11463","AkBankSourceData","","467069342","467069342","11462","SoundInitialValues","True","467069342.wem","19971"
"11464","AkMediaInformation","","467069342","467069342","11463","AkBankSourceData","True","467069342.wem","19971"
"11476","CAkSound","","38727352","38727352","109","HircChunk","True","38727352.wem","10590"
"11477","SoundInitialValues","","38727352","38727352","11476","CAkSound","True","38727352.wem","10590"
"11478","AkBankSourceData","","38727352","38727352","11477","SoundInitialValues","True","38727352.wem","10590"
"11479","AkMediaInformation","","38727352","38727352","11478","AkBankSourceData","True","38727352.wem","10590"
"11491","CAkSound","","920301962","920301962","109","HircChunk","True","920301962.wem","14137"
"11492","SoundInitialValues","","920301962","920301962","11491","CAkSound","True","920301962.wem","14137"
"11493","AkBankSourceData","","920301962","920301962","11492","SoundInitialValues","True","920301962.wem","14137"
"11494","AkMediaInformation","","920301962","920301962","11493","AkBankSourceData","True","920301962.wem","14137"
"11506","CAkSound","","633207798","633207798","109","HircChunk","True","633207798.wem","19211"
"11507","SoundInitialValues","","633207798","633207798","11506","CAkSound","True","633207798.wem","19211"
"11508","AkBankSourceData","","633207798","633207798","11507","SoundInitialValues","True","633207798.wem","19211"
"11509","AkMediaInformation","","633207798","633207798","11508","AkBankSourceData","True","633207798.wem","19211"
"11521","CAkSound","","1037817702","1037817702","109","HircChunk","True","1037817702.wem","10939"
"11522","SoundInitialValues","","1037817702","1037817702","11521","CAkSound","True","1037817702.wem","10939"
"11523","AkBankSourceData","","1037817702","1037817702","11522","SoundInitialValues","True","1037817702.wem","10939"
"11524","AkMediaInformation","","1037817702","1037817702","11523","AkBankSourceData","True","1037817702.wem","10939"
"11536","CAkSound","","751737961","751737961","109","HircChunk","True","751737961.wem","15947"
"11537","SoundInitialValues","","751737961","751737961","11536","CAkSound","True","751737961.wem","15947"
"11538","AkBankSourceData","","751737961","751737961","11537","SoundInitialValues","True","751737961.wem","15947"
"11539","AkMediaInformation","","751737961","751737961","11538","AkBankSourceData","True","751737961.wem","15947"
"11551","CAkSound","","691097811","691097811","109","HircChunk","True","691097811.wem","18470"
"11552","SoundInitialValues","","691097811","691097811","11551","CAkSound","True","691097811.wem","18470"
"11553","AkBankSourceData","","691097811","691097811","11552","SoundInitialValues","True","691097811.wem","18470"
"11554","AkMediaInformation","","691097811","691097811","11553","AkBankSourceData","True","691097811.wem","18470"
"11566","CAkSound","","546302932","546302932","109","HircChunk","True","546302932.wem","33005"
"11567","SoundInitialValues","","546302932","546302932","11566","CAkSound","True","546302932.wem","33005"
"11568","AkBankSourceData","","546302932","546302932","11567","SoundInitialValues","True","546302932.wem","33005"
"11569","AkMediaInformation","","546302932","546302932","11568","AkBankSourceData","True","546302932.wem","33005"
"11581","CAkSound","","561621684","561621684","109","HircChunk","True","561621684.wem","91343"
"11582","SoundInitialValues","","561621684","561621684","11581","CAkSound","True","561621684.wem","91343"
"11583","AkBankSourceData","","561621684","561621684","11582","SoundInitialValues","True","561621684.wem","91343"
"11584","AkMediaInformation","","561621684","561621684","11583","AkBankSourceData","True","561621684.wem","91343"
"11596","CAkSound","","529146015","529146015","109","HircChunk","True","529146015.wem","23991"
"11597","SoundInitialValues","","529146015","529146015","11596","CAkSound","True","529146015.wem","23991"
"11598","AkBankSourceData","","529146015","529146015","11597","SoundInitialValues","True","529146015.wem","23991"
"11599","AkMediaInformation","","529146015","529146015","11598","AkBankSourceData","True","529146015.wem","23991"
"11611","CAkSound","","588927754","588927754","109","HircChunk","True","588927754.wem","17891"
"11612","SoundInitialValues","","588927754","588927754","11611","CAkSound","True","588927754.wem","17891"
"11613","AkBankSourceData","","588927754","588927754","11612","SoundInitialValues","True","588927754.wem","17891"
"11614","AkMediaInformation","","588927754","588927754","11613","AkBankSourceData","True","588927754.wem","17891"
"11626","CAkSound","","530969235","530969235","109","HircChunk","True","530969235.wem","10979"
"11627","SoundInitialValues","","530969235","530969235","11626","CAkSound","True","530969235.wem","10979"
"11628","AkBankSourceData","","530969235","530969235","11627","SoundInitialValues","True","530969235.wem","10979"
"11629","AkMediaInformation","","530969235","530969235","11628","AkBankSourceData","True","530969235.wem","10979"
"11641","CAkSound","","432000320","432000320","109","HircChunk","True","432000320.wem","10906"
"11642","SoundInitialValues","","432000320","432000320","11641","CAkSound","True","432000320.wem","10906"
"11643","AkBankSourceData","","432000320","432000320","11642","SoundInitialValues","True","432000320.wem","10906"
"11644","AkMediaInformation","","432000320","432000320","11643","AkBankSourceData","True","432000320.wem","10906"
"11656","CAkSound","","970401893","970401893","109","HircChunk","True","970401893.wem","18796"
"11657","SoundInitialValues","","970401893","970401893","11656","CAkSound","True","970401893.wem","18796"
"11658","AkBankSourceData","","970401893","970401893","11657","SoundInitialValues","True","970401893.wem","18796"
"11659","AkMediaInformation","","970401893","970401893","11658","AkBankSourceData","True","970401893.wem","18796"
"11671","CAkSound","","540348542","540348542","109","HircChunk","True","540348542.wem","27328"
"11672","SoundInitialValues","","540348542","540348542","11671","CAkSound","True","540348542.wem","27328"
"11673","AkBankSourceData","","540348542","540348542","11672","SoundInitialValues","True","540348542.wem","27328"
"11674","AkMediaInformation","","540348542","540348542","11673","AkBankSourceData","True","540348542.wem","27328"
"11686","CAkSound","","176239191","176239191","109","HircChunk","True","176239191.wem","29067"
"11687","SoundInitialValues","","176239191","176239191","11686","CAkSound","True","176239191.wem","29067"
"11688","AkBankSourceData","","176239191","176239191","11687","SoundInitialValues","True","176239191.wem","29067"
"11689","AkMediaInformation","","176239191","176239191","11688","AkBankSourceData","True","176239191.wem","29067"
"11701","CAkSound","","4880661","4880661","109","HircChunk","True","4880661.wem","21878"
"11702","SoundInitialValues","","4880661","4880661","11701","CAkSound","True","4880661.wem","21878"
"11703","AkBankSourceData","","4880661","4880661","11702","SoundInitialValues","True","4880661.wem","21878"
"11704","AkMediaInformation","","4880661","4880661","11703","AkBankSourceData","True","4880661.wem","21878"
"11716","CAkSound","","360887369","360887369","109","HircChunk","True","360887369.wem","11296"
"11717","SoundInitialValues","","360887369","360887369","11716","CAkSound","True","360887369.wem","11296"
"11718","AkBankSourceData","","360887369","360887369","11717","SoundInitialValues","True","360887369.wem","11296"
"11719","AkMediaInformation","","360887369","360887369","11718","AkBankSourceData","True","360887369.wem","11296"
"11731","CAkSound","","374410794","374410794","109","HircChunk","True","374410794.wem","10854"
"11732","SoundInitialValues","","374410794","374410794","11731","CAkSound","True","374410794.wem","10854"
"11733","AkBankSourceData","","374410794","374410794","11732","SoundInitialValues","True","374410794.wem","10854"
"11734","AkMediaInformation","","374410794","374410794","11733","AkBankSourceData","True","374410794.wem","10854"
"11746","CAkSound","","785330184","785330184","109","HircChunk","True","785330184.wem","17815"
"11747","SoundInitialValues","","785330184","785330184","11746","CAkSound","True","785330184.wem","17815"
"11748","AkBankSourceData","","785330184","785330184","11747","SoundInitialValues","True","785330184.wem","17815"
"11749","AkMediaInformation","","785330184","785330184","11748","AkBankSourceData","True","785330184.wem","17815"
"11761","CAkSound","","818539637","818539637","109","HircChunk","True","818539637.wem","6590"
"11762","SoundInitialValues","","818539637","818539637","11761","CAkSound","True","818539637.wem","6590"
"11763","AkBankSourceData","","818539637","818539637","11762","SoundInitialValues","True","818539637.wem","6590"
"11764","AkMediaInformation","","818539637","818539637","11763","AkBankSourceData","True","818539637.wem","6590"
"11776","CAkSound","","9381084","9381084","109","HircChunk","True","9381084.wem","15903"
"11777","SoundInitialValues","","9381084","9381084","11776","CAkSound","True","9381084.wem","15903"
"11778","AkBankSourceData","","9381084","9381084","11777","SoundInitialValues","True","9381084.wem","15903"
"11779","AkMediaInformation","","9381084","9381084","11778","AkBankSourceData","True","9381084.wem","15903"
"11791","CAkSound","","352352022","352352022","109","HircChunk","True","352352022.wem","23859"
"11792","SoundInitialValues","","352352022","352352022","11791","CAkSound","True","352352022.wem","23859"
"11793","AkBankSourceData","","352352022","352352022","11792","SoundInitialValues","True","352352022.wem","23859"
"11794","AkMediaInformation","","352352022","352352022","11793","AkBankSourceData","True","352352022.wem","23859"
"11806","CAkSound","","258438692","258438692","109","HircChunk","True","258438692.wem","71089"
"11807","SoundInitialValues","","258438692","258438692","11806","CAkSound","True","258438692.wem","71089"
"11808","AkBankSourceData","","258438692","258438692","11807","SoundInitialValues","True","258438692.wem","71089"
"11809","AkMediaInformation","","258438692","258438692","11808","AkBankSourceData","True","258438692.wem","71089"
"11821","CAkSound","","1031659901","1031659901","109","HircChunk","True","1031659901.wem","17400"
"11822","SoundInitialValues","","1031659901","1031659901","11821","CAkSound","True","1031659901.wem","17400"
"11823","AkBankSourceData","","1031659901","1031659901","11822","SoundInitialValues","True","1031659901.wem","17400"
"11824","AkMediaInformation","","1031659901","1031659901","11823","AkBankSourceData","True","1031659901.wem","17400"
"11836","CAkSound","","653141414","653141414","109","HircChunk","True","653141414.wem","18792"
"11837","SoundInitialValues","","653141414","653141414","11836","CAkSound","True","653141414.wem","18792"
"11838","AkBankSourceData","","653141414","653141414","11837","SoundInitialValues","True","653141414.wem","18792"
"11839","AkMediaInformation","","653141414","653141414","11838","AkBankSourceData","True","653141414.wem","18792"
"11851","CAkSound","","400720740","400720740","109","HircChunk","True","400720740.wem","6932"
"11852","SoundInitialValues","","400720740","400720740","11851","CAkSound","True","400720740.wem","6932"
"11853","AkBankSourceData","","400720740","400720740","11852","SoundInitialValues","True","400720740.wem","6932"
"11854","AkMediaInformation","","400720740","400720740","11853","AkBankSourceData","True","400720740.wem","6932"
"11866","CAkSound","","834123639","834123639","109","HircChunk","True","834123639.wem","11836"
"11867","SoundInitialValues","","834123639","834123639","11866","CAkSound","True","834123639.wem","11836"
"11868","AkBankSourceData","","834123639","834123639","11867","SoundInitialValues","True","834123639.wem","11836"
"11869","AkMediaInformation","","834123639","834123639","11868","AkBankSourceData","True","834123639.wem","11836"
"11881","CAkSound","","880656504","880656504","109","HircChunk","True","880656504.wem","27901"
"11882","SoundInitialValues","","880656504","880656504","11881","CAkSound","True","880656504.wem","27901"
"11883","AkBankSourceData","","880656504","880656504","11882","SoundInitialValues","True","880656504.wem","27901"
"11884","AkMediaInformation","","880656504","880656504","11883","AkBankSourceData","True","880656504.wem","27901"
"11900","CAkSound","","680130212","0","109","HircChunk","False","",""
"11901","SoundInitialValues","","680130212","0","11900","CAkSound","False","",""
"11902","AkBankSourceData","","680130212","0","11901","SoundInitialValues","False","",""
"11903","AkMediaInformation","","680130212","0","11902","AkBankSourceData","False","",""
"11914","CAkSound","","888043717","888043717","109","HircChunk","True","888043717.wem","19052"
"11915","SoundInitialValues","","888043717","888043717","11914","CAkSound","True","888043717.wem","19052"
"11916","AkBankSourceData","","888043717","888043717","11915","SoundInitialValues","True","888043717.wem","19052"
"11917","AkMediaInformation","","888043717","888043717","11916","AkBankSourceData","True","888043717.wem","19052"
"11929","CAkSound","","89315413","89315413","109","HircChunk","True","89315413.wem","19973"
"11930","SoundInitialValues","","89315413","89315413","11929","CAkSound","True","89315413.wem","19973"
"11931","AkBankSourceData","","89315413","89315413","11930","SoundInitialValues","True","89315413.wem","19973"
"11932","AkMediaInformation","","89315413","89315413","11931","AkBankSourceData","True","89315413.wem","19973"
"11944","CAkSound","","793668433","793668433","109","HircChunk","True","793668433.wem","15603"
"11945","SoundInitialValues","","793668433","793668433","11944","CAkSound","True","793668433.wem","15603"
"11946","AkBankSourceData","","793668433","793668433","11945","SoundInitialValues","True","793668433.wem","15603"
"11947","AkMediaInformation","","793668433","793668433","11946","AkBankSourceData","True","793668433.wem","15603"
"11959","CAkSound","","938294348","938294348","109","HircChunk","True","938294348.wem","13079"
"11960","SoundInitialValues","","938294348","938294348","11959","CAkSound","True","938294348.wem","13079"
"11961","AkBankSourceData","","938294348","938294348","11960","SoundInitialValues","True","938294348.wem","13079"
"11962","AkMediaInformation","","938294348","938294348","11961","AkBankSourceData","True","938294348.wem","13079"
"11974","CAkSound","","1002356841","1002356841","109","HircChunk","True","1002356841.wem","15272"
"11975","SoundInitialValues","","1002356841","1002356841","11974","CAkSound","True","1002356841.wem","15272"
"11976","AkBankSourceData","","1002356841","1002356841","11975","SoundInitialValues","True","1002356841.wem","15272"
"11977","AkMediaInformation","","1002356841","1002356841","11976","AkBankSourceData","True","1002356841.wem","15272"
"11989","CAkSound","","766154379","766154379","109","HircChunk","True","766154379.wem","20891"
"11990","SoundInitialValues","","766154379","766154379","11989","CAkSound","True","766154379.wem","20891"
"11991","AkBankSourceData","","766154379","766154379","11990","SoundInitialValues","True","766154379.wem","20891"
"11992","AkMediaInformation","","766154379","766154379","11991","AkBankSourceData","True","766154379.wem","20891"
"12004","CAkSound","","224466364","224466364","109","HircChunk","True","224466364.wem","24732"
"12005","SoundInitialValues","","224466364","224466364","12004","CAkSound","True","224466364.wem","24732"
"12006","AkBankSourceData","","224466364","224466364","12005","SoundInitialValues","True","224466364.wem","24732"
"12007","AkMediaInformation","","224466364","224466364","12006","AkBankSourceData","True","224466364.wem","24732"
"12019","CAkSound","","157581541","157581541","109","HircChunk","True","157581541.wem","16046"
"12020","SoundInitialValues","","157581541","157581541","12019","CAkSound","True","157581541.wem","16046"
"12021","AkBankSourceData","","157581541","157581541","12020","SoundInitialValues","True","157581541.wem","16046"
"12022","AkMediaInformation","","157581541","157581541","12021","AkBankSourceData","True","157581541.wem","16046"
"12034","CAkSound","","28899013","28899013","109","HircChunk","True","28899013.wem","19941"
"12035","SoundInitialValues","","28899013","28899013","12034","CAkSound","True","28899013.wem","19941"
"12036","AkBankSourceData","","28899013","28899013","12035","SoundInitialValues","True","28899013.wem","19941"
"12037","AkMediaInformation","","28899013","28899013","12036","AkBankSourceData","True","28899013.wem","19941"
"12049","CAkSound","","393504504","393504504","109","HircChunk","True","393504504.wem","16915"
"12050","SoundInitialValues","","393504504","393504504","12049","CAkSound","True","393504504.wem","16915"
"12051","AkBankSourceData","","393504504","393504504","12050","SoundInitialValues","True","393504504.wem","16915"
"12052","AkMediaInformation","","393504504","393504504","12051","AkBankSourceData","True","393504504.wem","16915"
"12064","CAkSound","","518039797","518039797","109","HircChunk","True","518039797.wem","13289"
"12065","SoundInitialValues","","518039797","518039797","12064","CAkSound","True","518039797.wem","13289"
"12066","AkBankSourceData","","518039797","518039797","12065","SoundInitialValues","True","518039797.wem","13289"
"12067","AkMediaInformation","","518039797","518039797","12066","AkBankSourceData","True","518039797.wem","13289"
"12079","CAkSound","","938191861","938191861","109","HircChunk","True","938191861.wem","10588"
"12080","SoundInitialValues","","938191861","938191861","12079","CAkSound","True","938191861.wem","10588"
"12081","AkBankSourceData","","938191861","938191861","12080","SoundInitialValues","True","938191861.wem","10588"
"12082","AkMediaInformation","","938191861","938191861","12081","AkBankSourceData","True","938191861.wem","10588"
"12094","CAkSound","","809326529","809326529","109","HircChunk","True","809326529.wem","7647"
"12095","SoundInitialValues","","809326529","809326529","12094","CAkSound","True","809326529.wem","7647"
"12096","AkBankSourceData","","809326529","809326529","12095","SoundInitialValues","True","809326529.wem","7647"
"12097","AkMediaInformation","","809326529","809326529","12096","AkBankSourceData","True","809326529.wem","7647"
"12109","CAkSound","","857517261","857517261","109","HircChunk","True","857517261.wem","16385"
"12110","SoundInitialValues","","857517261","857517261","12109","CAkSound","True","857517261.wem","16385"
"12111","AkBankSourceData","","857517261","857517261","12110","SoundInitialValues","True","857517261.wem","16385"
"12112","AkMediaInformation","","857517261","857517261","12111","AkBankSourceData","True","857517261.wem","16385"
"12124","CAkSound","","919374362","919374362","109","HircChunk","True","919374362.wem","9607"
"12125","SoundInitialValues","","919374362","919374362","12124","CAkSound","True","919374362.wem","9607"
"12126","AkBankSourceData","","919374362","919374362","12125","SoundInitialValues","True","919374362.wem","9607"
"12127","AkMediaInformation","","919374362","919374362","12126","AkBankSourceData","True","919374362.wem","9607"
"12139","CAkSound","","887694664","887694664","109","HircChunk","True","887694664.wem","21092"
"12140","SoundInitialValues","","887694664","887694664","12139","CAkSound","True","887694664.wem","21092"
"12141","AkBankSourceData","","887694664","887694664","12140","SoundInitialValues","True","887694664.wem","21092"
"12142","AkMediaInformation","","887694664","887694664","12141","AkBankSourceData","True","887694664.wem","21092"
"12154","CAkSound","","72740112","72740112","109","HircChunk","True","72740112.wem","8539"
"12155","SoundInitialValues","","72740112","72740112","12154","CAkSound","True","72740112.wem","8539"
"12156","AkBankSourceData","","72740112","72740112","12155","SoundInitialValues","True","72740112.wem","8539"
"12157","AkMediaInformation","","72740112","72740112","12156","AkBankSourceData","True","72740112.wem","8539"
"12169","CAkSound","","89428262","89428262","109","HircChunk","True","89428262.wem","13593"
"12170","SoundInitialValues","","89428262","89428262","12169","CAkSound","True","89428262.wem","13593"
"12171","AkBankSourceData","","89428262","89428262","12170","SoundInitialValues","True","89428262.wem","13593"
"12172","AkMediaInformation","","89428262","89428262","12171","AkBankSourceData","True","89428262.wem","13593"
"12184","CAkSound","","585691051","585691051","109","HircChunk","True","585691051.wem","38882"
"12185","SoundInitialValues","","585691051","585691051","12184","CAkSound","True","585691051.wem","38882"
"12186","AkBankSourceData","","585691051","585691051","12185","SoundInitialValues","True","585691051.wem","38882"
"12187","AkMediaInformation","","585691051","585691051","12186","AkBankSourceData","True","585691051.wem","38882"
"12199","CAkSound","","415978962","415978962","109","HircChunk","True","415978962.wem","11318"
"12200","SoundInitialValues","","415978962","415978962","12199","CAkSound","True","415978962.wem","11318"
"12201","AkBankSourceData","","415978962","415978962","12200","SoundInitialValues","True","415978962.wem","11318"
"12202","AkMediaInformation","","415978962","415978962","12201","AkBankSourceData","True","415978962.wem","11318"
"12214","CAkSound","","1046566922","1046566922","109","HircChunk","True","1046566922.wem","9728"
"12215","SoundInitialValues","","1046566922","1046566922","12214","CAkSound","True","1046566922.wem","9728"
"12216","AkBankSourceData","","1046566922","1046566922","12215","SoundInitialValues","True","1046566922.wem","9728"
"12217","AkMediaInformation","","1046566922","1046566922","12216","AkBankSourceData","True","1046566922.wem","9728"
"12229","CAkSound","","174921470","174921470","109","HircChunk","True","174921470.wem","58071"
"12230","SoundInitialValues","","174921470","174921470","12229","CAkSound","True","174921470.wem","58071"
"12231","AkBankSourceData","","174921470","174921470","12230","SoundInitialValues","True","174921470.wem","58071"
"12232","AkMediaInformation","","174921470","174921470","12231","AkBankSourceData","True","174921470.wem","58071"
"12244","CAkSound","","579137320","579137320","109","HircChunk","True","579137320.wem","23256"
"12245","SoundInitialValues","","579137320","579137320","12244","CAkSound","True","579137320.wem","23256"
"12246","AkBankSourceData","","579137320","579137320","12245","SoundInitialValues","True","579137320.wem","23256"
"12247","AkMediaInformation","","579137320","579137320","12246","AkBankSourceData","True","579137320.wem","23256"
"12259","CAkSound","","722311450","722311450","109","HircChunk","True","722311450.wem","18332"
"12260","SoundInitialValues","","722311450","722311450","12259","CAkSound","True","722311450.wem","18332"
"12261","AkBankSourceData","","722311450","722311450","12260","SoundInitialValues","True","722311450.wem","18332"
"12262","AkMediaInformation","","722311450","722311450","12261","AkBankSourceData","True","722311450.wem","18332"
"12274","CAkSound","","752327521","752327521","109","HircChunk","True","752327521.wem","13171"
"12275","SoundInitialValues","","752327521","752327521","12274","CAkSound","True","752327521.wem","13171"
"12276","AkBankSourceData","","752327521","752327521","12275","SoundInitialValues","True","752327521.wem","13171"
"12277","AkMediaInformation","","752327521","752327521","12276","AkBankSourceData","True","752327521.wem","13171"
"12289","CAkSound","","43709616","43709616","109","HircChunk","True","43709616.wem","18456"
"12290","SoundInitialValues","","43709616","43709616","12289","CAkSound","True","43709616.wem","18456"
"12291","AkBankSourceData","","43709616","43709616","12290","SoundInitialValues","True","43709616.wem","18456"
"12292","AkMediaInformation","","43709616","43709616","12291","AkBankSourceData","True","43709616.wem","18456"
"12304","CAkSound","","348578007","348578007","109","HircChunk","True","348578007.wem","9406"
"12305","SoundInitialValues","","348578007","348578007","12304","CAkSound","True","348578007.wem","9406"
"12306","AkBankSourceData","","348578007","348578007","12305","SoundInitialValues","True","348578007.wem","9406"
"12307","AkMediaInformation","","348578007","348578007","12306","AkBankSourceData","True","348578007.wem","9406"
"12319","CAkSound","","755475297","755475297","109","HircChunk","True","755475297.wem","10031"
"12320","SoundInitialValues","","755475297","755475297","12319","CAkSound","True","755475297.wem","10031"
"12321","AkBankSourceData","","755475297","755475297","12320","SoundInitialValues","True","755475297.wem","10031"
"12322","AkMediaInformation","","755475297","755475297","12321","AkBankSourceData","True","755475297.wem","10031"
"12334","CAkSound","","298554319","298554319","109","HircChunk","True","298554319.wem","12018"
"12335","SoundInitialValues","","298554319","298554319","12334","CAkSound","True","298554319.wem","12018"
"12336","AkBankSourceData","","298554319","298554319","12335","SoundInitialValues","True","298554319.wem","12018"
"12337","AkMediaInformation","","298554319","298554319","12336","AkBankSourceData","True","298554319.wem","12018"
"12349","CAkSound","","872314379","872314379","109","HircChunk","True","872314379.wem","55726"
"12350","SoundInitialValues","","872314379","872314379","12349","CAkSound","True","872314379.wem","55726"
"12351","AkBankSourceData","","872314379","872314379","12350","SoundInitialValues","True","872314379.wem","55726"
"12352","AkMediaInformation","","872314379","872314379","12351","AkBankSourceData","True","872314379.wem","55726"
"12364","CAkSound","","672970291","672970291","109","HircChunk","True","672970291.wem","12909"
"12365","SoundInitialValues","","672970291","672970291","12364","CAkSound","True","672970291.wem","12909"
"12366","AkBankSourceData","","672970291","672970291","12365","SoundInitialValues","True","672970291.wem","12909"
"12367","AkMediaInformation","","672970291","672970291","12366","AkBankSourceData","True","672970291.wem","12909"
"12379","CAkSound","","70532753","70532753","109","HircChunk","True","70532753.wem","15201"
"12380","SoundInitialValues","","70532753","70532753","12379","CAkSound","True","70532753.wem","15201"
"12381","AkBankSourceData","","70532753","70532753","12380","SoundInitialValues","True","70532753.wem","15201"
"12382","AkMediaInformation","","70532753","70532753","12381","AkBankSourceData","True","70532753.wem","15201"
"12394","CAkSound","","677993324","677993324","109","HircChunk","True","677993324.wem","16058"
"12395","SoundInitialValues","","677993324","677993324","12394","CAkSound","True","677993324.wem","16058"
"12396","AkBankSourceData","","677993324","677993324","12395","SoundInitialValues","True","677993324.wem","16058"
"12397","AkMediaInformation","","677993324","677993324","12396","AkBankSourceData","True","677993324.wem","16058"
"12409","CAkSound","","8118526","8118526","109","HircChunk","True","8118526.wem","17626"
"12410","SoundInitialValues","","8118526","8118526","12409","CAkSound","True","8118526.wem","17626"
"12411","AkBankSourceData","","8118526","8118526","12410","SoundInitialValues","True","8118526.wem","17626"
"12412","AkMediaInformation","","8118526","8118526","12411","AkBankSourceData","True","8118526.wem","17626"
"12424","CAkSound","","898503064","898503064","109","HircChunk","True","898503064.wem","16132"
"12425","SoundInitialValues","","898503064","898503064","12424","CAkSound","True","898503064.wem","16132"
"12426","AkBankSourceData","","898503064","898503064","12425","SoundInitialValues","True","898503064.wem","16132"
"12427","AkMediaInformation","","898503064","898503064","12426","AkBankSourceData","True","898503064.wem","16132"
"12439","CAkSound","","995532982","995532982","109","HircChunk","True","995532982.wem","7899"
"12440","SoundInitialValues","","995532982","995532982","12439","CAkSound","True","995532982.wem","7899"
"12441","AkBankSourceData","","995532982","995532982","12440","SoundInitialValues","True","995532982.wem","7899"
"12442","AkMediaInformation","","995532982","995532982","12441","AkBankSourceData","True","995532982.wem","7899"
"12454","CAkSound","","412020070","412020070","109","HircChunk","True","412020070.wem","12924"
"12455","SoundInitialValues","","412020070","412020070","12454","CAkSound","True","412020070.wem","12924"
"12456","AkBankSourceData","","412020070","412020070","12455","SoundInitialValues","True","412020070.wem","12924"
"12457","AkMediaInformation","","412020070","412020070","12456","AkBankSourceData","True","412020070.wem","12924"
"12469","CAkSound","","849736638","849736638","109","HircChunk","True","849736638.wem","44864"
"12470","SoundInitialValues","","849736638","849736638","12469","CAkSound","True","849736638.wem","44864"
"12471","AkBankSourceData","","849736638","849736638","12470","SoundInitialValues","True","849736638.wem","44864"
"12472","AkMediaInformation","","849736638","849736638","12471","AkBankSourceData","True","849736638.wem","44864"
"12484","CAkSound","","28391928","28391928","109","HircChunk","True","28391928.wem","11081"
"12485","SoundInitialValues","","28391928","28391928","12484","CAkSound","True","28391928.wem","11081"
"12486","AkBankSourceData","","28391928","28391928","12485","SoundInitialValues","True","28391928.wem","11081"
"12487","AkMediaInformation","","28391928","28391928","12486","AkBankSourceData","True","28391928.wem","11081"
"12499","CAkSound","","866425644","866425644","109","HircChunk","True","866425644.wem","21074"
"12500","SoundInitialValues","","866425644","866425644","12499","CAkSound","True","866425644.wem","21074"
"12501","AkBankSourceData","","866425644","866425644","12500","SoundInitialValues","True","866425644.wem","21074"
"12502","AkMediaInformation","","866425644","866425644","12501","AkBankSourceData","True","866425644.wem","21074"
"12514","CAkSound","","486413675","486413675","109","HircChunk","True","486413675.wem","19480"
"12515","SoundInitialValues","","486413675","486413675","12514","CAkSound","True","486413675.wem","19480"
"12516","AkBankSourceData","","486413675","486413675","12515","SoundInitialValues","True","486413675.wem","19480"
"12517","AkMediaInformation","","486413675","486413675","12516","AkBankSourceData","True","486413675.wem","19480"
"12529","CAkSound","","80944288","80944288","109","HircChunk","True","80944288.wem","25665"
"12530","SoundInitialValues","","80944288","80944288","12529","CAkSound","True","80944288.wem","25665"
"12531","AkBankSourceData","","80944288","80944288","12530","SoundInitialValues","True","80944288.wem","25665"
"12532","AkMediaInformation","","80944288","80944288","12531","AkBankSourceData","True","80944288.wem","25665"
"12544","CAkSound","","1002118069","1002118069","109","HircChunk","True","1002118069.wem","17735"
"12545","SoundInitialValues","","1002118069","1002118069","12544","CAkSound","True","1002118069.wem","17735"
"12546","AkBankSourceData","","1002118069","1002118069","12545","SoundInitialValues","True","1002118069.wem","17735"
"12547","AkMediaInformation","","1002118069","1002118069","12546","AkBankSourceData","True","1002118069.wem","17735"
"12559","CAkSound","","67891682","67891682","109","HircChunk","True","67891682.wem","20566"
"12560","SoundInitialValues","","67891682","67891682","12559","CAkSound","True","67891682.wem","20566"
"12561","AkBankSourceData","","67891682","67891682","12560","SoundInitialValues","True","67891682.wem","20566"
"12562","AkMediaInformation","","67891682","67891682","12561","AkBankSourceData","True","67891682.wem","20566"
"12574","CAkSound","","483424404","483424404","109","HircChunk","True","483424404.wem","12914"
"12575","SoundInitialValues","","483424404","483424404","12574","CAkSound","True","483424404.wem","12914"
"12576","AkBankSourceData","","483424404","483424404","12575","SoundInitialValues","True","483424404.wem","12914"
"12577","AkMediaInformation","","483424404","483424404","12576","AkBankSourceData","True","483424404.wem","12914"
"12589","CAkSound","","781907701","781907701","109","HircChunk","True","781907701.wem","21024"
"12590","SoundInitialValues","","781907701","781907701","12589","CAkSound","True","781907701.wem","21024"
"12591","AkBankSourceData","","781907701","781907701","12590","SoundInitialValues","True","781907701.wem","21024"
"12592","AkMediaInformation","","781907701","781907701","12591","AkBankSourceData","True","781907701.wem","21024"
"12604","CAkSound","","506775474","506775474","109","HircChunk","True","506775474.wem","33861"
"12605","SoundInitialValues","","506775474","506775474","12604","CAkSound","True","506775474.wem","33861"
"12606","AkBankSourceData","","506775474","506775474","12605","SoundInitialValues","True","506775474.wem","33861"
"12607","AkMediaInformation","","506775474","506775474","12606","AkBankSourceData","True","506775474.wem","33861"
"12619","CAkSound","","197738680","197738680","109","HircChunk","True","197738680.wem","16314"
"12620","SoundInitialValues","","197738680","197738680","12619","CAkSound","True","197738680.wem","16314"
"12621","AkBankSourceData","","197738680","197738680","12620","SoundInitialValues","True","197738680.wem","16314"
"12622","AkMediaInformation","","197738680","197738680","12621","AkBankSourceData","True","197738680.wem","16314"
"12634","CAkSound","","820757872","820757872","109","HircChunk","True","820757872.wem","11894"
"12635","SoundInitialValues","","820757872","820757872","12634","CAkSound","True","820757872.wem","11894"
"12636","AkBankSourceData","","820757872","820757872","12635","SoundInitialValues","True","820757872.wem","11894"
"12637","AkMediaInformation","","820757872","820757872","12636","AkBankSourceData","True","820757872.wem","11894"
"12649","CAkSound","","679458430","679458430","109","HircChunk","True","679458430.wem","15608"
"12650","SoundInitialValues","","679458430","679458430","12649","CAkSound","True","679458430.wem","15608"
"12651","AkBankSourceData","","679458430","679458430","12650","SoundInitialValues","True","679458430.wem","15608"
"12652","AkMediaInformation","","679458430","679458430","12651","AkBankSourceData","True","679458430.wem","15608"
"12664","CAkSound","","503584387","503584387","109","HircChunk","True","503584387.wem","9329"
"12665","SoundInitialValues","","503584387","503584387","12664","CAkSound","True","503584387.wem","9329"
"12666","AkBankSourceData","","503584387","503584387","12665","SoundInitialValues","True","503584387.wem","9329"
"12667","AkMediaInformation","","503584387","503584387","12666","AkBankSourceData","True","503584387.wem","9329"
"12679","CAkSound","","853491826","853491826","109","HircChunk","True","853491826.wem","14158"
"12680","SoundInitialValues","","853491826","853491826","12679","CAkSound","True","853491826.wem","14158"
"12681","AkBankSourceData","","853491826","853491826","12680","SoundInitialValues","True","853491826.wem","14158"
"12682","AkMediaInformation","","853491826","853491826","12681","AkBankSourceData","True","853491826.wem","14158"
"12694","CAkSound","","163370250","163370250","109","HircChunk","True","163370250.wem","17833"
"12695","SoundInitialValues","","163370250","163370250","12694","CAkSound","True","163370250.wem","17833"
"12696","AkBankSourceData","","163370250","163370250","12695","SoundInitialValues","True","163370250.wem","17833"
"12697","AkMediaInformation","","163370250","163370250","12696","AkBankSourceData","True","163370250.wem","17833"
"12709","CAkSound","","415979427","415979427","109","HircChunk","True","415979427.wem","43075"
"12710","SoundInitialValues","","415979427","415979427","12709","CAkSound","True","415979427.wem","43075"
"12711","AkBankSourceData","","415979427","415979427","12710","SoundInitialValues","True","415979427.wem","43075"
"12712","AkMediaInformation","","415979427","415979427","12711","AkBankSourceData","True","415979427.wem","43075"
"12724","CAkSound","","48753438","48753438","109","HircChunk","True","48753438.wem","15567"
"12725","SoundInitialValues","","48753438","48753438","12724","CAkSound","True","48753438.wem","15567"
"12726","AkBankSourceData","","48753438","48753438","12725","SoundInitialValues","True","48753438.wem","15567"
"12727","AkMediaInformation","","48753438","48753438","12726","AkBankSourceData","True","48753438.wem","15567"
"12739","CAkSound","","55510424","55510424","109","HircChunk","True","55510424.wem","10681"
"12740","SoundInitialValues","","55510424","55510424","12739","CAkSound","True","55510424.wem","10681"
"12741","AkBankSourceData","","55510424","55510424","12740","SoundInitialValues","True","55510424.wem","10681"
"12742","AkMediaInformation","","55510424","55510424","12741","AkBankSourceData","True","55510424.wem","10681"
"12754","CAkSound","","439812956","439812956","109","HircChunk","True","439812956.wem","7060"
"12755","SoundInitialValues","","439812956","439812956","12754","CAkSound","True","439812956.wem","7060"
"12756","AkBankSourceData","","439812956","439812956","12755","SoundInitialValues","True","439812956.wem","7060"
"12757","AkMediaInformation","","439812956","439812956","12756","AkBankSourceData","True","439812956.wem","7060"
"12769","CAkSound","","994924645","994924645","109","HircChunk","True","994924645.wem","32754"
"12770","SoundInitialValues","","994924645","994924645","12769","CAkSound","True","994924645.wem","32754"
"12771","AkBankSourceData","","994924645","994924645","12770","SoundInitialValues","True","994924645.wem","32754"
"12772","AkMediaInformation","","994924645","994924645","12771","AkBankSourceData","True","994924645.wem","32754"
"12784","CAkSound","","315933206","315933206","109","HircChunk","True","315933206.wem","10119"
"12785","SoundInitialValues","","315933206","315933206","12784","CAkSound","True","315933206.wem","10119"
"12786","AkBankSourceData","","315933206","315933206","12785","SoundInitialValues","True","315933206.wem","10119"
"12787","AkMediaInformation","","315933206","315933206","12786","AkBankSourceData","True","315933206.wem","10119"
"12799","CAkSound","","211532930","211532930","109","HircChunk","True","211532930.wem","20443"
"12800","SoundInitialValues","","211532930","211532930","12799","CAkSound","True","211532930.wem","20443"
"12801","AkBankSourceData","","211532930","211532930","12800","SoundInitialValues","True","211532930.wem","20443"
"12802","AkMediaInformation","","211532930","211532930","12801","AkBankSourceData","True","211532930.wem","20443"
"12814","CAkSound","","988715288","988715288","109","HircChunk","True","988715288.wem","11366"
"12815","SoundInitialValues","","988715288","988715288","12814","CAkSound","True","988715288.wem","11366"
"12816","AkBankSourceData","","988715288","988715288","12815","SoundInitialValues","True","988715288.wem","11366"
"12817","AkMediaInformation","","988715288","988715288","12816","AkBankSourceData","True","988715288.wem","11366"
"12829","CAkSound","","508418172","508418172","109","HircChunk","True","508418172.wem","20324"
"12830","SoundInitialValues","","508418172","508418172","12829","CAkSound","True","508418172.wem","20324"
"12831","AkBankSourceData","","508418172","508418172","12830","SoundInitialValues","True","508418172.wem","20324"
"12832","AkMediaInformation","","508418172","508418172","12831","AkBankSourceData","True","508418172.wem","20324"
"12844","CAkSound","","1054119434","1054119434","109","HircChunk","True","1054119434.wem","7348"
"12845","SoundInitialValues","","1054119434","1054119434","12844","CAkSound","True","1054119434.wem","7348"
"12846","AkBankSourceData","","1054119434","1054119434","12845","SoundInitialValues","True","1054119434.wem","7348"
"12847","AkMediaInformation","","1054119434","1054119434","12846","AkBankSourceData","True","1054119434.wem","7348"
"12859","CAkSound","","344423814","344423814","109","HircChunk","True","344423814.wem","8910"
"12860","SoundInitialValues","","344423814","344423814","12859","CAkSound","True","344423814.wem","8910"
"12861","AkBankSourceData","","344423814","344423814","12860","SoundInitialValues","True","344423814.wem","8910"
"12862","AkMediaInformation","","344423814","344423814","12861","AkBankSourceData","True","344423814.wem","8910"
"12874","CAkSound","","439964722","439964722","109","HircChunk","True","439964722.wem","7857"
"12875","SoundInitialValues","","439964722","439964722","12874","CAkSound","True","439964722.wem","7857"
"12876","AkBankSourceData","","439964722","439964722","12875","SoundInitialValues","True","439964722.wem","7857"
"12877","AkMediaInformation","","439964722","439964722","12876","AkBankSourceData","True","439964722.wem","7857"
"12889","CAkSound","","409047569","409047569","109","HircChunk","True","409047569.wem","10722"
"12890","SoundInitialValues","","409047569","409047569","12889","CAkSound","True","409047569.wem","10722"
"12891","AkBankSourceData","","409047569","409047569","12890","SoundInitialValues","True","409047569.wem","10722"
"12892","AkMediaInformation","","409047569","409047569","12891","AkBankSourceData","True","409047569.wem","10722"
"12904","CAkSound","","352232437","352232437","109","HircChunk","True","352232437.wem","13697"
"12905","SoundInitialValues","","352232437","352232437","12904","CAkSound","True","352232437.wem","13697"
"12906","AkBankSourceData","","352232437","352232437","12905","SoundInitialValues","True","352232437.wem","13697"
"12907","AkMediaInformation","","352232437","352232437","12906","AkBankSourceData","True","352232437.wem","13697"
"12919","CAkSound","","627935293","627935293","109","HircChunk","True","627935293.wem","9944"
"12920","SoundInitialValues","","627935293","627935293","12919","CAkSound","True","627935293.wem","9944"
"12921","AkBankSourceData","","627935293","627935293","12920","SoundInitialValues","True","627935293.wem","9944"
"12922","AkMediaInformation","","627935293","627935293","12921","AkBankSourceData","True","627935293.wem","9944"
"12934","CAkSound","","1059620240","1059620240","109","HircChunk","True","1059620240.wem","7200"
"12935","SoundInitialValues","","1059620240","1059620240","12934","CAkSound","True","1059620240.wem","7200"
"12936","AkBankSourceData","","1059620240","1059620240","12935","SoundInitialValues","True","1059620240.wem","7200"
"12937","AkMediaInformation","","1059620240","1059620240","12936","AkBankSourceData","True","1059620240.wem","7200"
"12949","CAkSound","","560660796","560660796","109","HircChunk","True","560660796.wem","15168"
"12950","SoundInitialValues","","560660796","560660796","12949","CAkSound","True","560660796.wem","15168"
"12951","AkBankSourceData","","560660796","560660796","12950","SoundInitialValues","True","560660796.wem","15168"
"12952","AkMediaInformation","","560660796","560660796","12951","AkBankSourceData","True","560660796.wem","15168"
"12964","CAkSound","","273544445","273544445","109","HircChunk","True","273544445.wem","7078"
"12965","SoundInitialValues","","273544445","273544445","12964","CAkSound","True","273544445.wem","7078"
"12966","AkBankSourceData","","273544445","273544445","12965","SoundInitialValues","True","273544445.wem","7078"
"12967","AkMediaInformation","","273544445","273544445","12966","AkBankSourceData","True","273544445.wem","7078"
"12979","CAkSound","","877143853","877143853","109","HircChunk","True","877143853.wem","20433"
"12980","SoundInitialValues","","877143853","877143853","12979","CAkSound","True","877143853.wem","20433"
"12981","AkBankSourceData","","877143853","877143853","12980","SoundInitialValues","True","877143853.wem","20433"
"12982","AkMediaInformation","","877143853","877143853","12981","AkBankSourceData","True","877143853.wem","20433"
"12994","CAkSound","","441093314","441093314","109","HircChunk","True","441093314.wem","8957"
"12995","SoundInitialValues","","441093314","441093314","12994","CAkSound","True","441093314.wem","8957"
"12996","AkBankSourceData","","441093314","441093314","12995","SoundInitialValues","True","441093314.wem","8957"
"12997","AkMediaInformation","","441093314","441093314","12996","AkBankSourceData","True","441093314.wem","8957"
"13009","CAkSound","","805585905","805585905","109","HircChunk","True","805585905.wem","18810"
"13010","SoundInitialValues","","805585905","805585905","13009","CAkSound","True","805585905.wem","18810"
"13011","AkBankSourceData","","805585905","805585905","13010","SoundInitialValues","True","805585905.wem","18810"
"13012","AkMediaInformation","","805585905","805585905","13011","AkBankSourceData","True","805585905.wem","18810"
"13024","CAkSound","","578006395","578006395","109","HircChunk","True","578006395.wem","14982"
"13025","SoundInitialValues","","578006395","578006395","13024","CAkSound","True","578006395.wem","14982"
"13026","AkBankSourceData","","578006395","578006395","13025","SoundInitialValues","True","578006395.wem","14982"
"13027","AkMediaInformation","","578006395","578006395","13026","AkBankSourceData","True","578006395.wem","14982"
"13039","CAkSound","","630526577","630526577","109","HircChunk","True","630526577.wem","19551"
"13040","SoundInitialValues","","630526577","630526577","13039","CAkSound","True","630526577.wem","19551"
"13041","AkBankSourceData","","630526577","630526577","13040","SoundInitialValues","True","630526577.wem","19551"
"13042","AkMediaInformation","","630526577","630526577","13041","AkBankSourceData","True","630526577.wem","19551"
"13054","CAkSound","","192763684","192763684","109","HircChunk","True","192763684.wem","22041"
"13055","SoundInitialValues","","192763684","192763684","13054","CAkSound","True","192763684.wem","22041"
"13056","AkBankSourceData","","192763684","192763684","13055","SoundInitialValues","True","192763684.wem","22041"
"13057","AkMediaInformation","","192763684","192763684","13056","AkBankSourceData","True","192763684.wem","22041"
"13084","CAkSound","","3425580","3425580","109","HircChunk","True","3425580.wem","37246"
"13085","SoundInitialValues","","3425580","3425580","13084","CAkSound","True","3425580.wem","37246"
"13086","AkBankSourceData","","3425580","3425580","13085","SoundInitialValues","True","3425580.wem","37246"
"13087","AkMediaInformation","","3425580","3425580","13086","AkBankSourceData","True","3425580.wem","37246"
"13099","CAkSound","","323532677","323532677","109","HircChunk","True","323532677.wem","10538"
"13100","SoundInitialValues","","323532677","323532677","13099","CAkSound","True","323532677.wem","10538"
"13101","AkBankSourceData","","323532677","323532677","13100","SoundInitialValues","True","323532677.wem","10538"
"13102","AkMediaInformation","","323532677","323532677","13101","AkBankSourceData","True","323532677.wem","10538"
"13114","CAkSound","","415162792","415162792","109","HircChunk","True","415162792.wem","11233"
"13115","SoundInitialValues","","415162792","415162792","13114","CAkSound","True","415162792.wem","11233"
"13116","AkBankSourceData","","415162792","415162792","13115","SoundInitialValues","True","415162792.wem","11233"
"13117","AkMediaInformation","","415162792","415162792","13116","AkBankSourceData","True","415162792.wem","11233"
"13129","CAkSound","","712654566","712654566","109","HircChunk","True","712654566.wem","25317"
"13130","SoundInitialValues","","712654566","712654566","13129","CAkSound","True","712654566.wem","25317"
"13131","AkBankSourceData","","712654566","712654566","13130","SoundInitialValues","True","712654566.wem","25317"
"13132","AkMediaInformation","","712654566","712654566","13131","AkBankSourceData","True","712654566.wem","25317"
"13144","CAkSound","","157056275","157056275","109","HircChunk","True","157056275.wem","15023"
"13145","SoundInitialValues","","157056275","157056275","13144","CAkSound","True","157056275.wem","15023"
"13146","AkBankSourceData","","157056275","157056275","13145","SoundInitialValues","True","157056275.wem","15023"
"13147","AkMediaInformation","","157056275","157056275","13146","AkBankSourceData","True","157056275.wem","15023"
"13159","CAkSound","","272200703","272200703","109","HircChunk","True","272200703.wem","9411"
"13160","SoundInitialValues","","272200703","272200703","13159","CAkSound","True","272200703.wem","9411"
"13161","AkBankSourceData","","272200703","272200703","13160","SoundInitialValues","True","272200703.wem","9411"
"13162","AkMediaInformation","","272200703","272200703","13161","AkBankSourceData","True","272200703.wem","9411"
"13174","CAkSound","","514246346","514246346","109","HircChunk","True","514246346.wem","17009"
"13175","SoundInitialValues","","514246346","514246346","13174","CAkSound","True","514246346.wem","17009"
"13176","AkBankSourceData","","514246346","514246346","13175","SoundInitialValues","True","514246346.wem","17009"
"13177","AkMediaInformation","","514246346","514246346","13176","AkBankSourceData","True","514246346.wem","17009"
"13189","CAkSound","","547039271","547039271","109","HircChunk","True","547039271.wem","12650"
"13190","SoundInitialValues","","547039271","547039271","13189","CAkSound","True","547039271.wem","12650"
"13191","AkBankSourceData","","547039271","547039271","13190","SoundInitialValues","True","547039271.wem","12650"
"13192","AkMediaInformation","","547039271","547039271","13191","AkBankSourceData","True","547039271.wem","12650"
"13204","CAkSound","","713057920","713057920","109","HircChunk","True","713057920.wem","25996"
"13205","SoundInitialValues","","713057920","713057920","13204","CAkSound","True","713057920.wem","25996"
"13206","AkBankSourceData","","713057920","713057920","13205","SoundInitialValues","True","713057920.wem","25996"
"13207","AkMediaInformation","","713057920","713057920","13206","AkBankSourceData","True","713057920.wem","25996"
"13219","CAkSound","","385288379","385288379","109","HircChunk","True","385288379.wem","6010"
"13220","SoundInitialValues","","385288379","385288379","13219","CAkSound","True","385288379.wem","6010"
"13221","AkBankSourceData","","385288379","385288379","13220","SoundInitialValues","True","385288379.wem","6010"
"13222","AkMediaInformation","","385288379","385288379","13221","AkBankSourceData","True","385288379.wem","6010"
"13234","CAkSound","","313851490","313851490","109","HircChunk","True","313851490.wem","109850"
"13235","SoundInitialValues","","313851490","313851490","13234","CAkSound","True","313851490.wem","109850"
"13236","AkBankSourceData","","313851490","313851490","13235","SoundInitialValues","True","313851490.wem","109850"
"13237","AkMediaInformation","","313851490","313851490","13236","AkBankSourceData","True","313851490.wem","109850"
"13249","CAkSound","","130398566","130398566","109","HircChunk","True","130398566.wem","103222"
"13250","SoundInitialValues","","130398566","130398566","13249","CAkSound","True","130398566.wem","103222"
"13251","AkBankSourceData","","130398566","130398566","13250","SoundInitialValues","True","130398566.wem","103222"
"13252","AkMediaInformation","","130398566","130398566","13251","AkBankSourceData","True","130398566.wem","103222"
"13264","CAkSound","","250104555","250104555","109","HircChunk","True","250104555.wem","9869"
"13265","SoundInitialValues","","250104555","250104555","13264","CAkSound","True","250104555.wem","9869"
"13266","AkBankSourceData","","250104555","250104555","13265","SoundInitialValues","True","250104555.wem","9869"
"13267","AkMediaInformation","","250104555","250104555","13266","AkBankSourceData","True","250104555.wem","9869"
"13279","CAkSound","","272522425","272522425","109","HircChunk","True","272522425.wem","29248"
"13280","SoundInitialValues","","272522425","272522425","13279","CAkSound","True","272522425.wem","29248"
"13281","AkBankSourceData","","272522425","272522425","13280","SoundInitialValues","True","272522425.wem","29248"
"13282","AkMediaInformation","","272522425","272522425","13281","AkBankSourceData","True","272522425.wem","29248"
"13294","CAkSound","","253212335","253212335","109","HircChunk","True","253212335.wem","9850"
"13295","SoundInitialValues","","253212335","253212335","13294","CAkSound","True","253212335.wem","9850"
"13296","AkBankSourceData","","253212335","253212335","13295","SoundInitialValues","True","253212335.wem","9850"
"13297","AkMediaInformation","","253212335","253212335","13296","AkBankSourceData","True","253212335.wem","9850"
"13309","CAkSound","","201433572","201433572","109","HircChunk","True","201433572.wem","22477"
"13310","SoundInitialValues","","201433572","201433572","13309","CAkSound","True","201433572.wem","22477"
"13311","AkBankSourceData","","201433572","201433572","13310","SoundInitialValues","True","201433572.wem","22477"
"13312","AkMediaInformation","","201433572","201433572","13311","AkBankSourceData","True","201433572.wem","22477"
"13324","CAkSound","","969023310","969023310","109","HircChunk","True","969023310.wem","42012"
"13325","SoundInitialValues","","969023310","969023310","13324","CAkSound","True","969023310.wem","42012"
"13326","AkBankSourceData","","969023310","969023310","13325","SoundInitialValues","True","969023310.wem","42012"
"13327","AkMediaInformation","","969023310","969023310","13326","AkBankSourceData","True","969023310.wem","42012"
"13339","CAkSound","","233438342","233438342","109","HircChunk","True","233438342.wem","74990"
"13340","SoundInitialValues","","233438342","233438342","13339","CAkSound","True","233438342.wem","74990"
"13341","AkBankSourceData","","233438342","233438342","13340","SoundInitialValues","True","233438342.wem","74990"
"13342","AkMediaInformation","","233438342","233438342","13341","AkBankSourceData","True","233438342.wem","74990"
"13354","CAkSound","","295197945","295197945","109","HircChunk","True","295197945.wem","24621"
"13355","SoundInitialValues","","295197945","295197945","13354","CAkSound","True","295197945.wem","24621"
"13356","AkBankSourceData","","295197945","295197945","13355","SoundInitialValues","True","295197945.wem","24621"
"13357","AkMediaInformation","","295197945","295197945","13356","AkBankSourceData","True","295197945.wem","24621"
"13369","CAkSound","","575396518","575396518","109","HircChunk","True","575396518.wem","14813"
"13370","SoundInitialValues","","575396518","575396518","13369","CAkSound","True","575396518.wem","14813"
"13371","AkBankSourceData","","575396518","575396518","13370","SoundInitialValues","True","575396518.wem","14813"
"13372","AkMediaInformation","","575396518","575396518","13371","AkBankSourceData","True","575396518.wem","14813"
"13384","CAkSound","","346829381","346829381","109","HircChunk","True","346829381.wem","26152"
"13385","SoundInitialValues","","346829381","346829381","13384","CAkSound","True","346829381.wem","26152"
"13386","AkBankSourceData","","346829381","346829381","13385","SoundInitialValues","True","346829381.wem","26152"
"13387","AkMediaInformation","","346829381","346829381","13386","AkBankSourceData","True","346829381.wem","26152"
"13399","CAkSound","","202264735","202264735","109","HircChunk","True","202264735.wem","192133"
"13400","SoundInitialValues","","202264735","202264735","13399","CAkSound","True","202264735.wem","192133"
"13401","AkBankSourceData","","202264735","202264735","13400","SoundInitialValues","True","202264735.wem","192133"
"13402","AkMediaInformation","","202264735","202264735","13401","AkBankSourceData","True","202264735.wem","192133"
"13414","CAkSound","","246609026","246609026","109","HircChunk","True","246609026.wem","93446"
"13415","SoundInitialValues","","246609026","246609026","13414","CAkSound","True","246609026.wem","93446"
"13416","AkBankSourceData","","246609026","246609026","13415","SoundInitialValues","True","246609026.wem","93446"
"13417","AkMediaInformation","","246609026","246609026","13416","AkBankSourceData","True","246609026.wem","93446"
"13429","CAkSound","","739960959","739960959","109","HircChunk","True","739960959.wem","27641"
"13430","SoundInitialValues","","739960959","739960959","13429","CAkSound","True","739960959.wem","27641"
"13431","AkBankSourceData","","739960959","739960959","13430","SoundInitialValues","True","739960959.wem","27641"
"13432","AkMediaInformation","","739960959","739960959","13431","AkBankSourceData","True","739960959.wem","27641"
"13444","CAkSound","","105106109","105106109","109","HircChunk","True","105106109.wem","13089"
"13445","SoundInitialValues","","105106109","105106109","13444","CAkSound","True","105106109.wem","13089"
"13446","AkBankSourceData","","105106109","105106109","13445","SoundInitialValues","True","105106109.wem","13089"
"13447","AkMediaInformation","","105106109","105106109","13446","AkBankSourceData","True","105106109.wem","13089"
"13459","CAkSound","","846917398","846917398","109","HircChunk","True","846917398.wem","36625"
"13460","SoundInitialValues","","846917398","846917398","13459","CAkSound","True","846917398.wem","36625"
"13461","AkBankSourceData","","846917398","846917398","13460","SoundInitialValues","True","846917398.wem","36625"
"13462","AkMediaInformation","","846917398","846917398","13461","AkBankSourceData","True","846917398.wem","36625"
"13474","CAkSound","","626322069","626322069","109","HircChunk","True","626322069.wem","115138"
"13475","SoundInitialValues","","626322069","626322069","13474","CAkSound","True","626322069.wem","115138"
"13476","AkBankSourceData","","626322069","626322069","13475","SoundInitialValues","True","626322069.wem","115138"
"13477","AkMediaInformation","","626322069","626322069","13476","AkBankSourceData","True","626322069.wem","115138"
"13489","CAkSound","","860084154","860084154","109","HircChunk","True","860084154.wem","36596"
"13490","SoundInitialValues","","860084154","860084154","13489","CAkSound","True","860084154.wem","36596"
"13491","AkBankSourceData","","860084154","860084154","13490","SoundInitialValues","True","860084154.wem","36596"
"13492","AkMediaInformation","","860084154","860084154","13491","AkBankSourceData","True","860084154.wem","36596"
"13519","CAkSound","","253103376","253103376","109","HircChunk","True","253103376.wem","23938"
"13520","SoundInitialValues","","253103376","253103376","13519","CAkSound","True","253103376.wem","23938"
"13521","AkBankSourceData","","253103376","253103376","13520","SoundInitialValues","True","253103376.wem","23938"
"13522","AkMediaInformation","","253103376","253103376","13521","AkBankSourceData","True","253103376.wem","23938"
"13534","CAkSound","","441080534","441080534","109","HircChunk","True","441080534.wem","53213"
"13535","SoundInitialValues","","441080534","441080534","13534","CAkSound","True","441080534.wem","53213"
"13536","AkBankSourceData","","441080534","441080534","13535","SoundInitialValues","True","441080534.wem","53213"
"13537","AkMediaInformation","","441080534","441080534","13536","AkBankSourceData","True","441080534.wem","53213"
"13549","CAkSound","","558462656","558462656","109","HircChunk","True","558462656.wem","17385"
"13550","SoundInitialValues","","558462656","558462656","13549","CAkSound","True","558462656.wem","17385"
"13551","AkBankSourceData","","558462656","558462656","13550","SoundInitialValues","True","558462656.wem","17385"
"13552","AkMediaInformation","","558462656","558462656","13551","AkBankSourceData","True","558462656.wem","17385"
"13564","CAkSound","","585322642","585322642","109","HircChunk","True","585322642.wem","5626"
"13565","SoundInitialValues","","585322642","585322642","13564","CAkSound","True","585322642.wem","5626"
"13566","AkBankSourceData","","585322642","585322642","13565","SoundInitialValues","True","585322642.wem","5626"
"13567","AkMediaInformation","","585322642","585322642","13566","AkBankSourceData","True","585322642.wem","5626"
"13579","CAkSound","","115875410","115875410","109","HircChunk","True","115875410.wem","24391"
"13580","SoundInitialValues","","115875410","115875410","13579","CAkSound","True","115875410.wem","24391"
"13581","AkBankSourceData","","115875410","115875410","13580","SoundInitialValues","True","115875410.wem","24391"
"13582","AkMediaInformation","","115875410","115875410","13581","AkBankSourceData","True","115875410.wem","24391"
"13594","CAkSound","","1040911784","1040911784","109","HircChunk","True","1040911784.wem","84055"
"13595","SoundInitialValues","","1040911784","1040911784","13594","CAkSound","True","1040911784.wem","84055"
"13596","AkBankSourceData","","1040911784","1040911784","13595","SoundInitialValues","True","1040911784.wem","84055"
"13597","AkMediaInformation","","1040911784","1040911784","13596","AkBankSourceData","True","1040911784.wem","84055"
"13609","CAkSound","","110723765","110723765","109","HircChunk","True","110723765.wem","59291"
"13610","SoundInitialValues","","110723765","110723765","13609","CAkSound","True","110723765.wem","59291"
"13611","AkBankSourceData","","110723765","110723765","13610","SoundInitialValues","True","110723765.wem","59291"
"13612","AkMediaInformation","","110723765","110723765","13611","AkBankSourceData","True","110723765.wem","59291"
"13624","CAkSound","","159921588","159921588","109","HircChunk","True","159921588.wem","11611"
"13625","SoundInitialValues","","159921588","159921588","13624","CAkSound","True","159921588.wem","11611"
"13626","AkBankSourceData","","159921588","159921588","13625","SoundInitialValues","True","159921588.wem","11611"
"13627","AkMediaInformation","","159921588","159921588","13626","AkBankSourceData","True","159921588.wem","11611"
"13639","CAkSound","","276506526","276506526","109","HircChunk","True","276506526.wem","26470"
"13640","SoundInitialValues","","276506526","276506526","13639","CAkSound","True","276506526.wem","26470"
"13641","AkBankSourceData","","276506526","276506526","13640","SoundInitialValues","True","276506526.wem","26470"
"13642","AkMediaInformation","","276506526","276506526","13641","AkBankSourceData","True","276506526.wem","26470"
"13654","CAkSound","","289836723","289836723","109","HircChunk","True","289836723.wem","33184"
"13655","SoundInitialValues","","289836723","289836723","13654","CAkSound","True","289836723.wem","33184"
"13656","AkBankSourceData","","289836723","289836723","13655","SoundInitialValues","True","289836723.wem","33184"
"13657","AkMediaInformation","","289836723","289836723","13656","AkBankSourceData","True","289836723.wem","33184"
"13669","CAkSound","","99395565","99395565","109","HircChunk","True","99395565.wem","67394"
"13670","SoundInitialValues","","99395565","99395565","13669","CAkSound","True","99395565.wem","67394"
"13671","AkBankSourceData","","99395565","99395565","13670","SoundInitialValues","True","99395565.wem","67394"
"13672","AkMediaInformation","","99395565","99395565","13671","AkBankSourceData","True","99395565.wem","67394"
"13684","CAkSound","","136987909","136987909","109","HircChunk","True","136987909.wem","11862"
"13685","SoundInitialValues","","136987909","136987909","13684","CAkSound","True","136987909.wem","11862"
"13686","AkBankSourceData","","136987909","136987909","13685","SoundInitialValues","True","136987909.wem","11862"
"13687","AkMediaInformation","","136987909","136987909","13686","AkBankSourceData","True","136987909.wem","11862"
"13713","CAkSound","","661007727","661007727","109","HircChunk","True","661007727.wem","52859"
"13714","SoundInitialValues","","661007727","661007727","13713","CAkSound","True","661007727.wem","52859"
"13715","AkBankSourceData","","661007727","661007727","13714","SoundInitialValues","True","661007727.wem","52859"
"13716","AkMediaInformation","","661007727","661007727","13715","AkBankSourceData","True","661007727.wem","52859"
"13728","CAkSound","","772188202","772188202","109","HircChunk","True","772188202.wem","17492"
"13729","SoundInitialValues","","772188202","772188202","13728","CAkSound","True","772188202.wem","17492"
"13730","AkBankSourceData","","772188202","772188202","13729","SoundInitialValues","True","772188202.wem","17492"
"13731","AkMediaInformation","","772188202","772188202","13730","AkBankSourceData","True","772188202.wem","17492"
"13743","CAkSound","","900975517","900975517","109","HircChunk","True","900975517.wem","47332"
"13744","SoundInitialValues","","900975517","900975517","13743","CAkSound","True","900975517.wem","47332"
"13745","AkBankSourceData","","900975517","900975517","13744","SoundInitialValues","True","900975517.wem","47332"
"13746","AkMediaInformation","","900975517","900975517","13745","AkBankSourceData","True","900975517.wem","47332"
"13758","CAkSound","","664790396","664790396","109","HircChunk","True","664790396.wem","43631"
"13759","SoundInitialValues","","664790396","664790396","13758","CAkSound","True","664790396.wem","43631"
"13760","AkBankSourceData","","664790396","664790396","13759","SoundInitialValues","True","664790396.wem","43631"
"13761","AkMediaInformation","","664790396","664790396","13760","AkBankSourceData","True","664790396.wem","43631"
"13773","CAkSound","","417027039","417027039","109","HircChunk","True","417027039.wem","48870"
"13774","SoundInitialValues","","417027039","417027039","13773","CAkSound","True","417027039.wem","48870"
"13775","AkBankSourceData","","417027039","417027039","13774","SoundInitialValues","True","417027039.wem","48870"
"13776","AkMediaInformation","","417027039","417027039","13775","AkBankSourceData","True","417027039.wem","48870"
"13788","CAkSound","","405488693","405488693","109","HircChunk","True","405488693.wem","45442"
"13789","SoundInitialValues","","405488693","405488693","13788","CAkSound","True","405488693.wem","45442"
"13790","AkBankSourceData","","405488693","405488693","13789","SoundInitialValues","True","405488693.wem","45442"
"13791","AkMediaInformation","","405488693","405488693","13790","AkBankSourceData","True","405488693.wem","45442"
"13803","CAkSound","","288149885","288149885","109","HircChunk","True","288149885.wem","36046"
"13804","SoundInitialValues","","288149885","288149885","13803","CAkSound","True","288149885.wem","36046"
"13805","AkBankSourceData","","288149885","288149885","13804","SoundInitialValues","True","288149885.wem","36046"
"13806","AkMediaInformation","","288149885","288149885","13805","AkBankSourceData","True","288149885.wem","36046"
"13818","CAkSound","","301281303","301281303","109","HircChunk","True","301281303.wem","34581"
"13819","SoundInitialValues","","301281303","301281303","13818","CAkSound","True","301281303.wem","34581"
"13820","AkBankSourceData","","301281303","301281303","13819","SoundInitialValues","True","301281303.wem","34581"
"13821","AkMediaInformation","","301281303","301281303","13820","AkBankSourceData","True","301281303.wem","34581"
"13833","CAkSound","","504253636","504253636","109","HircChunk","True","504253636.wem","9034"
"13834","SoundInitialValues","","504253636","504253636","13833","CAkSound","True","504253636.wem","9034"
"13835","AkBankSourceData","","504253636","504253636","13834","SoundInitialValues","True","504253636.wem","9034"
"13836","AkMediaInformation","","504253636","504253636","13835","AkBankSourceData","True","504253636.wem","9034"
"13848","CAkSound","","651223136","651223136","109","HircChunk","True","651223136.wem","35048"
"13849","SoundInitialValues","","651223136","651223136","13848","CAkSound","True","651223136.wem","35048"
"13850","AkBankSourceData","","651223136","651223136","13849","SoundInitialValues","True","651223136.wem","35048"
"13851","AkMediaInformation","","651223136","651223136","13850","AkBankSourceData","True","651223136.wem","35048"
"13863","CAkSound","","102436360","102436360","109","HircChunk","True","102436360.wem","35732"
"13864","SoundInitialValues","","102436360","102436360","13863","CAkSound","True","102436360.wem","35732"
"13865","AkBankSourceData","","102436360","102436360","13864","SoundInitialValues","True","102436360.wem","35732"
"13866","AkMediaInformation","","102436360","102436360","13865","AkBankSourceData","True","102436360.wem","35732"
"13878","CAkSound","","770219451","770219451","109","HircChunk","True","770219451.wem","15422"
"13879","SoundInitialValues","","770219451","770219451","13878","CAkSound","True","770219451.wem","15422"
"13880","AkBankSourceData","","770219451","770219451","13879","SoundInitialValues","True","770219451.wem","15422"
"13881","AkMediaInformation","","770219451","770219451","13880","AkBankSourceData","True","770219451.wem","15422"
"13893","CAkSound","","295484415","295484415","109","HircChunk","True","295484415.wem","46598"
"13894","SoundInitialValues","","295484415","295484415","13893","CAkSound","True","295484415.wem","46598"
"13895","AkBankSourceData","","295484415","295484415","13894","SoundInitialValues","True","295484415.wem","46598"
"13896","AkMediaInformation","","295484415","295484415","13895","AkBankSourceData","True","295484415.wem","46598"
"13908","CAkSound","","608002897","608002897","109","HircChunk","True","608002897.wem","42395"
"13909","SoundInitialValues","","608002897","608002897","13908","CAkSound","True","608002897.wem","42395"
"13910","AkBankSourceData","","608002897","608002897","13909","SoundInitialValues","True","608002897.wem","42395"
"13911","AkMediaInformation","","608002897","608002897","13910","AkBankSourceData","True","608002897.wem","42395"
"13923","CAkSound","","792588876","792588876","109","HircChunk","True","792588876.wem","26793"
"13924","SoundInitialValues","","792588876","792588876","13923","CAkSound","True","792588876.wem","26793"
"13925","AkBankSourceData","","792588876","792588876","13924","SoundInitialValues","True","792588876.wem","26793"
"13926","AkMediaInformation","","792588876","792588876","13925","AkBankSourceData","True","792588876.wem","26793"
"13938","CAkSound","","788630374","788630374","109","HircChunk","True","788630374.wem","15930"
"13939","SoundInitialValues","","788630374","788630374","13938","CAkSound","True","788630374.wem","15930"
"13940","AkBankSourceData","","788630374","788630374","13939","SoundInitialValues","True","788630374.wem","15930"
"13941","AkMediaInformation","","788630374","788630374","13940","AkBankSourceData","True","788630374.wem","15930"
"13953","CAkSound","","303752298","303752298","109","HircChunk","True","303752298.wem","40592"
"13954","SoundInitialValues","","303752298","303752298","13953","CAkSound","True","303752298.wem","40592"
"13955","AkBankSourceData","","303752298","303752298","13954","SoundInitialValues","True","303752298.wem","40592"
"13956","AkMediaInformation","","303752298","303752298","13955","AkBankSourceData","True","303752298.wem","40592"
"13968","CAkSound","","481015795","481015795","109","HircChunk","True","481015795.wem","26877"
"13969","SoundInitialValues","","481015795","481015795","13968","CAkSound","True","481015795.wem","26877"
"13970","AkBankSourceData","","481015795","481015795","13969","SoundInitialValues","True","481015795.wem","26877"
"13971","AkMediaInformation","","481015795","481015795","13970","AkBankSourceData","True","481015795.wem","26877"
"13983","CAkSound","","586977885","586977885","109","HircChunk","True","586977885.wem","37042"
"13984","SoundInitialValues","","586977885","586977885","13983","CAkSound","True","586977885.wem","37042"
"13985","AkBankSourceData","","586977885","586977885","13984","SoundInitialValues","True","586977885.wem","37042"
"13986","AkMediaInformation","","586977885","586977885","13985","AkBankSourceData","True","586977885.wem","37042"
"13998","CAkSound","","451636995","451636995","109","HircChunk","True","451636995.wem","35710"
"13999","SoundInitialValues","","451636995","451636995","13998","CAkSound","True","451636995.wem","35710"
"14000","AkBankSourceData","","451636995","451636995","13999","SoundInitialValues","True","451636995.wem","35710"
"14001","AkMediaInformation","","451636995","451636995","14000","AkBankSourceData","True","451636995.wem","35710"
"14013","CAkSound","","618025199","618025199","109","HircChunk","True","618025199.wem","32978"
"14014","SoundInitialValues","","618025199","618025199","14013","CAkSound","True","618025199.wem","32978"
"14015","AkBankSourceData","","618025199","618025199","14014","SoundInitialValues","True","618025199.wem","32978"
"14016","AkMediaInformation","","618025199","618025199","14015","AkBankSourceData","True","618025199.wem","32978"
"14028","CAkSound","","597905619","597905619","109","HircChunk","True","597905619.wem","17006"
"14029","SoundInitialValues","","597905619","597905619","14028","CAkSound","True","597905619.wem","17006"
"14030","AkBankSourceData","","597905619","597905619","14029","SoundInitialValues","True","597905619.wem","17006"
"14031","AkMediaInformation","","597905619","597905619","14030","AkBankSourceData","True","597905619.wem","17006"
"14043","CAkSound","","634150988","634150988","109","HircChunk","True","634150988.wem","38452"
"14044","SoundInitialValues","","634150988","634150988","14043","CAkSound","True","634150988.wem","38452"
"14045","AkBankSourceData","","634150988","634150988","14044","SoundInitialValues","True","634150988.wem","38452"
"14046","AkMediaInformation","","634150988","634150988","14045","AkBankSourceData","True","634150988.wem","38452"
"14058","CAkSound","","892470400","892470400","109","HircChunk","True","892470400.wem","18351"
"14059","SoundInitialValues","","892470400","892470400","14058","CAkSound","True","892470400.wem","18351"
"14060","AkBankSourceData","","892470400","892470400","14059","SoundInitialValues","True","892470400.wem","18351"
"14061","AkMediaInformation","","892470400","892470400","14060","AkBankSourceData","True","892470400.wem","18351"
"14073","CAkSound","","404788835","404788835","109","HircChunk","True","404788835.wem","38676"
"14074","SoundInitialValues","","404788835","404788835","14073","CAkSound","True","404788835.wem","38676"
"14075","AkBankSourceData","","404788835","404788835","14074","SoundInitialValues","True","404788835.wem","38676"
"14076","AkMediaInformation","","404788835","404788835","14075","AkBankSourceData","True","404788835.wem","38676"
"14088","CAkSound","","1039444031","1039444031","109","HircChunk","True","1039444031.wem","18322"
"14089","SoundInitialValues","","1039444031","1039444031","14088","CAkSound","True","1039444031.wem","18322"
"14090","AkBankSourceData","","1039444031","1039444031","14089","SoundInitialValues","True","1039444031.wem","18322"
"14091","AkMediaInformation","","1039444031","1039444031","14090","AkBankSourceData","True","1039444031.wem","18322"
"14103","CAkSound","","299312186","299312186","109","HircChunk","True","299312186.wem","28252"
"14104","SoundInitialValues","","299312186","299312186","14103","CAkSound","True","299312186.wem","28252"
"14105","AkBankSourceData","","299312186","299312186","14104","SoundInitialValues","True","299312186.wem","28252"
"14106","AkMediaInformation","","299312186","299312186","14105","AkBankSourceData","True","299312186.wem","28252"
"14118","CAkSound","","179329367","179329367","109","HircChunk","True","179329367.wem","69994"
"14119","SoundInitialValues","","179329367","179329367","14118","CAkSound","True","179329367.wem","69994"
"14120","AkBankSourceData","","179329367","179329367","14119","SoundInitialValues","True","179329367.wem","69994"
"14121","AkMediaInformation","","179329367","179329367","14120","AkBankSourceData","True","179329367.wem","69994"
"14133","CAkSound","","565565952","565565952","109","HircChunk","True","565565952.wem","25606"
"14134","SoundInitialValues","","565565952","565565952","14133","CAkSound","True","565565952.wem","25606"
"14135","AkBankSourceData","","565565952","565565952","14134","SoundInitialValues","True","565565952.wem","25606"
"14136","AkMediaInformation","","565565952","565565952","14135","AkBankSourceData","True","565565952.wem","25606"
"14148","CAkSound","","27985417","27985417","109","HircChunk","True","27985417.wem","33967"
"14149","SoundInitialValues","","27985417","27985417","14148","CAkSound","True","27985417.wem","33967"
"14150","AkBankSourceData","","27985417","27985417","14149","SoundInitialValues","True","27985417.wem","33967"
"14151","AkMediaInformation","","27985417","27985417","14150","AkBankSourceData","True","27985417.wem","33967"
"14163","CAkSound","","105622278","105622278","109","HircChunk","True","105622278.wem","22462"
"14164","SoundInitialValues","","105622278","105622278","14163","CAkSound","True","105622278.wem","22462"
"14165","AkBankSourceData","","105622278","105622278","14164","SoundInitialValues","True","105622278.wem","22462"
"14166","AkMediaInformation","","105622278","105622278","14165","AkBankSourceData","True","105622278.wem","22462"
"14178","CAkSound","","30052689","30052689","109","HircChunk","True","30052689.wem","18010"
"14179","SoundInitialValues","","30052689","30052689","14178","CAkSound","True","30052689.wem","18010"
"14180","AkBankSourceData","","30052689","30052689","14179","SoundInitialValues","True","30052689.wem","18010"
"14181","AkMediaInformation","","30052689","30052689","14180","AkBankSourceData","True","30052689.wem","18010"
"14193","CAkSound","","321690469","321690469","109","HircChunk","True","321690469.wem","15402"
"14194","SoundInitialValues","","321690469","321690469","14193","CAkSound","True","321690469.wem","15402"
"14195","AkBankSourceData","","321690469","321690469","14194","SoundInitialValues","True","321690469.wem","15402"
"14196","AkMediaInformation","","321690469","321690469","14195","AkBankSourceData","True","321690469.wem","15402"
"14208","CAkSound","","127357609","127357609","109","HircChunk","True","127357609.wem","33974"
"14209","SoundInitialValues","","127357609","127357609","14208","CAkSound","True","127357609.wem","33974"
"14210","AkBankSourceData","","127357609","127357609","14209","SoundInitialValues","True","127357609.wem","33974"
"14211","AkMediaInformation","","127357609","127357609","14210","AkBankSourceData","True","127357609.wem","33974"
"14223","CAkSound","","764618888","764618888","109","HircChunk","True","764618888.wem","26518"
"14224","SoundInitialValues","","764618888","764618888","14223","CAkSound","True","764618888.wem","26518"
"14225","AkBankSourceData","","764618888","764618888","14224","SoundInitialValues","True","764618888.wem","26518"
"14226","AkMediaInformation","","764618888","764618888","14225","AkBankSourceData","True","764618888.wem","26518"
"14238","CAkSound","","755540062","755540062","109","HircChunk","True","755540062.wem","42112"
"14239","SoundInitialValues","","755540062","755540062","14238","CAkSound","True","755540062.wem","42112"
"14240","AkBankSourceData","","755540062","755540062","14239","SoundInitialValues","True","755540062.wem","42112"
"14241","AkMediaInformation","","755540062","755540062","14240","AkBankSourceData","True","755540062.wem","42112"
"14253","CAkSound","","620304233","620304233","109","HircChunk","True","620304233.wem","46184"
"14254","SoundInitialValues","","620304233","620304233","14253","CAkSound","True","620304233.wem","46184"
"14255","AkBankSourceData","","620304233","620304233","14254","SoundInitialValues","True","620304233.wem","46184"
"14256","AkMediaInformation","","620304233","620304233","14255","AkBankSourceData","True","620304233.wem","46184"
"14268","CAkSound","","606911486","606911486","109","HircChunk","True","606911486.wem","37432"
"14269","SoundInitialValues","","606911486","606911486","14268","CAkSound","True","606911486.wem","37432"
"14270","AkBankSourceData","","606911486","606911486","14269","SoundInitialValues","True","606911486.wem","37432"
"14271","AkMediaInformation","","606911486","606911486","14270","AkBankSourceData","True","606911486.wem","37432"
"14283","CAkSound","","859504379","859504379","109","HircChunk","True","859504379.wem","36836"
"14284","SoundInitialValues","","859504379","859504379","14283","CAkSound","True","859504379.wem","36836"
"14285","AkBankSourceData","","859504379","859504379","14284","SoundInitialValues","True","859504379.wem","36836"
"14286","AkMediaInformation","","859504379","859504379","14285","AkBankSourceData","True","859504379.wem","36836"
"14298","CAkSound","","556780192","556780192","109","HircChunk","True","556780192.wem","17357"
"14299","SoundInitialValues","","556780192","556780192","14298","CAkSound","True","556780192.wem","17357"
"14300","AkBankSourceData","","556780192","556780192","14299","SoundInitialValues","True","556780192.wem","17357"
"14301","AkMediaInformation","","556780192","556780192","14300","AkBankSourceData","True","556780192.wem","17357"
"14313","CAkSound","","336600463","336600463","109","HircChunk","True","336600463.wem","19553"
"14314","SoundInitialValues","","336600463","336600463","14313","CAkSound","True","336600463.wem","19553"
"14315","AkBankSourceData","","336600463","336600463","14314","SoundInitialValues","True","336600463.wem","19553"
"14316","AkMediaInformation","","336600463","336600463","14315","AkBankSourceData","True","336600463.wem","19553"
"14328","CAkSound","","16413068","16413068","109","HircChunk","True","16413068.wem","18558"
"14329","SoundInitialValues","","16413068","16413068","14328","CAkSound","True","16413068.wem","18558"
"14330","AkBankSourceData","","16413068","16413068","14329","SoundInitialValues","True","16413068.wem","18558"
"14331","AkMediaInformation","","16413068","16413068","14330","AkBankSourceData","True","16413068.wem","18558"
"14343","CAkSound","","1058158586","1058158586","109","HircChunk","True","1058158586.wem","16882"
"14344","SoundInitialValues","","1058158586","1058158586","14343","CAkSound","True","1058158586.wem","16882"
"14345","AkBankSourceData","","1058158586","1058158586","14344","SoundInitialValues","True","1058158586.wem","16882"
"14346","AkMediaInformation","","1058158586","1058158586","14345","AkBankSourceData","True","1058158586.wem","16882"
"14358","CAkSound","","1016515822","1016515822","109","HircChunk","True","1016515822.wem","31158"
"14359","SoundInitialValues","","1016515822","1016515822","14358","CAkSound","True","1016515822.wem","31158"
"14360","AkBankSourceData","","1016515822","1016515822","14359","SoundInitialValues","True","1016515822.wem","31158"
"14361","AkMediaInformation","","1016515822","1016515822","14360","AkBankSourceData","True","1016515822.wem","31158"
"14373","CAkSound","","61738747","61738747","109","HircChunk","True","61738747.wem","14306"
"14374","SoundInitialValues","","61738747","61738747","14373","CAkSound","True","61738747.wem","14306"
"14375","AkBankSourceData","","61738747","61738747","14374","SoundInitialValues","True","61738747.wem","14306"
"14376","AkMediaInformation","","61738747","61738747","14375","AkBankSourceData","True","61738747.wem","14306"
"14388","CAkSound","","211866321","211866321","109","HircChunk","True","211866321.wem","55798"
"14389","SoundInitialValues","","211866321","211866321","14388","CAkSound","True","211866321.wem","55798"
"14390","AkBankSourceData","","211866321","211866321","14389","SoundInitialValues","True","211866321.wem","55798"
"14391","AkMediaInformation","","211866321","211866321","14390","AkBankSourceData","True","211866321.wem","55798"
"14403","CAkSound","","1015723236","1015723236","109","HircChunk","True","1015723236.wem","32678"
"14404","SoundInitialValues","","1015723236","1015723236","14403","CAkSound","True","1015723236.wem","32678"
"14405","AkBankSourceData","","1015723236","1015723236","14404","SoundInitialValues","True","1015723236.wem","32678"
"14406","AkMediaInformation","","1015723236","1015723236","14405","AkBankSourceData","True","1015723236.wem","32678"
"14419","CAkSound","","170803105","170803105","109","HircChunk","True","170803105.wem","31091"
"14420","SoundInitialValues","","170803105","170803105","14419","CAkSound","True","170803105.wem","31091"
"14421","AkBankSourceData","","170803105","170803105","14420","SoundInitialValues","True","170803105.wem","31091"
"14422","AkMediaInformation","","170803105","170803105","14421","AkBankSourceData","True","170803105.wem","31091"
"14434","CAkSound","","312358803","312358803","109","HircChunk","True","312358803.wem","39003"
"14435","SoundInitialValues","","312358803","312358803","14434","CAkSound","True","312358803.wem","39003"
"14436","AkBankSourceData","","312358803","312358803","14435","SoundInitialValues","True","312358803.wem","39003"
"14437","AkMediaInformation","","312358803","312358803","14436","AkBankSourceData","True","312358803.wem","39003"
"14449","CAkSound","","127735755","127735755","109","HircChunk","True","127735755.wem","29221"
"14450","SoundInitialValues","","127735755","127735755","14449","CAkSound","True","127735755.wem","29221"
"14451","AkBankSourceData","","127735755","127735755","14450","SoundInitialValues","True","127735755.wem","29221"
"14452","AkMediaInformation","","127735755","127735755","14451","AkBankSourceData","True","127735755.wem","29221"
"14464","CAkSound","","886608002","886608002","109","HircChunk","True","886608002.wem","18244"
"14465","SoundInitialValues","","886608002","886608002","14464","CAkSound","True","886608002.wem","18244"
"14466","AkBankSourceData","","886608002","886608002","14465","SoundInitialValues","True","886608002.wem","18244"
"14467","AkMediaInformation","","886608002","886608002","14466","AkBankSourceData","True","886608002.wem","18244"
"14479","CAkSound","","83349338","83349338","109","HircChunk","True","83349338.wem","42189"
"14480","SoundInitialValues","","83349338","83349338","14479","CAkSound","True","83349338.wem","42189"
"14481","AkBankSourceData","","83349338","83349338","14480","SoundInitialValues","True","83349338.wem","42189"
"14482","AkMediaInformation","","83349338","83349338","14481","AkBankSourceData","True","83349338.wem","42189"
"14494","CAkSound","","681273938","681273938","109","HircChunk","True","681273938.wem","37633"
"14495","SoundInitialValues","","681273938","681273938","14494","CAkSound","True","681273938.wem","37633"
"14496","AkBankSourceData","","681273938","681273938","14495","SoundInitialValues","True","681273938.wem","37633"
"14497","AkMediaInformation","","681273938","681273938","14496","AkBankSourceData","True","681273938.wem","37633"
"14509","CAkSound","","512180737","512180737","109","HircChunk","True","512180737.wem","33781"
"14510","SoundInitialValues","","512180737","512180737","14509","CAkSound","True","512180737.wem","33781"
"14511","AkBankSourceData","","512180737","512180737","14510","SoundInitialValues","True","512180737.wem","33781"
"14512","AkMediaInformation","","512180737","512180737","14511","AkBankSourceData","True","512180737.wem","33781"
"14524","CAkSound","","526885551","526885551","109","HircChunk","True","526885551.wem","10178"
"14525","SoundInitialValues","","526885551","526885551","14524","CAkSound","True","526885551.wem","10178"
"14526","AkBankSourceData","","526885551","526885551","14525","SoundInitialValues","True","526885551.wem","10178"
"14527","AkMediaInformation","","526885551","526885551","14526","AkBankSourceData","True","526885551.wem","10178"
"14539","CAkSound","","111168223","111168223","109","HircChunk","True","111168223.wem","7795"
"14540","SoundInitialValues","","111168223","111168223","14539","CAkSound","True","111168223.wem","7795"
"14541","AkBankSourceData","","111168223","111168223","14540","SoundInitialValues","True","111168223.wem","7795"
"14542","AkMediaInformation","","111168223","111168223","14541","AkBankSourceData","True","111168223.wem","7795"
"14554","CAkSound","","742386258","742386258","109","HircChunk","True","742386258.wem","20972"
"14555","SoundInitialValues","","742386258","742386258","14554","CAkSound","True","742386258.wem","20972"
"14556","AkBankSourceData","","742386258","742386258","14555","SoundInitialValues","True","742386258.wem","20972"
"14557","AkMediaInformation","","742386258","742386258","14556","AkBankSourceData","True","742386258.wem","20972"
"14569","CAkSound","","630611290","630611290","109","HircChunk","True","630611290.wem","41288"
"14570","SoundInitialValues","","630611290","630611290","14569","CAkSound","True","630611290.wem","41288"
"14571","AkBankSourceData","","630611290","630611290","14570","SoundInitialValues","True","630611290.wem","41288"
"14572","AkMediaInformation","","630611290","630611290","14571","AkBankSourceData","True","630611290.wem","41288"
"14584","CAkSound","","368819908","368819908","109","HircChunk","True","368819908.wem","11892"
"14585","SoundInitialValues","","368819908","368819908","14584","CAkSound","True","368819908.wem","11892"
"14586","AkBankSourceData","","368819908","368819908","14585","SoundInitialValues","True","368819908.wem","11892"
"14587","AkMediaInformation","","368819908","368819908","14586","AkBankSourceData","True","368819908.wem","11892"
"14599","CAkSound","","864723965","864723965","109","HircChunk","True","864723965.wem","23579"
"14600","SoundInitialValues","","864723965","864723965","14599","CAkSound","True","864723965.wem","23579"
"14601","AkBankSourceData","","864723965","864723965","14600","SoundInitialValues","True","864723965.wem","23579"
"14602","AkMediaInformation","","864723965","864723965","14601","AkBankSourceData","True","864723965.wem","23579"
"14614","CAkSound","","39862244","39862244","109","HircChunk","True","39862244.wem","52367"
"14615","SoundInitialValues","","39862244","39862244","14614","CAkSound","True","39862244.wem","52367"
"14616","AkBankSourceData","","39862244","39862244","14615","SoundInitialValues","True","39862244.wem","52367"
"14617","AkMediaInformation","","39862244","39862244","14616","AkBankSourceData","True","39862244.wem","52367"
"14629","CAkSound","","182704058","182704058","109","HircChunk","True","182704058.wem","16663"
"14630","SoundInitialValues","","182704058","182704058","14629","CAkSound","True","182704058.wem","16663"
"14631","AkBankSourceData","","182704058","182704058","14630","SoundInitialValues","True","182704058.wem","16663"
"14632","AkMediaInformation","","182704058","182704058","14631","AkBankSourceData","True","182704058.wem","16663"
"14644","CAkSound","","919355035","919355035","109","HircChunk","True","919355035.wem","21373"
"14645","SoundInitialValues","","919355035","919355035","14644","CAkSound","True","919355035.wem","21373"
"14646","AkBankSourceData","","919355035","919355035","14645","SoundInitialValues","True","919355035.wem","21373"
"14647","AkMediaInformation","","919355035","919355035","14646","AkBankSourceData","True","919355035.wem","21373"
"14659","CAkSound","","789495999","789495999","109","HircChunk","True","789495999.wem","86738"
"14660","SoundInitialValues","","789495999","789495999","14659","CAkSound","True","789495999.wem","86738"
"14661","AkBankSourceData","","789495999","789495999","14660","SoundInitialValues","True","789495999.wem","86738"
"14662","AkMediaInformation","","789495999","789495999","14661","AkBankSourceData","True","789495999.wem","86738"
"14674","CAkSound","","23618156","23618156","109","HircChunk","True","23618156.wem","25225"
"14675","SoundInitialValues","","23618156","23618156","14674","CAkSound","True","23618156.wem","25225"
"14676","AkBankSourceData","","23618156","23618156","14675","SoundInitialValues","True","23618156.wem","25225"
"14677","AkMediaInformation","","23618156","23618156","14676","AkBankSourceData","True","23618156.wem","25225"
"14689","CAkSound","","793708866","793708866","109","HircChunk","True","793708866.wem","33024"
"14690","SoundInitialValues","","793708866","793708866","14689","CAkSound","True","793708866.wem","33024"
"14691","AkBankSourceData","","793708866","793708866","14690","SoundInitialValues","True","793708866.wem","33024"
"14692","AkMediaInformation","","793708866","793708866","14691","AkBankSourceData","True","793708866.wem","33024"
"14704","CAkSound","","866332544","866332544","109","HircChunk","True","866332544.wem","35364"
"14705","SoundInitialValues","","866332544","866332544","14704","CAkSound","True","866332544.wem","35364"
"14706","AkBankSourceData","","866332544","866332544","14705","SoundInitialValues","True","866332544.wem","35364"
"14707","AkMediaInformation","","866332544","866332544","14706","AkBankSourceData","True","866332544.wem","35364"
"14719","CAkSound","","619319587","619319587","109","HircChunk","True","619319587.wem","39433"
"14720","SoundInitialValues","","619319587","619319587","14719","CAkSound","True","619319587.wem","39433"
"14721","AkBankSourceData","","619319587","619319587","14720","SoundInitialValues","True","619319587.wem","39433"
"14722","AkMediaInformation","","619319587","619319587","14721","AkBankSourceData","True","619319587.wem","39433"
"14734","CAkSound","","145243625","145243625","109","HircChunk","True","145243625.wem","27504"
"14735","SoundInitialValues","","145243625","145243625","14734","CAkSound","True","145243625.wem","27504"
"14736","AkBankSourceData","","145243625","145243625","14735","SoundInitialValues","True","145243625.wem","27504"
"14737","AkMediaInformation","","145243625","145243625","14736","AkBankSourceData","True","145243625.wem","27504"
"14749","CAkSound","","415572436","415572436","109","HircChunk","True","415572436.wem","68264"
"14750","SoundInitialValues","","415572436","415572436","14749","CAkSound","True","415572436.wem","68264"
"14751","AkBankSourceData","","415572436","415572436","14750","SoundInitialValues","True","415572436.wem","68264"
"14752","AkMediaInformation","","415572436","415572436","14751","AkBankSourceData","True","415572436.wem","68264"
"14764","CAkSound","","126988840","126988840","109","HircChunk","True","126988840.wem","10728"
"14765","SoundInitialValues","","126988840","126988840","14764","CAkSound","True","126988840.wem","10728"
"14766","AkBankSourceData","","126988840","126988840","14765","SoundInitialValues","True","126988840.wem","10728"
"14767","AkMediaInformation","","126988840","126988840","14766","AkBankSourceData","True","126988840.wem","10728"
"14779","CAkSound","","1068329219","1068329219","109","HircChunk","True","1068329219.wem","13919"
"14780","SoundInitialValues","","1068329219","1068329219","14779","CAkSound","True","1068329219.wem","13919"
"14781","AkBankSourceData","","1068329219","1068329219","14780","SoundInitialValues","True","1068329219.wem","13919"
"14782","AkMediaInformation","","1068329219","1068329219","14781","AkBankSourceData","True","1068329219.wem","13919"
"14794","CAkSound","","56270695","56270695","109","HircChunk","True","56270695.wem","16275"
"14795","SoundInitialValues","","56270695","56270695","14794","CAkSound","True","56270695.wem","16275"
"14796","AkBankSourceData","","56270695","56270695","14795","SoundInitialValues","True","56270695.wem","16275"
"14797","AkMediaInformation","","56270695","56270695","14796","AkBankSourceData","True","56270695.wem","16275"
"14809","CAkSound","","876612086","876612086","109","HircChunk","True","876612086.wem","14907"
"14810","SoundInitialValues","","876612086","876612086","14809","CAkSound","True","876612086.wem","14907"
"14811","AkBankSourceData","","876612086","876612086","14810","SoundInitialValues","True","876612086.wem","14907"
"14812","AkMediaInformation","","876612086","876612086","14811","AkBankSourceData","True","876612086.wem","14907"
"14824","CAkSound","","287830862","287830862","109","HircChunk","True","287830862.wem","39293"
"14825","SoundInitialValues","","287830862","287830862","14824","CAkSound","True","287830862.wem","39293"
"14826","AkBankSourceData","","287830862","287830862","14825","SoundInitialValues","True","287830862.wem","39293"
"14827","AkMediaInformation","","287830862","287830862","14826","AkBankSourceData","True","287830862.wem","39293"
"14839","CAkSound","","578909285","578909285","109","HircChunk","True","578909285.wem","22562"
"14840","SoundInitialValues","","578909285","578909285","14839","CAkSound","True","578909285.wem","22562"
"14841","AkBankSourceData","","578909285","578909285","14840","SoundInitialValues","True","578909285.wem","22562"
"14842","AkMediaInformation","","578909285","578909285","14841","AkBankSourceData","True","578909285.wem","22562"
"14854","CAkSound","","609442118","609442118","109","HircChunk","True","609442118.wem","28349"
"14855","SoundInitialValues","","609442118","609442118","14854","CAkSound","True","609442118.wem","28349"
"14856","AkBankSourceData","","609442118","609442118","14855","SoundInitialValues","True","609442118.wem","28349"
"14857","AkMediaInformation","","609442118","609442118","14856","AkBankSourceData","True","609442118.wem","28349"
"14869","CAkSound","","54204748","54204748","109","HircChunk","True","54204748.wem","35753"
"14870","SoundInitialValues","","54204748","54204748","14869","CAkSound","True","54204748.wem","35753"
"14871","AkBankSourceData","","54204748","54204748","14870","SoundInitialValues","True","54204748.wem","35753"
"14872","AkMediaInformation","","54204748","54204748","14871","AkBankSourceData","True","54204748.wem","35753"
"14884","CAkSound","","134051271","134051271","109","HircChunk","True","134051271.wem","29605"
"14885","SoundInitialValues","","134051271","134051271","14884","CAkSound","True","134051271.wem","29605"
"14886","AkBankSourceData","","134051271","134051271","14885","SoundInitialValues","True","134051271.wem","29605"
"14887","AkMediaInformation","","134051271","134051271","14886","AkBankSourceData","True","134051271.wem","29605"
"14899","CAkSound","","751285065","751285065","109","HircChunk","True","751285065.wem","28222"
"14900","SoundInitialValues","","751285065","751285065","14899","CAkSound","True","751285065.wem","28222"
"14901","AkBankSourceData","","751285065","751285065","14900","SoundInitialValues","True","751285065.wem","28222"
"14902","AkMediaInformation","","751285065","751285065","14901","AkBankSourceData","True","751285065.wem","28222"
"14914","CAkSound","","418024896","418024896","109","HircChunk","True","418024896.wem","50055"
"14915","SoundInitialValues","","418024896","418024896","14914","CAkSound","True","418024896.wem","50055"
"14916","AkBankSourceData","","418024896","418024896","14915","SoundInitialValues","True","418024896.wem","50055"
"14917","AkMediaInformation","","418024896","418024896","14916","AkBankSourceData","True","418024896.wem","50055"
"14929","CAkSound","","640524664","640524664","109","HircChunk","True","640524664.wem","61512"
"14930","SoundInitialValues","","640524664","640524664","14929","CAkSound","True","640524664.wem","61512"
"14931","AkBankSourceData","","640524664","640524664","14930","SoundInitialValues","True","640524664.wem","61512"
"14932","AkMediaInformation","","640524664","640524664","14931","AkBankSourceData","True","640524664.wem","61512"
"14944","CAkSound","","1046561200","1046561200","109","HircChunk","True","1046561200.wem","16461"
"14945","SoundInitialValues","","1046561200","1046561200","14944","CAkSound","True","1046561200.wem","16461"
"14946","AkBankSourceData","","1046561200","1046561200","14945","SoundInitialValues","True","1046561200.wem","16461"
"14947","AkMediaInformation","","1046561200","1046561200","14946","AkBankSourceData","True","1046561200.wem","16461"
"14959","CAkSound","","691955040","691955040","109","HircChunk","True","691955040.wem","13565"
"14960","SoundInitialValues","","691955040","691955040","14959","CAkSound","True","691955040.wem","13565"
"14961","AkBankSourceData","","691955040","691955040","14960","SoundInitialValues","True","691955040.wem","13565"
"14962","AkMediaInformation","","691955040","691955040","14961","AkBankSourceData","True","691955040.wem","13565"
"14974","CAkSound","","804342991","804342991","109","HircChunk","True","804342991.wem","8181"
"14975","SoundInitialValues","","804342991","804342991","14974","CAkSound","True","804342991.wem","8181"
"14976","AkBankSourceData","","804342991","804342991","14975","SoundInitialValues","True","804342991.wem","8181"
"14977","AkMediaInformation","","804342991","804342991","14976","AkBankSourceData","True","804342991.wem","8181"
"14989","CAkSound","","928373896","928373896","109","HircChunk","True","928373896.wem","13397"
"14990","SoundInitialValues","","928373896","928373896","14989","CAkSound","True","928373896.wem","13397"
"14991","AkBankSourceData","","928373896","928373896","14990","SoundInitialValues","True","928373896.wem","13397"
"14992","AkMediaInformation","","928373896","928373896","14991","AkBankSourceData","True","928373896.wem","13397"
"15004","CAkSound","","474328726","474328726","109","HircChunk","True","474328726.wem","34924"
"15005","SoundInitialValues","","474328726","474328726","15004","CAkSound","True","474328726.wem","34924"
"15006","AkBankSourceData","","474328726","474328726","15005","SoundInitialValues","True","474328726.wem","34924"
"15007","AkMediaInformation","","474328726","474328726","15006","AkBankSourceData","True","474328726.wem","34924"
"15019","CAkSound","","90880483","90880483","109","HircChunk","True","90880483.wem","16448"
"15020","SoundInitialValues","","90880483","90880483","15019","CAkSound","True","90880483.wem","16448"
"15021","AkBankSourceData","","90880483","90880483","15020","SoundInitialValues","True","90880483.wem","16448"
"15022","AkMediaInformation","","90880483","90880483","15021","AkBankSourceData","True","90880483.wem","16448"
"15034","CAkSound","","564551233","564551233","109","HircChunk","True","564551233.wem","8292"
"15035","SoundInitialValues","","564551233","564551233","15034","CAkSound","True","564551233.wem","8292"
"15036","AkBankSourceData","","564551233","564551233","15035","SoundInitialValues","True","564551233.wem","8292"
"15037","AkMediaInformation","","564551233","564551233","15036","AkBankSourceData","True","564551233.wem","8292"
"15049","CAkSound","","65544374","65544374","109","HircChunk","True","65544374.wem","15962"
"15050","SoundInitialValues","","65544374","65544374","15049","CAkSound","True","65544374.wem","15962"
"15051","AkBankSourceData","","65544374","65544374","15050","SoundInitialValues","True","65544374.wem","15962"
"15052","AkMediaInformation","","65544374","65544374","15051","AkBankSourceData","True","65544374.wem","15962"
"15064","CAkSound","","549141893","549141893","109","HircChunk","True","549141893.wem","34141"
"15065","SoundInitialValues","","549141893","549141893","15064","CAkSound","True","549141893.wem","34141"
"15066","AkBankSourceData","","549141893","549141893","15065","SoundInitialValues","True","549141893.wem","34141"
"15067","AkMediaInformation","","549141893","549141893","15066","AkBankSourceData","True","549141893.wem","34141"
"15079","CAkSound","","339751913","339751913","109","HircChunk","True","339751913.wem","13885"
"15080","SoundInitialValues","","339751913","339751913","15079","CAkSound","True","339751913.wem","13885"
"15081","AkBankSourceData","","339751913","339751913","15080","SoundInitialValues","True","339751913.wem","13885"
"15082","AkMediaInformation","","339751913","339751913","15081","AkBankSourceData","True","339751913.wem","13885"
"15094","CAkSound","","770679657","770679657","109","HircChunk","True","770679657.wem","44461"
"15095","SoundInitialValues","","770679657","770679657","15094","CAkSound","True","770679657.wem","44461"
"15096","AkBankSourceData","","770679657","770679657","15095","SoundInitialValues","True","770679657.wem","44461"
"15097","AkMediaInformation","","770679657","770679657","15096","AkBankSourceData","True","770679657.wem","44461"
"15109","CAkSound","","475146708","475146708","109","HircChunk","True","475146708.wem","31730"
"15110","SoundInitialValues","","475146708","475146708","15109","CAkSound","True","475146708.wem","31730"
"15111","AkBankSourceData","","475146708","475146708","15110","SoundInitialValues","True","475146708.wem","31730"
"15112","AkMediaInformation","","475146708","475146708","15111","AkBankSourceData","True","475146708.wem","31730"
"15124","CAkSound","","919924785","919924785","109","HircChunk","True","919924785.wem","18724"
"15125","SoundInitialValues","","919924785","919924785","15124","CAkSound","True","919924785.wem","18724"
"15126","AkBankSourceData","","919924785","919924785","15125","SoundInitialValues","True","919924785.wem","18724"
"15127","AkMediaInformation","","919924785","919924785","15126","AkBankSourceData","True","919924785.wem","18724"
"15139","CAkSound","","848134069","848134069","109","HircChunk","True","848134069.wem","11643"
"15140","SoundInitialValues","","848134069","848134069","15139","CAkSound","True","848134069.wem","11643"
"15141","AkBankSourceData","","848134069","848134069","15140","SoundInitialValues","True","848134069.wem","11643"
"15142","AkMediaInformation","","848134069","848134069","15141","AkBankSourceData","True","848134069.wem","11643"
"15154","CAkSound","","505575962","505575962","109","HircChunk","True","505575962.wem","36612"
"15155","SoundInitialValues","","505575962","505575962","15154","CAkSound","True","505575962.wem","36612"
"15156","AkBankSourceData","","505575962","505575962","15155","SoundInitialValues","True","505575962.wem","36612"
"15157","AkMediaInformation","","505575962","505575962","15156","AkBankSourceData","True","505575962.wem","36612"
"15169","CAkSound","","750068795","750068795","109","HircChunk","True","750068795.wem","50244"
"15170","SoundInitialValues","","750068795","750068795","15169","CAkSound","True","750068795.wem","50244"
"15171","AkBankSourceData","","750068795","750068795","15170","SoundInitialValues","True","750068795.wem","50244"
"15172","AkMediaInformation","","750068795","750068795","15171","AkBankSourceData","True","750068795.wem","50244"
"15184","CAkSound","","6343934","6343934","109","HircChunk","True","6343934.wem","54356"
"15185","SoundInitialValues","","6343934","6343934","15184","CAkSound","True","6343934.wem","54356"
"15186","AkBankSourceData","","6343934","6343934","15185","SoundInitialValues","True","6343934.wem","54356"
"15187","AkMediaInformation","","6343934","6343934","15186","AkBankSourceData","True","6343934.wem","54356"
"15199","CAkSound","","771764595","771764595","109","HircChunk","True","771764595.wem","72058"
"15200","SoundInitialValues","","771764595","771764595","15199","CAkSound","True","771764595.wem","72058"
"15201","AkBankSourceData","","771764595","771764595","15200","SoundInitialValues","True","771764595.wem","72058"
"15202","AkMediaInformation","","771764595","771764595","15201","AkBankSourceData","True","771764595.wem","72058"
"15214","CAkSound","","181934843","181934843","109","HircChunk","True","181934843.wem","49311"
"15215","SoundInitialValues","","181934843","181934843","15214","CAkSound","True","181934843.wem","49311"
"15216","AkBankSourceData","","181934843","181934843","15215","SoundInitialValues","True","181934843.wem","49311"
"15217","AkMediaInformation","","181934843","181934843","15216","AkBankSourceData","True","181934843.wem","49311"
"15229","CAkSound","","724109307","724109307","109","HircChunk","True","724109307.wem","29963"
"15230","SoundInitialValues","","724109307","724109307","15229","CAkSound","True","724109307.wem","29963"
"15231","AkBankSourceData","","724109307","724109307","15230","SoundInitialValues","True","724109307.wem","29963"
"15232","AkMediaInformation","","724109307","724109307","15231","AkBankSourceData","True","724109307.wem","29963"
"15244","CAkSound","","439504169","439504169","109","HircChunk","True","439504169.wem","41613"
"15245","SoundInitialValues","","439504169","439504169","15244","CAkSound","True","439504169.wem","41613"
"15246","AkBankSourceData","","439504169","439504169","15245","SoundInitialValues","True","439504169.wem","41613"
"15247","AkMediaInformation","","439504169","439504169","15246","AkBankSourceData","True","439504169.wem","41613"
"15259","CAkSound","","246891663","246891663","109","HircChunk","True","246891663.wem","56791"
"15260","SoundInitialValues","","246891663","246891663","15259","CAkSound","True","246891663.wem","56791"
"15261","AkBankSourceData","","246891663","246891663","15260","SoundInitialValues","True","246891663.wem","56791"
"15262","AkMediaInformation","","246891663","246891663","15261","AkBankSourceData","True","246891663.wem","56791"
"15274","CAkSound","","619345926","619345926","109","HircChunk","True","619345926.wem","27284"
"15275","SoundInitialValues","","619345926","619345926","15274","CAkSound","True","619345926.wem","27284"
"15276","AkBankSourceData","","619345926","619345926","15275","SoundInitialValues","True","619345926.wem","27284"
"15277","AkMediaInformation","","619345926","619345926","15276","AkBankSourceData","True","619345926.wem","27284"
"15289","CAkSound","","751516442","751516442","109","HircChunk","True","751516442.wem","33271"
"15290","SoundInitialValues","","751516442","751516442","15289","CAkSound","True","751516442.wem","33271"
"15291","AkBankSourceData","","751516442","751516442","15290","SoundInitialValues","True","751516442.wem","33271"
"15292","AkMediaInformation","","751516442","751516442","15291","AkBankSourceData","True","751516442.wem","33271"
"15304","CAkSound","","449583122","449583122","109","HircChunk","True","449583122.wem","46351"
"15305","SoundInitialValues","","449583122","449583122","15304","CAkSound","True","449583122.wem","46351"
"15306","AkBankSourceData","","449583122","449583122","15305","SoundInitialValues","True","449583122.wem","46351"
"15307","AkMediaInformation","","449583122","449583122","15306","AkBankSourceData","True","449583122.wem","46351"
"15319","CAkSound","","1004474760","1004474760","109","HircChunk","True","1004474760.wem","44722"
"15320","SoundInitialValues","","1004474760","1004474760","15319","CAkSound","True","1004474760.wem","44722"
"15321","AkBankSourceData","","1004474760","1004474760","15320","SoundInitialValues","True","1004474760.wem","44722"
"15322","AkMediaInformation","","1004474760","1004474760","15321","AkBankSourceData","True","1004474760.wem","44722"
"15334","CAkSound","","301847788","301847788","109","HircChunk","True","301847788.wem","17935"
"15335","SoundInitialValues","","301847788","301847788","15334","CAkSound","True","301847788.wem","17935"
"15336","AkBankSourceData","","301847788","301847788","15335","SoundInitialValues","True","301847788.wem","17935"
"15337","AkMediaInformation","","301847788","301847788","15336","AkBankSourceData","True","301847788.wem","17935"
"15349","CAkSound","","636894117","636894117","109","HircChunk","True","636894117.wem","3210"
"15350","SoundInitialValues","","636894117","636894117","15349","CAkSound","True","636894117.wem","3210"
"15351","AkBankSourceData","","636894117","636894117","15350","SoundInitialValues","True","636894117.wem","3210"
"15352","AkMediaInformation","","636894117","636894117","15351","AkBankSourceData","True","636894117.wem","3210"
"15364","CAkSound","","466008262","466008262","109","HircChunk","True","466008262.wem","22673"
"15365","SoundInitialValues","","466008262","466008262","15364","CAkSound","True","466008262.wem","22673"
"15366","AkBankSourceData","","466008262","466008262","15365","SoundInitialValues","True","466008262.wem","22673"
"15367","AkMediaInformation","","466008262","466008262","15366","AkBankSourceData","True","466008262.wem","22673"
"15379","CAkSound","","87634762","87634762","109","HircChunk","True","87634762.wem","15183"
"15380","SoundInitialValues","","87634762","87634762","15379","CAkSound","True","87634762.wem","15183"
"15381","AkBankSourceData","","87634762","87634762","15380","SoundInitialValues","True","87634762.wem","15183"
"15382","AkMediaInformation","","87634762","87634762","15381","AkBankSourceData","True","87634762.wem","15183"
"15394","CAkSound","","640595667","640595667","109","HircChunk","True","640595667.wem","25340"
"15395","SoundInitialValues","","640595667","640595667","15394","CAkSound","True","640595667.wem","25340"
"15396","AkBankSourceData","","640595667","640595667","15395","SoundInitialValues","True","640595667.wem","25340"
"15397","AkMediaInformation","","640595667","640595667","15396","AkBankSourceData","True","640595667.wem","25340"
"15409","CAkSound","","686640077","686640077","109","HircChunk","True","686640077.wem","101558"
"15410","SoundInitialValues","","686640077","686640077","15409","CAkSound","True","686640077.wem","101558"
"15411","AkBankSourceData","","686640077","686640077","15410","SoundInitialValues","True","686640077.wem","101558"
"15412","AkMediaInformation","","686640077","686640077","15411","AkBankSourceData","True","686640077.wem","101558"
"15424","CAkSound","","384020408","384020408","109","HircChunk","True","384020408.wem","43615"
"15425","SoundInitialValues","","384020408","384020408","15424","CAkSound","True","384020408.wem","43615"
"15426","AkBankSourceData","","384020408","384020408","15425","SoundInitialValues","True","384020408.wem","43615"
"15427","AkMediaInformation","","384020408","384020408","15426","AkBankSourceData","True","384020408.wem","43615"
"15439","CAkSound","","826928329","826928329","109","HircChunk","True","826928329.wem","14471"
"15440","SoundInitialValues","","826928329","826928329","15439","CAkSound","True","826928329.wem","14471"
"15441","AkBankSourceData","","826928329","826928329","15440","SoundInitialValues","True","826928329.wem","14471"
"15442","AkMediaInformation","","826928329","826928329","15441","AkBankSourceData","True","826928329.wem","14471"
"15455","CAkSound","","1032521899","1032521899","109","HircChunk","True","1032521899.wem","44406"
"15456","SoundInitialValues","","1032521899","1032521899","15455","CAkSound","True","1032521899.wem","44406"
"15457","AkBankSourceData","","1032521899","1032521899","15456","SoundInitialValues","True","1032521899.wem","44406"
"15458","AkMediaInformation","","1032521899","1032521899","15457","AkBankSourceData","True","1032521899.wem","44406"
"15470","CAkSound","","677551103","677551103","109","HircChunk","True","677551103.wem","37832"
"15471","SoundInitialValues","","677551103","677551103","15470","CAkSound","True","677551103.wem","37832"
"15472","AkBankSourceData","","677551103","677551103","15471","SoundInitialValues","True","677551103.wem","37832"
"15473","AkMediaInformation","","677551103","677551103","15472","AkBankSourceData","True","677551103.wem","37832"
"15485","CAkSound","","530397980","530397980","109","HircChunk","True","530397980.wem","32426"
"15486","SoundInitialValues","","530397980","530397980","15485","CAkSound","True","530397980.wem","32426"
"15487","AkBankSourceData","","530397980","530397980","15486","SoundInitialValues","True","530397980.wem","32426"
"15488","AkMediaInformation","","530397980","530397980","15487","AkBankSourceData","True","530397980.wem","32426"
"15500","CAkSound","","458898376","458898376","109","HircChunk","True","458898376.wem","19938"
"15501","SoundInitialValues","","458898376","458898376","15500","CAkSound","True","458898376.wem","19938"
"15502","AkBankSourceData","","458898376","458898376","15501","SoundInitialValues","True","458898376.wem","19938"
"15503","AkMediaInformation","","458898376","458898376","15502","AkBankSourceData","True","458898376.wem","19938"
"15515","CAkSound","","453883104","453883104","109","HircChunk","True","453883104.wem","22619"
"15516","SoundInitialValues","","453883104","453883104","15515","CAkSound","True","453883104.wem","22619"
"15517","AkBankSourceData","","453883104","453883104","15516","SoundInitialValues","True","453883104.wem","22619"
"15518","AkMediaInformation","","453883104","453883104","15517","AkBankSourceData","True","453883104.wem","22619"
"15530","CAkSound","","1027092084","1027092084","109","HircChunk","True","1027092084.wem","25867"
"15531","SoundInitialValues","","1027092084","1027092084","15530","CAkSound","True","1027092084.wem","25867"
"15532","AkBankSourceData","","1027092084","1027092084","15531","SoundInitialValues","True","1027092084.wem","25867"
"15533","AkMediaInformation","","1027092084","1027092084","15532","AkBankSourceData","True","1027092084.wem","25867"
"15545","CAkSound","","757582667","757582667","109","HircChunk","True","757582667.wem","9778"
"15546","SoundInitialValues","","757582667","757582667","15545","CAkSound","True","757582667.wem","9778"
"15547","AkBankSourceData","","757582667","757582667","15546","SoundInitialValues","True","757582667.wem","9778"
"15548","AkMediaInformation","","757582667","757582667","15547","AkBankSourceData","True","757582667.wem","9778"
"15560","CAkSound","","461263734","461263734","109","HircChunk","True","461263734.wem","32426"
"15561","SoundInitialValues","","461263734","461263734","15560","CAkSound","True","461263734.wem","32426"
"15562","AkBankSourceData","","461263734","461263734","15561","SoundInitialValues","True","461263734.wem","32426"
"15563","AkMediaInformation","","461263734","461263734","15562","AkBankSourceData","True","461263734.wem","32426"
"15575","CAkSound","","221217876","221217876","109","HircChunk","True","221217876.wem","15697"
"15576","SoundInitialValues","","221217876","221217876","15575","CAkSound","True","221217876.wem","15697"
"15577","AkBankSourceData","","221217876","221217876","15576","SoundInitialValues","True","221217876.wem","15697"
"15578","AkMediaInformation","","221217876","221217876","15577","AkBankSourceData","True","221217876.wem","15697"
"15590","CAkSound","","1050074967","1050074967","109","HircChunk","True","1050074967.wem","24460"
"15591","SoundInitialValues","","1050074967","1050074967","15590","CAkSound","True","1050074967.wem","24460"
"15592","AkBankSourceData","","1050074967","1050074967","15591","SoundInitialValues","True","1050074967.wem","24460"
"15593","AkMediaInformation","","1050074967","1050074967","15592","AkBankSourceData","True","1050074967.wem","24460"
"15605","CAkSound","","107137317","107137317","109","HircChunk","True","107137317.wem","46383"
"15606","SoundInitialValues","","107137317","107137317","15605","CAkSound","True","107137317.wem","46383"
"15607","AkBankSourceData","","107137317","107137317","15606","SoundInitialValues","True","107137317.wem","46383"
"15608","AkMediaInformation","","107137317","107137317","15607","AkBankSourceData","True","107137317.wem","46383"
"15620","CAkSound","","681167016","681167016","109","HircChunk","True","681167016.wem","97955"
"15621","SoundInitialValues","","681167016","681167016","15620","CAkSound","True","681167016.wem","97955"
"15622","AkBankSourceData","","681167016","681167016","15621","SoundInitialValues","True","681167016.wem","97955"
"15623","AkMediaInformation","","681167016","681167016","15622","AkBankSourceData","True","681167016.wem","97955"
"15635","CAkSound","","107594310","107594310","109","HircChunk","True","107594310.wem","36497"
"15636","SoundInitialValues","","107594310","107594310","15635","CAkSound","True","107594310.wem","36497"
"15637","AkBankSourceData","","107594310","107594310","15636","SoundInitialValues","True","107594310.wem","36497"
"15638","AkMediaInformation","","107594310","107594310","15637","AkBankSourceData","True","107594310.wem","36497"
"15650","CAkSound","","46657280","46657280","109","HircChunk","True","46657280.wem","14799"
"15651","SoundInitialValues","","46657280","46657280","15650","CAkSound","True","46657280.wem","14799"
"15652","AkBankSourceData","","46657280","46657280","15651","SoundInitialValues","True","46657280.wem","14799"
"15653","AkMediaInformation","","46657280","46657280","15652","AkBankSourceData","True","46657280.wem","14799"
"15665","CAkSound","","740908996","740908996","109","HircChunk","True","740908996.wem","23706"
"15666","SoundInitialValues","","740908996","740908996","15665","CAkSound","True","740908996.wem","23706"
"15667","AkBankSourceData","","740908996","740908996","15666","SoundInitialValues","True","740908996.wem","23706"
"15668","AkMediaInformation","","740908996","740908996","15667","AkBankSourceData","True","740908996.wem","23706"
"15680","CAkSound","","990263916","990263916","109","HircChunk","True","990263916.wem","31668"
"15681","SoundInitialValues","","990263916","990263916","15680","CAkSound","True","990263916.wem","31668"
"15682","AkBankSourceData","","990263916","990263916","15681","SoundInitialValues","True","990263916.wem","31668"
"15683","AkMediaInformation","","990263916","990263916","15682","AkBankSourceData","True","990263916.wem","31668"
"15695","CAkSound","","864627047","864627047","109","HircChunk","True","864627047.wem","39445"
"15696","SoundInitialValues","","864627047","864627047","15695","CAkSound","True","864627047.wem","39445"
"15697","AkBankSourceData","","864627047","864627047","15696","SoundInitialValues","True","864627047.wem","39445"
"15698","AkMediaInformation","","864627047","864627047","15697","AkBankSourceData","True","864627047.wem","39445"
"15710","CAkSound","","1012365781","1012365781","109","HircChunk","True","1012365781.wem","52825"
"15711","SoundInitialValues","","1012365781","1012365781","15710","CAkSound","True","1012365781.wem","52825"
"15712","AkBankSourceData","","1012365781","1012365781","15711","SoundInitialValues","True","1012365781.wem","52825"
"15713","AkMediaInformation","","1012365781","1012365781","15712","AkBankSourceData","True","1012365781.wem","52825"
"15725","CAkSound","","667534222","667534222","109","HircChunk","True","667534222.wem","23312"
"15726","SoundInitialValues","","667534222","667534222","15725","CAkSound","True","667534222.wem","23312"
"15727","AkBankSourceData","","667534222","667534222","15726","SoundInitialValues","True","667534222.wem","23312"
"15728","AkMediaInformation","","667534222","667534222","15727","AkBankSourceData","True","667534222.wem","23312"
"15740","CAkSound","","462415706","462415706","109","HircChunk","True","462415706.wem","96114"
"15741","SoundInitialValues","","462415706","462415706","15740","CAkSound","True","462415706.wem","96114"
"15742","AkBankSourceData","","462415706","462415706","15741","SoundInitialValues","True","462415706.wem","96114"
"15743","AkMediaInformation","","462415706","462415706","15742","AkBankSourceData","True","462415706.wem","96114"
"15755","CAkSound","","98552437","98552437","109","HircChunk","True","98552437.wem","38952"
"15756","SoundInitialValues","","98552437","98552437","15755","CAkSound","True","98552437.wem","38952"
"15757","AkBankSourceData","","98552437","98552437","15756","SoundInitialValues","True","98552437.wem","38952"
"15758","AkMediaInformation","","98552437","98552437","15757","AkBankSourceData","True","98552437.wem","38952"
"15770","CAkSound","","618494245","618494245","109","HircChunk","True","618494245.wem","18984"
"15771","SoundInitialValues","","618494245","618494245","15770","CAkSound","True","618494245.wem","18984"
"15772","AkBankSourceData","","618494245","618494245","15771","SoundInitialValues","True","618494245.wem","18984"
"15773","AkMediaInformation","","618494245","618494245","15772","AkBankSourceData","True","618494245.wem","18984"
"15785","CAkSound","","165923554","165923554","109","HircChunk","True","165923554.wem","9159"
"15786","SoundInitialValues","","165923554","165923554","15785","CAkSound","True","165923554.wem","9159"
"15787","AkBankSourceData","","165923554","165923554","15786","SoundInitialValues","True","165923554.wem","9159"
"15788","AkMediaInformation","","165923554","165923554","15787","AkBankSourceData","True","165923554.wem","9159"
"15800","CAkSound","","917585991","917585991","109","HircChunk","True","917585991.wem","46930"
"15801","SoundInitialValues","","917585991","917585991","15800","CAkSound","True","917585991.wem","46930"
"15802","AkBankSourceData","","917585991","917585991","15801","SoundInitialValues","True","917585991.wem","46930"
"15803","AkMediaInformation","","917585991","917585991","15802","AkBankSourceData","True","917585991.wem","46930"
"15815","CAkSound","","777986001","777986001","109","HircChunk","True","777986001.wem","32217"
"15816","SoundInitialValues","","777986001","777986001","15815","CAkSound","True","777986001.wem","32217"
"15817","AkBankSourceData","","777986001","777986001","15816","SoundInitialValues","True","777986001.wem","32217"
"15818","AkMediaInformation","","777986001","777986001","15817","AkBankSourceData","True","777986001.wem","32217"
"15830","CAkSound","","383557193","383557193","109","HircChunk","True","383557193.wem","69583"
"15831","SoundInitialValues","","383557193","383557193","15830","CAkSound","True","383557193.wem","69583"
"15832","AkBankSourceData","","383557193","383557193","15831","SoundInitialValues","True","383557193.wem","69583"
"15833","AkMediaInformation","","383557193","383557193","15832","AkBankSourceData","True","383557193.wem","69583"
"15845","CAkSound","","27253652","27253652","109","HircChunk","True","27253652.wem","68611"
"15846","SoundInitialValues","","27253652","27253652","15845","CAkSound","True","27253652.wem","68611"
"15847","AkBankSourceData","","27253652","27253652","15846","SoundInitialValues","True","27253652.wem","68611"
"15848","AkMediaInformation","","27253652","27253652","15847","AkBankSourceData","True","27253652.wem","68611"
"15860","CAkSound","","700711985","700711985","109","HircChunk","True","700711985.wem","46010"
"15861","SoundInitialValues","","700711985","700711985","15860","CAkSound","True","700711985.wem","46010"
"15862","AkBankSourceData","","700711985","700711985","15861","SoundInitialValues","True","700711985.wem","46010"
"15863","AkMediaInformation","","700711985","700711985","15862","AkBankSourceData","True","700711985.wem","46010"
"15875","CAkSound","","776471683","776471683","109","HircChunk","True","776471683.wem","32209"
"15876","SoundInitialValues","","776471683","776471683","15875","CAkSound","True","776471683.wem","32209"
"15877","AkBankSourceData","","776471683","776471683","15876","SoundInitialValues","True","776471683.wem","32209"
"15878","AkMediaInformation","","776471683","776471683","15877","AkBankSourceData","True","776471683.wem","32209"
"15890","CAkSound","","979626938","979626938","109","HircChunk","True","979626938.wem","20419"
"15891","SoundInitialValues","","979626938","979626938","15890","CAkSound","True","979626938.wem","20419"
"15892","AkBankSourceData","","979626938","979626938","15891","SoundInitialValues","True","979626938.wem","20419"
"15893","AkMediaInformation","","979626938","979626938","15892","AkBankSourceData","True","979626938.wem","20419"
"15905","CAkSound","","181960664","181960664","109","HircChunk","True","181960664.wem","116735"
"15906","SoundInitialValues","","181960664","181960664","15905","CAkSound","True","181960664.wem","116735"
"15907","AkBankSourceData","","181960664","181960664","15906","SoundInitialValues","True","181960664.wem","116735"
"15908","AkMediaInformation","","181960664","181960664","15907","AkBankSourceData","True","181960664.wem","116735"
"15920","CAkSound","","358279764","358279764","109","HircChunk","True","358279764.wem","16371"
"15921","SoundInitialValues","","358279764","358279764","15920","CAkSound","True","358279764.wem","16371"
"15922","AkBankSourceData","","358279764","358279764","15921","SoundInitialValues","True","358279764.wem","16371"
"15923","AkMediaInformation","","358279764","358279764","15922","AkBankSourceData","True","358279764.wem","16371"
"15949","CAkSound","","1024605331","1024605331","109","HircChunk","True","1024605331.wem","88331"
"15950","SoundInitialValues","","1024605331","1024605331","15949","CAkSound","True","1024605331.wem","88331"
"15951","AkBankSourceData","","1024605331","1024605331","15950","SoundInitialValues","True","1024605331.wem","88331"
"15952","AkMediaInformation","","1024605331","1024605331","15951","AkBankSourceData","True","1024605331.wem","88331"
"15964","CAkSound","","46999090","46999090","109","HircChunk","True","46999090.wem","60590"
"15965","SoundInitialValues","","46999090","46999090","15964","CAkSound","True","46999090.wem","60590"
"15966","AkBankSourceData","","46999090","46999090","15965","SoundInitialValues","True","46999090.wem","60590"
"15967","AkMediaInformation","","46999090","46999090","15966","AkBankSourceData","True","46999090.wem","60590"
"15979","CAkSound","","694355849","694355849","109","HircChunk","True","694355849.wem","7288"
"15980","SoundInitialValues","","694355849","694355849","15979","CAkSound","True","694355849.wem","7288"
"15981","AkBankSourceData","","694355849","694355849","15980","SoundInitialValues","True","694355849.wem","7288"
"15982","AkMediaInformation","","694355849","694355849","15981","AkBankSourceData","True","694355849.wem","7288"
"15994","CAkSound","","758290971","758290971","109","HircChunk","True","758290971.wem","25463"
"15995","SoundInitialValues","","758290971","758290971","15994","CAkSound","True","758290971.wem","25463"
"15996","AkBankSourceData","","758290971","758290971","15995","SoundInitialValues","True","758290971.wem","25463"
"15997","AkMediaInformation","","758290971","758290971","15996","AkBankSourceData","True","758290971.wem","25463"
"16009","CAkSound","","1007862950","1007862950","109","HircChunk","True","1007862950.wem","24385"
"16010","SoundInitialValues","","1007862950","1007862950","16009","CAkSound","True","1007862950.wem","24385"
"16011","AkBankSourceData","","1007862950","1007862950","16010","SoundInitialValues","True","1007862950.wem","24385"
"16012","AkMediaInformation","","1007862950","1007862950","16011","AkBankSourceData","True","1007862950.wem","24385"
"16024","CAkSound","","296620762","296620762","109","HircChunk","True","296620762.wem","18233"
"16025","SoundInitialValues","","296620762","296620762","16024","CAkSound","True","296620762.wem","18233"
"16026","AkBankSourceData","","296620762","296620762","16025","SoundInitialValues","True","296620762.wem","18233"
"16027","AkMediaInformation","","296620762","296620762","16026","AkBankSourceData","True","296620762.wem","18233"
"16039","CAkSound","","972858731","972858731","109","HircChunk","True","972858731.wem","10044"
"16040","SoundInitialValues","","972858731","972858731","16039","CAkSound","True","972858731.wem","10044"
"16041","AkBankSourceData","","972858731","972858731","16040","SoundInitialValues","True","972858731.wem","10044"
"16042","AkMediaInformation","","972858731","972858731","16041","AkBankSourceData","True","972858731.wem","10044"
"16054","CAkSound","","878999912","878999912","109","HircChunk","True","878999912.wem","22171"
"16055","SoundInitialValues","","878999912","878999912","16054","CAkSound","True","878999912.wem","22171"
"16056","AkBankSourceData","","878999912","878999912","16055","SoundInitialValues","True","878999912.wem","22171"
"16057","AkMediaInformation","","878999912","878999912","16056","AkBankSourceData","True","878999912.wem","22171"
"16069","CAkSound","","529627824","529627824","109","HircChunk","True","529627824.wem","44500"
"16070","SoundInitialValues","","529627824","529627824","16069","CAkSound","True","529627824.wem","44500"
"16071","AkBankSourceData","","529627824","529627824","16070","SoundInitialValues","True","529627824.wem","44500"
"16072","AkMediaInformation","","529627824","529627824","16071","AkBankSourceData","True","529627824.wem","44500"
"16084","CAkSound","","27512562","27512562","109","HircChunk","True","27512562.wem","46911"
"16085","SoundInitialValues","","27512562","27512562","16084","CAkSound","True","27512562.wem","46911"
"16086","AkBankSourceData","","27512562","27512562","16085","SoundInitialValues","True","27512562.wem","46911"
"16087","AkMediaInformation","","27512562","27512562","16086","AkBankSourceData","True","27512562.wem","46911"
"16099","CAkSound","","766877046","766877046","109","HircChunk","True","766877046.wem","17364"
"16100","SoundInitialValues","","766877046","766877046","16099","CAkSound","True","766877046.wem","17364"
"16101","AkBankSourceData","","766877046","766877046","16100","SoundInitialValues","True","766877046.wem","17364"
"16102","AkMediaInformation","","766877046","766877046","16101","AkBankSourceData","True","766877046.wem","17364"
"16114","CAkSound","","605166869","605166869","109","HircChunk","True","605166869.wem","89057"
"16115","SoundInitialValues","","605166869","605166869","16114","CAkSound","True","605166869.wem","89057"
"16116","AkBankSourceData","","605166869","605166869","16115","SoundInitialValues","True","605166869.wem","89057"
"16117","AkMediaInformation","","605166869","605166869","16116","AkBankSourceData","True","605166869.wem","89057"
"16129","CAkSound","","148095223","148095223","109","HircChunk","True","148095223.wem","27863"
"16130","SoundInitialValues","","148095223","148095223","16129","CAkSound","True","148095223.wem","27863"
"16131","AkBankSourceData","","148095223","148095223","16130","SoundInitialValues","True","148095223.wem","27863"
"16132","AkMediaInformation","","148095223","148095223","16131","AkBankSourceData","True","148095223.wem","27863"
"16144","CAkSound","","884181245","884181245","109","HircChunk","True","884181245.wem","30384"
"16145","SoundInitialValues","","884181245","884181245","16144","CAkSound","True","884181245.wem","30384"
"16146","AkBankSourceData","","884181245","884181245","16145","SoundInitialValues","True","884181245.wem","30384"
"16147","AkMediaInformation","","884181245","884181245","16146","AkBankSourceData","True","884181245.wem","30384"
"16159","CAkSound","","323978565","323978565","109","HircChunk","True","323978565.wem","16453"
"16160","SoundInitialValues","","323978565","323978565","16159","CAkSound","True","323978565.wem","16453"
"16161","AkBankSourceData","","323978565","323978565","16160","SoundInitialValues","True","323978565.wem","16453"
"16162","AkMediaInformation","","323978565","323978565","16161","AkBankSourceData","True","323978565.wem","16453"
"16174","CAkSound","","883984475","883984475","109","HircChunk","True","883984475.wem","82792"
"16175","SoundInitialValues","","883984475","883984475","16174","CAkSound","True","883984475.wem","82792"
"16176","AkBankSourceData","","883984475","883984475","16175","SoundInitialValues","True","883984475.wem","82792"
"16177","AkMediaInformation","","883984475","883984475","16176","AkBankSourceData","True","883984475.wem","82792"
"16189","CAkSound","","243616231","243616231","109","HircChunk","True","243616231.wem","48792"
"16190","SoundInitialValues","","243616231","243616231","16189","CAkSound","True","243616231.wem","48792"
"16191","AkBankSourceData","","243616231","243616231","16190","SoundInitialValues","True","243616231.wem","48792"
"16192","AkMediaInformation","","243616231","243616231","16191","AkBankSourceData","True","243616231.wem","48792"
"16204","CAkSound","","351957581","351957581","109","HircChunk","True","351957581.wem","59908"
"16205","SoundInitialValues","","351957581","351957581","16204","CAkSound","True","351957581.wem","59908"
"16206","AkBankSourceData","","351957581","351957581","16205","SoundInitialValues","True","351957581.wem","59908"
"16207","AkMediaInformation","","351957581","351957581","16206","AkBankSourceData","True","351957581.wem","59908"
"16219","CAkSound","","31508959","31508959","109","HircChunk","True","31508959.wem","57344"
"16220","SoundInitialValues","","31508959","31508959","16219","CAkSound","True","31508959.wem","57344"
"16221","AkBankSourceData","","31508959","31508959","16220","SoundInitialValues","True","31508959.wem","57344"
"16222","AkMediaInformation","","31508959","31508959","16221","AkBankSourceData","True","31508959.wem","57344"
"16234","CAkSound","","123921731","123921731","109","HircChunk","True","123921731.wem","36706"
"16235","SoundInitialValues","","123921731","123921731","16234","CAkSound","True","123921731.wem","36706"
"16236","AkBankSourceData","","123921731","123921731","16235","SoundInitialValues","True","123921731.wem","36706"
"16237","AkMediaInformation","","123921731","123921731","16236","AkBankSourceData","True","123921731.wem","36706"
"16249","CAkSound","","646898170","646898170","109","HircChunk","True","646898170.wem","37519"
"16250","SoundInitialValues","","646898170","646898170","16249","CAkSound","True","646898170.wem","37519"
"16251","AkBankSourceData","","646898170","646898170","16250","SoundInitialValues","True","646898170.wem","37519"
"16252","AkMediaInformation","","646898170","646898170","16251","AkBankSourceData","True","646898170.wem","37519"
"16264","CAkSound","","1026098211","1026098211","109","HircChunk","True","1026098211.wem","29246"
"16265","SoundInitialValues","","1026098211","1026098211","16264","CAkSound","True","1026098211.wem","29246"
"16266","AkBankSourceData","","1026098211","1026098211","16265","SoundInitialValues","True","1026098211.wem","29246"
"16267","AkMediaInformation","","1026098211","1026098211","16266","AkBankSourceData","True","1026098211.wem","29246"
"16279","CAkSound","","876965456","876965456","109","HircChunk","True","876965456.wem","36037"
"16280","SoundInitialValues","","876965456","876965456","16279","CAkSound","True","876965456.wem","36037"
"16281","AkBankSourceData","","876965456","876965456","16280","SoundInitialValues","True","876965456.wem","36037"
"16282","AkMediaInformation","","876965456","876965456","16281","AkBankSourceData","True","876965456.wem","36037"
"16294","CAkSound","","495882292","495882292","109","HircChunk","True","495882292.wem","14659"
"16295","SoundInitialValues","","495882292","495882292","16294","CAkSound","True","495882292.wem","14659"
"16296","AkBankSourceData","","495882292","495882292","16295","SoundInitialValues","True","495882292.wem","14659"
"16297","AkMediaInformation","","495882292","495882292","16296","AkBankSourceData","True","495882292.wem","14659"
"16309","CAkSound","","1068184009","1068184009","109","HircChunk","True","1068184009.wem","19857"
"16310","SoundInitialValues","","1068184009","1068184009","16309","CAkSound","True","1068184009.wem","19857"
"16311","AkBankSourceData","","1068184009","1068184009","16310","SoundInitialValues","True","1068184009.wem","19857"
"16312","AkMediaInformation","","1068184009","1068184009","16311","AkBankSourceData","True","1068184009.wem","19857"
"16324","CAkSound","","196991802","196991802","109","HircChunk","True","196991802.wem","30074"
"16325","SoundInitialValues","","196991802","196991802","16324","CAkSound","True","196991802.wem","30074"
"16326","AkBankSourceData","","196991802","196991802","16325","SoundInitialValues","True","196991802.wem","30074"
"16327","AkMediaInformation","","196991802","196991802","16326","AkBankSourceData","True","196991802.wem","30074"
"16339","CAkSound","","430911117","430911117","109","HircChunk","True","430911117.wem","20566"
"16340","SoundInitialValues","","430911117","430911117","16339","CAkSound","True","430911117.wem","20566"
"16341","AkBankSourceData","","430911117","430911117","16340","SoundInitialValues","True","430911117.wem","20566"
"16342","AkMediaInformation","","430911117","430911117","16341","AkBankSourceData","True","430911117.wem","20566"
"16354","CAkSound","","199511651","199511651","109","HircChunk","True","199511651.wem","21826"
"16355","SoundInitialValues","","199511651","199511651","16354","CAkSound","True","199511651.wem","21826"
"16356","AkBankSourceData","","199511651","199511651","16355","SoundInitialValues","True","199511651.wem","21826"
"16357","AkMediaInformation","","199511651","199511651","16356","AkBankSourceData","True","199511651.wem","21826"
"16369","CAkSound","","647714753","647714753","109","HircChunk","True","647714753.wem","58276"
"16370","SoundInitialValues","","647714753","647714753","16369","CAkSound","True","647714753.wem","58276"
"16371","AkBankSourceData","","647714753","647714753","16370","SoundInitialValues","True","647714753.wem","58276"
"16372","AkMediaInformation","","647714753","647714753","16371","AkBankSourceData","True","647714753.wem","58276"
"16384","CAkSound","","910243833","910243833","109","HircChunk","True","910243833.wem","28288"
"16385","SoundInitialValues","","910243833","910243833","16384","CAkSound","True","910243833.wem","28288"
"16386","AkBankSourceData","","910243833","910243833","16385","SoundInitialValues","True","910243833.wem","28288"
"16387","AkMediaInformation","","910243833","910243833","16386","AkBankSourceData","True","910243833.wem","28288"
"16399","CAkSound","","481223653","481223653","109","HircChunk","True","481223653.wem","29032"
"16400","SoundInitialValues","","481223653","481223653","16399","CAkSound","True","481223653.wem","29032"
"16401","AkBankSourceData","","481223653","481223653","16400","SoundInitialValues","True","481223653.wem","29032"
"16402","AkMediaInformation","","481223653","481223653","16401","AkBankSourceData","True","481223653.wem","29032"
"16414","CAkSound","","41098152","41098152","109","HircChunk","True","41098152.wem","59642"
"16415","SoundInitialValues","","41098152","41098152","16414","CAkSound","True","41098152.wem","59642"
"16416","AkBankSourceData","","41098152","41098152","16415","SoundInitialValues","True","41098152.wem","59642"
"16417","AkMediaInformation","","41098152","41098152","16416","AkBankSourceData","True","41098152.wem","59642"
"16429","CAkSound","","162530994","162530994","109","HircChunk","True","162530994.wem","34850"
"16430","SoundInitialValues","","162530994","162530994","16429","CAkSound","True","162530994.wem","34850"
"16431","AkBankSourceData","","162530994","162530994","16430","SoundInitialValues","True","162530994.wem","34850"
"16432","AkMediaInformation","","162530994","162530994","16431","AkBankSourceData","True","162530994.wem","34850"
"16444","CAkSound","","715683777","715683777","109","HircChunk","True","715683777.wem","21679"
"16445","SoundInitialValues","","715683777","715683777","16444","CAkSound","True","715683777.wem","21679"
"16446","AkBankSourceData","","715683777","715683777","16445","SoundInitialValues","True","715683777.wem","21679"
"16447","AkMediaInformation","","715683777","715683777","16446","AkBankSourceData","True","715683777.wem","21679"
"16459","CAkSound","","666889927","666889927","109","HircChunk","True","666889927.wem","31492"
"16460","SoundInitialValues","","666889927","666889927","16459","CAkSound","True","666889927.wem","31492"
"16461","AkBankSourceData","","666889927","666889927","16460","SoundInitialValues","True","666889927.wem","31492"
"16462","AkMediaInformation","","666889927","666889927","16461","AkBankSourceData","True","666889927.wem","31492"
"16474","CAkSound","","681387595","681387595","109","HircChunk","True","681387595.wem","45444"
"16475","SoundInitialValues","","681387595","681387595","16474","CAkSound","True","681387595.wem","45444"
"16476","AkBankSourceData","","681387595","681387595","16475","SoundInitialValues","True","681387595.wem","45444"
"16477","AkMediaInformation","","681387595","681387595","16476","AkBankSourceData","True","681387595.wem","45444"
"16489","CAkSound","","564398809","564398809","109","HircChunk","True","564398809.wem","33926"
"16490","SoundInitialValues","","564398809","564398809","16489","CAkSound","True","564398809.wem","33926"
"16491","AkBankSourceData","","564398809","564398809","16490","SoundInitialValues","True","564398809.wem","33926"
"16492","AkMediaInformation","","564398809","564398809","16491","AkBankSourceData","True","564398809.wem","33926"
"16504","CAkSound","","513712278","513712278","109","HircChunk","True","513712278.wem","32419"
"16505","SoundInitialValues","","513712278","513712278","16504","CAkSound","True","513712278.wem","32419"
"16506","AkBankSourceData","","513712278","513712278","16505","SoundInitialValues","True","513712278.wem","32419"
"16507","AkMediaInformation","","513712278","513712278","16506","AkBankSourceData","True","513712278.wem","32419"
"16519","CAkSound","","709111517","709111517","109","HircChunk","True","709111517.wem","13678"
"16520","SoundInitialValues","","709111517","709111517","16519","CAkSound","True","709111517.wem","13678"
"16521","AkBankSourceData","","709111517","709111517","16520","SoundInitialValues","True","709111517.wem","13678"
"16522","AkMediaInformation","","709111517","709111517","16521","AkBankSourceData","True","709111517.wem","13678"
"16534","CAkSound","","802413119","802413119","109","HircChunk","True","802413119.wem","73699"
"16535","SoundInitialValues","","802413119","802413119","16534","CAkSound","True","802413119.wem","73699"
"16536","AkBankSourceData","","802413119","802413119","16535","SoundInitialValues","True","802413119.wem","73699"
"16537","AkMediaInformation","","802413119","802413119","16536","AkBankSourceData","True","802413119.wem","73699"
"16549","CAkSound","","1018412350","1018412350","109","HircChunk","True","1018412350.wem","48672"
"16550","SoundInitialValues","","1018412350","1018412350","16549","CAkSound","True","1018412350.wem","48672"
"16551","AkBankSourceData","","1018412350","1018412350","16550","SoundInitialValues","True","1018412350.wem","48672"
"16552","AkMediaInformation","","1018412350","1018412350","16551","AkBankSourceData","True","1018412350.wem","48672"
"16564","CAkSound","","184647666","184647666","109","HircChunk","True","184647666.wem","23780"
"16565","SoundInitialValues","","184647666","184647666","16564","CAkSound","True","184647666.wem","23780"
"16566","AkBankSourceData","","184647666","184647666","16565","SoundInitialValues","True","184647666.wem","23780"
"16567","AkMediaInformation","","184647666","184647666","16566","AkBankSourceData","True","184647666.wem","23780"
"16579","CAkSound","","196366528","196366528","109","HircChunk","True","196366528.wem","22243"
"16580","SoundInitialValues","","196366528","196366528","16579","CAkSound","True","196366528.wem","22243"
"16581","AkBankSourceData","","196366528","196366528","16580","SoundInitialValues","True","196366528.wem","22243"
"16582","AkMediaInformation","","196366528","196366528","16581","AkBankSourceData","True","196366528.wem","22243"
"16594","CAkSound","","473254968","473254968","109","HircChunk","True","473254968.wem","47359"
"16595","SoundInitialValues","","473254968","473254968","16594","CAkSound","True","473254968.wem","47359"
"16596","AkBankSourceData","","473254968","473254968","16595","SoundInitialValues","True","473254968.wem","47359"
"16597","AkMediaInformation","","473254968","473254968","16596","AkBankSourceData","True","473254968.wem","47359"
"16609","CAkSound","","545688649","545688649","109","HircChunk","True","545688649.wem","31338"
"16610","SoundInitialValues","","545688649","545688649","16609","CAkSound","True","545688649.wem","31338"
"16611","AkBankSourceData","","545688649","545688649","16610","SoundInitialValues","True","545688649.wem","31338"
"16612","AkMediaInformation","","545688649","545688649","16611","AkBankSourceData","True","545688649.wem","31338"
"16624","CAkSound","","433983910","433983910","109","HircChunk","True","433983910.wem","18501"
"16625","SoundInitialValues","","433983910","433983910","16624","CAkSound","True","433983910.wem","18501"
"16626","AkBankSourceData","","433983910","433983910","16625","SoundInitialValues","True","433983910.wem","18501"
"16627","AkMediaInformation","","433983910","433983910","16626","AkBankSourceData","True","433983910.wem","18501"
"16639","CAkSound","","789342652","789342652","109","HircChunk","True","789342652.wem","17495"
"16640","SoundInitialValues","","789342652","789342652","16639","CAkSound","True","789342652.wem","17495"
"16641","AkBankSourceData","","789342652","789342652","16640","SoundInitialValues","True","789342652.wem","17495"
"16642","AkMediaInformation","","789342652","789342652","16641","AkBankSourceData","True","789342652.wem","17495"
"16654","CAkSound","","890121176","890121176","109","HircChunk","True","890121176.wem","36055"
"16655","SoundInitialValues","","890121176","890121176","16654","CAkSound","True","890121176.wem","36055"
"16656","AkBankSourceData","","890121176","890121176","16655","SoundInitialValues","True","890121176.wem","36055"
"16657","AkMediaInformation","","890121176","890121176","16656","AkBankSourceData","True","890121176.wem","36055"
"16669","CAkSound","","394444490","394444490","109","HircChunk","True","394444490.wem","26214"
"16670","SoundInitialValues","","394444490","394444490","16669","CAkSound","True","394444490.wem","26214"
"16671","AkBankSourceData","","394444490","394444490","16670","SoundInitialValues","True","394444490.wem","26214"
"16672","AkMediaInformation","","394444490","394444490","16671","AkBankSourceData","True","394444490.wem","26214"
"16684","CAkSound","","979544947","979544947","109","HircChunk","True","979544947.wem","23224"
"16685","SoundInitialValues","","979544947","979544947","16684","CAkSound","True","979544947.wem","23224"
"16686","AkBankSourceData","","979544947","979544947","16685","SoundInitialValues","True","979544947.wem","23224"
"16687","AkMediaInformation","","979544947","979544947","16686","AkBankSourceData","True","979544947.wem","23224"
"16699","CAkSound","","702379328","702379328","109","HircChunk","True","702379328.wem","52629"
"16700","SoundInitialValues","","702379328","702379328","16699","CAkSound","True","702379328.wem","52629"
"16701","AkBankSourceData","","702379328","702379328","16700","SoundInitialValues","True","702379328.wem","52629"
"16702","AkMediaInformation","","702379328","702379328","16701","AkBankSourceData","True","702379328.wem","52629"
"16714","CAkSound","","38896854","38896854","109","HircChunk","True","38896854.wem","37698"
"16715","SoundInitialValues","","38896854","38896854","16714","CAkSound","True","38896854.wem","37698"
"16716","AkBankSourceData","","38896854","38896854","16715","SoundInitialValues","True","38896854.wem","37698"
"16717","AkMediaInformation","","38896854","38896854","16716","AkBankSourceData","True","38896854.wem","37698"
"16729","CAkSound","","338807096","338807096","109","HircChunk","True","338807096.wem","30389"
"16730","SoundInitialValues","","338807096","338807096","16729","CAkSound","True","338807096.wem","30389"
"16731","AkBankSourceData","","338807096","338807096","16730","SoundInitialValues","True","338807096.wem","30389"
"16732","AkMediaInformation","","338807096","338807096","16731","AkBankSourceData","True","338807096.wem","30389"
"16744","CAkSound","","643050642","643050642","109","HircChunk","True","643050642.wem","59715"
"16745","SoundInitialValues","","643050642","643050642","16744","CAkSound","True","643050642.wem","59715"
"16746","AkBankSourceData","","643050642","643050642","16745","SoundInitialValues","True","643050642.wem","59715"
"16747","AkMediaInformation","","643050642","643050642","16746","AkBankSourceData","True","643050642.wem","59715"
"16759","CAkSound","","635449659","635449659","109","HircChunk","True","635449659.wem","12610"
"16760","SoundInitialValues","","635449659","635449659","16759","CAkSound","True","635449659.wem","12610"
"16761","AkBankSourceData","","635449659","635449659","16760","SoundInitialValues","True","635449659.wem","12610"
"16762","AkMediaInformation","","635449659","635449659","16761","AkBankSourceData","True","635449659.wem","12610"
"16774","CAkSound","","878170847","878170847","109","HircChunk","True","878170847.wem","98381"
"16775","SoundInitialValues","","878170847","878170847","16774","CAkSound","True","878170847.wem","98381"
"16776","AkBankSourceData","","878170847","878170847","16775","SoundInitialValues","True","878170847.wem","98381"
"16777","AkMediaInformation","","878170847","878170847","16776","AkBankSourceData","True","878170847.wem","98381"
"16789","CAkSound","","137581498","137581498","109","HircChunk","True","137581498.wem","44129"
"16790","SoundInitialValues","","137581498","137581498","16789","CAkSound","True","137581498.wem","44129"
"16791","AkBankSourceData","","137581498","137581498","16790","SoundInitialValues","True","137581498.wem","44129"
"16792","AkMediaInformation","","137581498","137581498","16791","AkBankSourceData","True","137581498.wem","44129"
"16804","CAkSound","","42374114","42374114","109","HircChunk","True","42374114.wem","15728"
"16805","SoundInitialValues","","42374114","42374114","16804","CAkSound","True","42374114.wem","15728"
"16806","AkBankSourceData","","42374114","42374114","16805","SoundInitialValues","True","42374114.wem","15728"
"16807","AkMediaInformation","","42374114","42374114","16806","AkBankSourceData","True","42374114.wem","15728"
"16819","CAkSound","","181324910","181324910","109","HircChunk","True","181324910.wem","30273"
"16820","SoundInitialValues","","181324910","181324910","16819","CAkSound","True","181324910.wem","30273"
"16821","AkBankSourceData","","181324910","181324910","16820","SoundInitialValues","True","181324910.wem","30273"
"16822","AkMediaInformation","","181324910","181324910","16821","AkBankSourceData","True","181324910.wem","30273"
"16834","CAkSound","","723844794","723844794","109","HircChunk","True","723844794.wem","12362"
"16835","SoundInitialValues","","723844794","723844794","16834","CAkSound","True","723844794.wem","12362"
"16836","AkBankSourceData","","723844794","723844794","16835","SoundInitialValues","True","723844794.wem","12362"
"16837","AkMediaInformation","","723844794","723844794","16836","AkBankSourceData","True","723844794.wem","12362"
"16849","CAkSound","","803570338","803570338","109","HircChunk","True","803570338.wem","28140"
"16850","SoundInitialValues","","803570338","803570338","16849","CAkSound","True","803570338.wem","28140"
"16851","AkBankSourceData","","803570338","803570338","16850","SoundInitialValues","True","803570338.wem","28140"
"16852","AkMediaInformation","","803570338","803570338","16851","AkBankSourceData","True","803570338.wem","28140"
"16864","CAkSound","","1069707836","1069707836","109","HircChunk","True","1069707836.wem","51253"
"16865","SoundInitialValues","","1069707836","1069707836","16864","CAkSound","True","1069707836.wem","51253"
"16866","AkBankSourceData","","1069707836","1069707836","16865","SoundInitialValues","True","1069707836.wem","51253"
"16867","AkMediaInformation","","1069707836","1069707836","16866","AkBankSourceData","True","1069707836.wem","51253"
"16879","CAkSound","","289770978","289770978","109","HircChunk","True","289770978.wem","23033"
"16880","SoundInitialValues","","289770978","289770978","16879","CAkSound","True","289770978.wem","23033"
"16881","AkBankSourceData","","289770978","289770978","16880","SoundInitialValues","True","289770978.wem","23033"
"16882","AkMediaInformation","","289770978","289770978","16881","AkBankSourceData","True","289770978.wem","23033"
"16894","CAkSound","","471866784","471866784","109","HircChunk","True","471866784.wem","8143"
"16895","SoundInitialValues","","471866784","471866784","16894","CAkSound","True","471866784.wem","8143"
"16896","AkBankSourceData","","471866784","471866784","16895","SoundInitialValues","True","471866784.wem","8143"
"16897","AkMediaInformation","","471866784","471866784","16896","AkBankSourceData","True","471866784.wem","8143"
"16909","CAkSound","","541461070","541461070","109","HircChunk","True","541461070.wem","8354"
"16910","SoundInitialValues","","541461070","541461070","16909","CAkSound","True","541461070.wem","8354"
"16911","AkBankSourceData","","541461070","541461070","16910","SoundInitialValues","True","541461070.wem","8354"
"16912","AkMediaInformation","","541461070","541461070","16911","AkBankSourceData","True","541461070.wem","8354"
"16924","CAkSound","","344949174","344949174","109","HircChunk","True","344949174.wem","25189"
"16925","SoundInitialValues","","344949174","344949174","16924","CAkSound","True","344949174.wem","25189"
"16926","AkBankSourceData","","344949174","344949174","16925","SoundInitialValues","True","344949174.wem","25189"
"16927","AkMediaInformation","","344949174","344949174","16926","AkBankSourceData","True","344949174.wem","25189"
"16939","CAkSound","","799928963","799928963","109","HircChunk","True","799928963.wem","82032"
"16940","SoundInitialValues","","799928963","799928963","16939","CAkSound","True","799928963.wem","82032"
"16941","AkBankSourceData","","799928963","799928963","16940","SoundInitialValues","True","799928963.wem","82032"
"16942","AkMediaInformation","","799928963","799928963","16941","AkBankSourceData","True","799928963.wem","82032"
"16954","CAkSound","","854370586","854370586","109","HircChunk","True","854370586.wem","29974"
"16955","SoundInitialValues","","854370586","854370586","16954","CAkSound","True","854370586.wem","29974"
"16956","AkBankSourceData","","854370586","854370586","16955","SoundInitialValues","True","854370586.wem","29974"
"16957","AkMediaInformation","","854370586","854370586","16956","AkBankSourceData","True","854370586.wem","29974"
"16969","CAkSound","","377506577","377506577","109","HircChunk","True","377506577.wem","26844"
"16970","SoundInitialValues","","377506577","377506577","16969","CAkSound","True","377506577.wem","26844"
"16971","AkBankSourceData","","377506577","377506577","16970","SoundInitialValues","True","377506577.wem","26844"
"16972","AkMediaInformation","","377506577","377506577","16971","AkBankSourceData","True","377506577.wem","26844"
"16984","CAkSound","","903880128","903880128","109","HircChunk","True","903880128.wem","31162"
"16985","SoundInitialValues","","903880128","903880128","16984","CAkSound","True","903880128.wem","31162"
"16986","AkBankSourceData","","903880128","903880128","16985","SoundInitialValues","True","903880128.wem","31162"
"16987","AkMediaInformation","","903880128","903880128","16986","AkBankSourceData","True","903880128.wem","31162"
"16999","CAkSound","","800692050","800692050","109","HircChunk","True","800692050.wem","78047"
"17000","SoundInitialValues","","800692050","800692050","16999","CAkSound","True","800692050.wem","78047"
"17001","AkBankSourceData","","800692050","800692050","17000","SoundInitialValues","True","800692050.wem","78047"
"17002","AkMediaInformation","","800692050","800692050","17001","AkBankSourceData","True","800692050.wem","78047"
"17014","CAkSound","","300465557","300465557","109","HircChunk","True","300465557.wem","18028"
"17015","SoundInitialValues","","300465557","300465557","17014","CAkSound","True","300465557.wem","18028"
"17016","AkBankSourceData","","300465557","300465557","17015","SoundInitialValues","True","300465557.wem","18028"
"17017","AkMediaInformation","","300465557","300465557","17016","AkBankSourceData","True","300465557.wem","18028"
"17029","CAkSound","","743117923","743117923","109","HircChunk","True","743117923.wem","20599"
"17030","SoundInitialValues","","743117923","743117923","17029","CAkSound","True","743117923.wem","20599"
"17031","AkBankSourceData","","743117923","743117923","17030","SoundInitialValues","True","743117923.wem","20599"
"17032","AkMediaInformation","","743117923","743117923","17031","AkBankSourceData","True","743117923.wem","20599"
"17044","CAkSound","","831440145","831440145","109","HircChunk","True","831440145.wem","7464"
"17045","SoundInitialValues","","831440145","831440145","17044","CAkSound","True","831440145.wem","7464"
"17046","AkBankSourceData","","831440145","831440145","17045","SoundInitialValues","True","831440145.wem","7464"
"17047","AkMediaInformation","","831440145","831440145","17046","AkBankSourceData","True","831440145.wem","7464"
"17059","CAkSound","","882258407","882258407","109","HircChunk","True","882258407.wem","32932"
"17060","SoundInitialValues","","882258407","882258407","17059","CAkSound","True","882258407.wem","32932"
"17061","AkBankSourceData","","882258407","882258407","17060","SoundInitialValues","True","882258407.wem","32932"
"17062","AkMediaInformation","","882258407","882258407","17061","AkBankSourceData","True","882258407.wem","32932"
"17074","CAkSound","","264429072","264429072","109","HircChunk","True","264429072.wem","41659"
"17075","SoundInitialValues","","264429072","264429072","17074","CAkSound","True","264429072.wem","41659"
"17076","AkBankSourceData","","264429072","264429072","17075","SoundInitialValues","True","264429072.wem","41659"
"17077","AkMediaInformation","","264429072","264429072","17076","AkBankSourceData","True","264429072.wem","41659"
"17089","CAkSound","","800015293","800015293","109","HircChunk","True","800015293.wem","82528"
"17090","SoundInitialValues","","800015293","800015293","17089","CAkSound","True","800015293.wem","82528"
"17091","AkBankSourceData","","800015293","800015293","17090","SoundInitialValues","True","800015293.wem","82528"
"17092","AkMediaInformation","","800015293","800015293","17091","AkBankSourceData","True","800015293.wem","82528"
"17104","CAkSound","","493670512","493670512","109","HircChunk","True","493670512.wem","82540"
"17105","SoundInitialValues","","493670512","493670512","17104","CAkSound","True","493670512.wem","82540"
"17106","AkBankSourceData","","493670512","493670512","17105","SoundInitialValues","True","493670512.wem","82540"
"17107","AkMediaInformation","","493670512","493670512","17106","AkBankSourceData","True","493670512.wem","82540"
"17119","CAkSound","","738409400","738409400","109","HircChunk","True","738409400.wem","23184"
"17120","SoundInitialValues","","738409400","738409400","17119","CAkSound","True","738409400.wem","23184"
"17121","AkBankSourceData","","738409400","738409400","17120","SoundInitialValues","True","738409400.wem","23184"
"17122","AkMediaInformation","","738409400","738409400","17121","AkBankSourceData","True","738409400.wem","23184"
"17134","CAkSound","","499650297","499650297","109","HircChunk","True","499650297.wem","26805"
"17135","SoundInitialValues","","499650297","499650297","17134","CAkSound","True","499650297.wem","26805"
"17136","AkBankSourceData","","499650297","499650297","17135","SoundInitialValues","True","499650297.wem","26805"
"17137","AkMediaInformation","","499650297","499650297","17136","AkBankSourceData","True","499650297.wem","26805"
"17149","CAkSound","","191772834","191772834","109","HircChunk","True","191772834.wem","32590"
"17150","SoundInitialValues","","191772834","191772834","17149","CAkSound","True","191772834.wem","32590"
"17151","AkBankSourceData","","191772834","191772834","17150","SoundInitialValues","True","191772834.wem","32590"
"17152","AkMediaInformation","","191772834","191772834","17151","AkBankSourceData","True","191772834.wem","32590"
"17164","CAkSound","","894548271","894548271","109","HircChunk","True","894548271.wem","28505"
"17165","SoundInitialValues","","894548271","894548271","17164","CAkSound","True","894548271.wem","28505"
"17166","AkBankSourceData","","894548271","894548271","17165","SoundInitialValues","True","894548271.wem","28505"
"17167","AkMediaInformation","","894548271","894548271","17166","AkBankSourceData","True","894548271.wem","28505"
"17179","CAkSound","","643106928","643106928","109","HircChunk","True","643106928.wem","39239"
"17180","SoundInitialValues","","643106928","643106928","17179","CAkSound","True","643106928.wem","39239"
"17181","AkBankSourceData","","643106928","643106928","17180","SoundInitialValues","True","643106928.wem","39239"
"17182","AkMediaInformation","","643106928","643106928","17181","AkBankSourceData","True","643106928.wem","39239"
"17194","CAkSound","","735720766","735720766","109","HircChunk","True","735720766.wem","49597"
"17195","SoundInitialValues","","735720766","735720766","17194","CAkSound","True","735720766.wem","49597"
"17196","AkBankSourceData","","735720766","735720766","17195","SoundInitialValues","True","735720766.wem","49597"
"17197","AkMediaInformation","","735720766","735720766","17196","AkBankSourceData","True","735720766.wem","49597"
"17209","CAkSound","","810336999","810336999","109","HircChunk","True","810336999.wem","35672"
"17210","SoundInitialValues","","810336999","810336999","17209","CAkSound","True","810336999.wem","35672"
"17211","AkBankSourceData","","810336999","810336999","17210","SoundInitialValues","True","810336999.wem","35672"
"17212","AkMediaInformation","","810336999","810336999","17211","AkBankSourceData","True","810336999.wem","35672"
"17224","CAkSound","","1040216574","1040216574","109","HircChunk","True","1040216574.wem","47721"
"17225","SoundInitialValues","","1040216574","1040216574","17224","CAkSound","True","1040216574.wem","47721"
"17226","AkBankSourceData","","1040216574","1040216574","17225","SoundInitialValues","True","1040216574.wem","47721"
"17227","AkMediaInformation","","1040216574","1040216574","17226","AkBankSourceData","True","1040216574.wem","47721"
"17239","CAkSound","","206482288","206482288","109","HircChunk","True","206482288.wem","34296"
"17240","SoundInitialValues","","206482288","206482288","17239","CAkSound","True","206482288.wem","34296"
"17241","AkBankSourceData","","206482288","206482288","17240","SoundInitialValues","True","206482288.wem","34296"
"17242","AkMediaInformation","","206482288","206482288","17241","AkBankSourceData","True","206482288.wem","34296"
"17254","CAkSound","","668525710","668525710","109","HircChunk","True","668525710.wem","61019"
"17255","SoundInitialValues","","668525710","668525710","17254","CAkSound","True","668525710.wem","61019"
"17256","AkBankSourceData","","668525710","668525710","17255","SoundInitialValues","True","668525710.wem","61019"
"17257","AkMediaInformation","","668525710","668525710","17256","AkBankSourceData","True","668525710.wem","61019"
"17269","CAkSound","","231591266","231591266","109","HircChunk","True","231591266.wem","23452"
"17270","SoundInitialValues","","231591266","231591266","17269","CAkSound","True","231591266.wem","23452"
"17271","AkBankSourceData","","231591266","231591266","17270","SoundInitialValues","True","231591266.wem","23452"
"17272","AkMediaInformation","","231591266","231591266","17271","AkBankSourceData","True","231591266.wem","23452"
"17284","CAkSound","","324163942","324163942","109","HircChunk","True","324163942.wem","90254"
"17285","SoundInitialValues","","324163942","324163942","17284","CAkSound","True","324163942.wem","90254"
"17286","AkBankSourceData","","324163942","324163942","17285","SoundInitialValues","True","324163942.wem","90254"
"17287","AkMediaInformation","","324163942","324163942","17286","AkBankSourceData","True","324163942.wem","90254"
"17299","CAkSound","","35991868","35991868","109","HircChunk","True","35991868.wem","19459"
"17300","SoundInitialValues","","35991868","35991868","17299","CAkSound","True","35991868.wem","19459"
"17301","AkBankSourceData","","35991868","35991868","17300","SoundInitialValues","True","35991868.wem","19459"
"17302","AkMediaInformation","","35991868","35991868","17301","AkBankSourceData","True","35991868.wem","19459"
"17314","CAkSound","","1048949208","1048949208","109","HircChunk","True","1048949208.wem","10265"
"17315","SoundInitialValues","","1048949208","1048949208","17314","CAkSound","True","1048949208.wem","10265"
"17316","AkBankSourceData","","1048949208","1048949208","17315","SoundInitialValues","True","1048949208.wem","10265"
"17317","AkMediaInformation","","1048949208","1048949208","17316","AkBankSourceData","True","1048949208.wem","10265"
"17329","CAkSound","","281326780","281326780","109","HircChunk","True","281326780.wem","92552"
"17330","SoundInitialValues","","281326780","281326780","17329","CAkSound","True","281326780.wem","92552"
"17331","AkBankSourceData","","281326780","281326780","17330","SoundInitialValues","True","281326780.wem","92552"
"17332","AkMediaInformation","","281326780","281326780","17331","AkBankSourceData","True","281326780.wem","92552"
"17344","CAkSound","","1024311381","1024311381","109","HircChunk","True","1024311381.wem","24808"
"17345","SoundInitialValues","","1024311381","1024311381","17344","CAkSound","True","1024311381.wem","24808"
"17346","AkBankSourceData","","1024311381","1024311381","17345","SoundInitialValues","True","1024311381.wem","24808"
"17347","AkMediaInformation","","1024311381","1024311381","17346","AkBankSourceData","True","1024311381.wem","24808"
"17359","CAkSound","","120129487","120129487","109","HircChunk","True","120129487.wem","36554"
"17360","SoundInitialValues","","120129487","120129487","17359","CAkSound","True","120129487.wem","36554"
"17361","AkBankSourceData","","120129487","120129487","17360","SoundInitialValues","True","120129487.wem","36554"
"17362","AkMediaInformation","","120129487","120129487","17361","AkBankSourceData","True","120129487.wem","36554"
"17374","CAkSound","","126944838","126944838","109","HircChunk","True","126944838.wem","52613"
"17375","SoundInitialValues","","126944838","126944838","17374","CAkSound","True","126944838.wem","52613"
"17376","AkBankSourceData","","126944838","126944838","17375","SoundInitialValues","True","126944838.wem","52613"
"17377","AkMediaInformation","","126944838","126944838","17376","AkBankSourceData","True","126944838.wem","52613"
"17389","CAkSound","","1052971964","1052971964","109","HircChunk","True","1052971964.wem","22501"
"17390","SoundInitialValues","","1052971964","1052971964","17389","CAkSound","True","1052971964.wem","22501"
"17391","AkBankSourceData","","1052971964","1052971964","17390","SoundInitialValues","True","1052971964.wem","22501"
"17392","AkMediaInformation","","1052971964","1052971964","17391","AkBankSourceData","True","1052971964.wem","22501"
"17404","CAkSound","","218774231","218774231","109","HircChunk","True","218774231.wem","59477"
"17405","SoundInitialValues","","218774231","218774231","17404","CAkSound","True","218774231.wem","59477"
"17406","AkBankSourceData","","218774231","218774231","17405","SoundInitialValues","True","218774231.wem","59477"
"17407","AkMediaInformation","","218774231","218774231","17406","AkBankSourceData","True","218774231.wem","59477"
"17419","CAkSound","","708939688","708939688","109","HircChunk","True","708939688.wem","30894"
"17420","SoundInitialValues","","708939688","708939688","17419","CAkSound","True","708939688.wem","30894"
"17421","AkBankSourceData","","708939688","708939688","17420","SoundInitialValues","True","708939688.wem","30894"
"17422","AkMediaInformation","","708939688","708939688","17421","AkBankSourceData","True","708939688.wem","30894"
"17434","CAkSound","","70106595","70106595","109","HircChunk","True","70106595.wem","45998"
"17435","SoundInitialValues","","70106595","70106595","17434","CAkSound","True","70106595.wem","45998"
"17436","AkBankSourceData","","70106595","70106595","17435","SoundInitialValues","True","70106595.wem","45998"
"17437","AkMediaInformation","","70106595","70106595","17436","AkBankSourceData","True","70106595.wem","45998"
"17449","CAkSound","","424842952","424842952","109","HircChunk","True","424842952.wem","88289"
"17450","SoundInitialValues","","424842952","424842952","17449","CAkSound","True","424842952.wem","88289"
"17451","AkBankSourceData","","424842952","424842952","17450","SoundInitialValues","True","424842952.wem","88289"
"17452","AkMediaInformation","","424842952","424842952","17451","AkBankSourceData","True","424842952.wem","88289"
"17464","CAkSound","","958401130","958401130","109","HircChunk","True","958401130.wem","17533"
"17465","SoundInitialValues","","958401130","958401130","17464","CAkSound","True","958401130.wem","17533"
"17466","AkBankSourceData","","958401130","958401130","17465","SoundInitialValues","True","958401130.wem","17533"
"17467","AkMediaInformation","","958401130","958401130","17466","AkBankSourceData","True","958401130.wem","17533"
"17479","CAkSound","","917921297","917921297","109","HircChunk","True","917921297.wem","12923"
"17480","SoundInitialValues","","917921297","917921297","17479","CAkSound","True","917921297.wem","12923"
"17481","AkBankSourceData","","917921297","917921297","17480","SoundInitialValues","True","917921297.wem","12923"
"17482","AkMediaInformation","","917921297","917921297","17481","AkBankSourceData","True","917921297.wem","12923"
"17494","CAkSound","","866777626","866777626","109","HircChunk","True","866777626.wem","39637"
"17495","SoundInitialValues","","866777626","866777626","17494","CAkSound","True","866777626.wem","39637"
"17496","AkBankSourceData","","866777626","866777626","17495","SoundInitialValues","True","866777626.wem","39637"
"17497","AkMediaInformation","","866777626","866777626","17496","AkBankSourceData","True","866777626.wem","39637"
"17509","CAkSound","","1028485157","1028485157","109","HircChunk","True","1028485157.wem","15054"
"17510","SoundInitialValues","","1028485157","1028485157","17509","CAkSound","True","1028485157.wem","15054"
"17511","AkBankSourceData","","1028485157","1028485157","17510","SoundInitialValues","True","1028485157.wem","15054"
"17512","AkMediaInformation","","1028485157","1028485157","17511","AkBankSourceData","True","1028485157.wem","15054"
"17524","CAkSound","","1011898081","1011898081","109","HircChunk","True","1011898081.wem","101730"
"17525","SoundInitialValues","","1011898081","1011898081","17524","CAkSound","True","1011898081.wem","101730"
"17526","AkBankSourceData","","1011898081","1011898081","17525","SoundInitialValues","True","1011898081.wem","101730"
"17527","AkMediaInformation","","1011898081","1011898081","17526","AkBankSourceData","True","1011898081.wem","101730"
"17539","CAkSound","","327111786","327111786","109","HircChunk","True","327111786.wem","23755"
"17540","SoundInitialValues","","327111786","327111786","17539","CAkSound","True","327111786.wem","23755"
"17541","AkBankSourceData","","327111786","327111786","17540","SoundInitialValues","True","327111786.wem","23755"
"17542","AkMediaInformation","","327111786","327111786","17541","AkBankSourceData","True","327111786.wem","23755"
"17554","CAkSound","","962377788","962377788","109","HircChunk","True","962377788.wem","29797"
"17555","SoundInitialValues","","962377788","962377788","17554","CAkSound","True","962377788.wem","29797"
"17556","AkBankSourceData","","962377788","962377788","17555","SoundInitialValues","True","962377788.wem","29797"
"17557","AkMediaInformation","","962377788","962377788","17556","AkBankSourceData","True","962377788.wem","29797"
"17569","CAkSound","","1018719994","1018719994","109","HircChunk","True","1018719994.wem","12531"
"17570","SoundInitialValues","","1018719994","1018719994","17569","CAkSound","True","1018719994.wem","12531"
"17571","AkBankSourceData","","1018719994","1018719994","17570","SoundInitialValues","True","1018719994.wem","12531"
"17572","AkMediaInformation","","1018719994","1018719994","17571","AkBankSourceData","True","1018719994.wem","12531"
"17584","CAkSound","","204876013","204876013","109","HircChunk","True","204876013.wem","30315"
"17585","SoundInitialValues","","204876013","204876013","17584","CAkSound","True","204876013.wem","30315"
"17586","AkBankSourceData","","204876013","204876013","17585","SoundInitialValues","True","204876013.wem","30315"
"17587","AkMediaInformation","","204876013","204876013","17586","AkBankSourceData","True","204876013.wem","30315"
"17599","CAkSound","","286377453","286377453","109","HircChunk","True","286377453.wem","25617"
"17600","SoundInitialValues","","286377453","286377453","17599","CAkSound","True","286377453.wem","25617"
"17601","AkBankSourceData","","286377453","286377453","17600","SoundInitialValues","True","286377453.wem","25617"
"17602","AkMediaInformation","","286377453","286377453","17601","AkBankSourceData","True","286377453.wem","25617"
"17614","CAkSound","","775795699","775795699","109","HircChunk","True","775795699.wem","59819"
"17615","SoundInitialValues","","775795699","775795699","17614","CAkSound","True","775795699.wem","59819"
"17616","AkBankSourceData","","775795699","775795699","17615","SoundInitialValues","True","775795699.wem","59819"
"17617","AkMediaInformation","","775795699","775795699","17616","AkBankSourceData","True","775795699.wem","59819"
"17629","CAkSound","","623442379","623442379","109","HircChunk","True","623442379.wem","56017"
"17630","SoundInitialValues","","623442379","623442379","17629","CAkSound","True","623442379.wem","56017"
"17631","AkBankSourceData","","623442379","623442379","17630","SoundInitialValues","True","623442379.wem","56017"
"17632","AkMediaInformation","","623442379","623442379","17631","AkBankSourceData","True","623442379.wem","56017"
"17644","CAkSound","","722799325","722799325","109","HircChunk","True","722799325.wem","31468"
"17645","SoundInitialValues","","722799325","722799325","17644","CAkSound","True","722799325.wem","31468"
"17646","AkBankSourceData","","722799325","722799325","17645","SoundInitialValues","True","722799325.wem","31468"
"17647","AkMediaInformation","","722799325","722799325","17646","AkBankSourceData","True","722799325.wem","31468"
"17659","CAkSound","","45145384","45145384","109","HircChunk","True","45145384.wem","12606"
"17660","SoundInitialValues","","45145384","45145384","17659","CAkSound","True","45145384.wem","12606"
"17661","AkBankSourceData","","45145384","45145384","17660","SoundInitialValues","True","45145384.wem","12606"
"17662","AkMediaInformation","","45145384","45145384","17661","AkBankSourceData","True","45145384.wem","12606"
"17674","CAkSound","","446263000","446263000","109","HircChunk","True","446263000.wem","34873"
"17675","SoundInitialValues","","446263000","446263000","17674","CAkSound","True","446263000.wem","34873"
"17676","AkBankSourceData","","446263000","446263000","17675","SoundInitialValues","True","446263000.wem","34873"
"17677","AkMediaInformation","","446263000","446263000","17676","AkBankSourceData","True","446263000.wem","34873"
"17689","CAkSound","","536489072","536489072","109","HircChunk","True","536489072.wem","19969"
"17690","SoundInitialValues","","536489072","536489072","17689","CAkSound","True","536489072.wem","19969"
"17691","AkBankSourceData","","536489072","536489072","17690","SoundInitialValues","True","536489072.wem","19969"
"17692","AkMediaInformation","","536489072","536489072","17691","AkBankSourceData","True","536489072.wem","19969"
"17704","CAkSound","","964945468","964945468","109","HircChunk","True","964945468.wem","19690"
"17705","SoundInitialValues","","964945468","964945468","17704","CAkSound","True","964945468.wem","19690"
"17706","AkBankSourceData","","964945468","964945468","17705","SoundInitialValues","True","964945468.wem","19690"
"17707","AkMediaInformation","","964945468","964945468","17706","AkBankSourceData","True","964945468.wem","19690"
"17719","CAkSound","","914212892","914212892","109","HircChunk","True","914212892.wem","27954"
"17720","SoundInitialValues","","914212892","914212892","17719","CAkSound","True","914212892.wem","27954"
"17721","AkBankSourceData","","914212892","914212892","17720","SoundInitialValues","True","914212892.wem","27954"
"17722","AkMediaInformation","","914212892","914212892","17721","AkBankSourceData","True","914212892.wem","27954"
"17734","CAkSound","","607257319","607257319","109","HircChunk","True","607257319.wem","44209"
"17735","SoundInitialValues","","607257319","607257319","17734","CAkSound","True","607257319.wem","44209"
"17736","AkBankSourceData","","607257319","607257319","17735","SoundInitialValues","True","607257319.wem","44209"
"17737","AkMediaInformation","","607257319","607257319","17736","AkBankSourceData","True","607257319.wem","44209"
"17749","CAkSound","","183169828","183169828","109","HircChunk","True","183169828.wem","28818"
"17750","SoundInitialValues","","183169828","183169828","17749","CAkSound","True","183169828.wem","28818"
"17751","AkBankSourceData","","183169828","183169828","17750","SoundInitialValues","True","183169828.wem","28818"
"17752","AkMediaInformation","","183169828","183169828","17751","AkBankSourceData","True","183169828.wem","28818"
"17764","CAkSound","","184262414","184262414","109","HircChunk","True","184262414.wem","45174"
"17765","SoundInitialValues","","184262414","184262414","17764","CAkSound","True","184262414.wem","45174"
"17766","AkBankSourceData","","184262414","184262414","17765","SoundInitialValues","True","184262414.wem","45174"
"17767","AkMediaInformation","","184262414","184262414","17766","AkBankSourceData","True","184262414.wem","45174"
"17779","CAkSound","","242465059","242465059","109","HircChunk","True","242465059.wem","94192"
"17780","SoundInitialValues","","242465059","242465059","17779","CAkSound","True","242465059.wem","94192"
"17781","AkBankSourceData","","242465059","242465059","17780","SoundInitialValues","True","242465059.wem","94192"
"17782","AkMediaInformation","","242465059","242465059","17781","AkBankSourceData","True","242465059.wem","94192"
"17794","CAkSound","","291902255","291902255","109","HircChunk","True","291902255.wem","7339"
"17795","SoundInitialValues","","291902255","291902255","17794","CAkSound","True","291902255.wem","7339"
"17796","AkBankSourceData","","291902255","291902255","17795","SoundInitialValues","True","291902255.wem","7339"
"17797","AkMediaInformation","","291902255","291902255","17796","AkBankSourceData","True","291902255.wem","7339"
"17809","CAkSound","","393960277","393960277","109","HircChunk","True","393960277.wem","51130"
"17810","SoundInitialValues","","393960277","393960277","17809","CAkSound","True","393960277.wem","51130"
"17811","AkBankSourceData","","393960277","393960277","17810","SoundInitialValues","True","393960277.wem","51130"
"17812","AkMediaInformation","","393960277","393960277","17811","AkBankSourceData","True","393960277.wem","51130"
"17824","CAkSound","","125264452","125264452","109","HircChunk","True","125264452.wem","23081"
"17825","SoundInitialValues","","125264452","125264452","17824","CAkSound","True","125264452.wem","23081"
"17826","AkBankSourceData","","125264452","125264452","17825","SoundInitialValues","True","125264452.wem","23081"
"17827","AkMediaInformation","","125264452","125264452","17826","AkBankSourceData","True","125264452.wem","23081"
"17839","CAkSound","","75298720","75298720","109","HircChunk","True","75298720.wem","17840"
"17840","SoundInitialValues","","75298720","75298720","17839","CAkSound","True","75298720.wem","17840"
"17841","AkBankSourceData","","75298720","75298720","17840","SoundInitialValues","True","75298720.wem","17840"
"17842","AkMediaInformation","","75298720","75298720","17841","AkBankSourceData","True","75298720.wem","17840"
"17854","CAkSound","","871360798","871360798","109","HircChunk","True","871360798.wem","28470"
"17855","SoundInitialValues","","871360798","871360798","17854","CAkSound","True","871360798.wem","28470"
"17856","AkBankSourceData","","871360798","871360798","17855","SoundInitialValues","True","871360798.wem","28470"
"17857","AkMediaInformation","","871360798","871360798","17856","AkBankSourceData","True","871360798.wem","28470"
"17869","CAkSound","","822250269","822250269","109","HircChunk","True","822250269.wem","29332"
"17870","SoundInitialValues","","822250269","822250269","17869","CAkSound","True","822250269.wem","29332"
"17871","AkBankSourceData","","822250269","822250269","17870","SoundInitialValues","True","822250269.wem","29332"
"17872","AkMediaInformation","","822250269","822250269","17871","AkBankSourceData","True","822250269.wem","29332"
"17884","CAkSound","","797426814","797426814","109","HircChunk","True","797426814.wem","63498"
"17885","SoundInitialValues","","797426814","797426814","17884","CAkSound","True","797426814.wem","63498"
"17886","AkBankSourceData","","797426814","797426814","17885","SoundInitialValues","True","797426814.wem","63498"
"17887","AkMediaInformation","","797426814","797426814","17886","AkBankSourceData","True","797426814.wem","63498"
"17899","CAkSound","","638460096","638460096","109","HircChunk","True","638460096.wem","22801"
"17900","SoundInitialValues","","638460096","638460096","17899","CAkSound","True","638460096.wem","22801"
"17901","AkBankSourceData","","638460096","638460096","17900","SoundInitialValues","True","638460096.wem","22801"
"17902","AkMediaInformation","","638460096","638460096","17901","AkBankSourceData","True","638460096.wem","22801"
