"SourceID","UFileID","WEMFound","WEMFile","RelativePath","SizeBytes","StreamType","IsLanguageSpecific","HasSource","ExternallySupplied","ParentObject"
"1994541","1994541","True","1994541.wem","th4_000_common_vo\english(us)\1994541.wem","11063","1","","","","AkBankSourceData"
"2259156","2259156","True","2259156.wem","th4_000_common_vo\english(us)\2259156.wem","69591","1","","","","AkBankSourceData"
"2575341","2575341","True","2575341.wem","th4_000_common_vo\english(us)\2575341.wem","44809","1","","","","AkBankSourceData"
"3425580","3425580","True","3425580.wem","th4_000_common_vo\english(us)\3425580.wem","37246","2","","","","AkBankSourceData"
"4880661","4880661","True","4880661.wem","th4_000_common_vo\english(us)\4880661.wem","21878","1","","","","AkBankSourceData"
"6141113","6141113","True","6141113.wem","th4_000_common_vo\english(us)\6141113.wem","71985","1","","","","AkBankSourceData"
"6343934","6343934","True","6343934.wem","th4_000_common_vo\english(us)\6343934.wem","54356","1","","","","AkBankSourceData"
"6407439","6407439","True","6407439.wem","th4_000_common_vo\english(us)\6407439.wem","40517","1","","","","AkBankSourceData"
"7390073","7390073","True","7390073.wem","th4_000_common_vo\english(us)\7390073.wem","59265","1","","","","AkBankSourceData"
"8118526","8118526","True","8118526.wem","th4_000_common_vo\english(us)\8118526.wem","17626","1","","","","AkBankSourceData"
"9381084","9381084","True","9381084.wem","th4_000_common_vo\english(us)\9381084.wem","15903","1","","","","AkBankSourceData"
"11743198","11743198","True","11743198.wem","th4_000_common_vo\english(us)\11743198.wem","41060","1","","","","AkBankSourceData"
"11950871","11950871","True","11950871.wem","th4_000_common_vo\english(us)\11950871.wem","17089","1","","","","AkBankSourceData"
"14026281","14026281","True","14026281.wem","th4_000_common_vo\english(us)\14026281.wem","27864","1","","","","AkBankSourceData"
"14140737","14140737","True","14140737.wem","th4_000_common_vo\english(us)\14140737.wem","36048","1","","","","AkBankSourceData"
"14441920","14441920","True","14441920.wem","th4_000_common_vo\english(us)\14441920.wem","56158","1","","","","AkBankSourceData"
"15140111","15140111","True","15140111.wem","th4_000_common_vo\english(us)\15140111.wem","9769","1","","","","AkBankSourceData"
"15806715","15806715","True","15806715.wem","th4_000_common_vo\english(us)\15806715.wem","22583","1","","","","AkBankSourceData"
"16292482","16292482","True","16292482.wem","th4_000_common_vo\english(us)\16292482.wem","8094","1","","","","AkBankSourceData"
"16413068","16413068","True","16413068.wem","th4_000_common_vo\english(us)\16413068.wem","18558","1","","","","AkBankSourceData"
"16526771","16526771","True","16526771.wem","th4_000_common_vo\english(us)\16526771.wem","40766","1","","","","AkBankSourceData"
"18029859","18029859","True","18029859.wem","th4_000_common_vo\english(us)\18029859.wem","24536","1","","","","AkBankSourceData"
"18903818","18903818","True","18903818.wem","th4_000_common_vo\english(us)\18903818.wem","13349","1","","","","AkBankSourceData"
"20696694","20696694","True","20696694.wem","th4_000_common_vo\english(us)\20696694.wem","33677","2","","","","AkBankSourceData"
"21773969","21773969","True","21773969.wem","th4_000_common_vo\english(us)\21773969.wem","58053","1","","","","AkBankSourceData"
"21967293","21967293","True","21967293.wem","th4_000_common_vo\english(us)\21967293.wem","35040","1","","","","AkBankSourceData"
"23415599","23415599","True","23415599.wem","th4_000_common_vo\english(us)\23415599.wem","85661","1","","","","AkBankSourceData"
"23618156","23618156","True","23618156.wem","th4_000_common_vo\english(us)\23618156.wem","25225","1","","","","AkBankSourceData"
"24774449","24774449","True","24774449.wem","th4_000_common_vo\english(us)\24774449.wem","21237","1","","","","AkBankSourceData"
"25842541","25842541","True","25842541.wem","th4_000_common_vo\english(us)\25842541.wem","48596","1","","","","AkBankSourceData"
"25982441","25982441","True","25982441.wem","th4_000_common_vo\english(us)\25982441.wem","16033","1","","","","AkBankSourceData"
"27039803","27039803","True","27039803.wem","th4_000_common_vo\english(us)\27039803.wem","18321","1","","","","AkBankSourceData"
"27253652","27253652","True","27253652.wem","th4_000_common_vo\english(us)\27253652.wem","68611","1","","","","AkBankSourceData"
"27512562","27512562","True","27512562.wem","th4_000_common_vo\english(us)\27512562.wem","46911","1","","","","AkBankSourceData"
"27985417","27985417","True","27985417.wem","th4_000_common_vo\english(us)\27985417.wem","33967","1","","","","AkBankSourceData"
"28006126","28006126","True","28006126.wem","th4_000_common_vo\english(us)\28006126.wem","32419","1","","","","AkBankSourceData"
"28391928","28391928","True","28391928.wem","th4_000_common_vo\english(us)\28391928.wem","11081","1","","","","AkBankSourceData"
"28397653","1417353184","True","28397653.wem","th4_000_common_vo\english(us)\28397653.wem","2186","0","","","","AkBankSourceData"
"28899013","28899013","True","28899013.wem","th4_000_common_vo\english(us)\28899013.wem","19941","1","","","","AkBankSourceData"
"30052689","30052689","True","30052689.wem","th4_000_common_vo\english(us)\30052689.wem","18010","1","","","","AkBankSourceData"
"31296218","31296218","True","31296218.wem","th4_000_common_vo\english(us)\31296218.wem","21819","1","","","","AkBankSourceData"
"31508959","31508959","True","31508959.wem","th4_000_common_vo\english(us)\31508959.wem","57344","1","","","","AkBankSourceData"
"31944517","31944517","True","31944517.wem","th4_000_common_vo\english(us)\31944517.wem","12769","1","","","","AkBankSourceData"
"33235221","33235221","True","33235221.wem","th4_000_common_vo\english(us)\33235221.wem","65909","1","","","","AkBankSourceData"
"34453711","34453711","True","34453711.wem","th4_000_common_vo\english(us)\34453711.wem","18389","1","","","","AkBankSourceData"
"35991868","35991868","True","35991868.wem","th4_000_common_vo\english(us)\35991868.wem","19459","1","","","","AkBankSourceData"
"36771323","36771323","True","36771323.wem","th4_000_common_vo\english(us)\36771323.wem","32750","1","","","","AkBankSourceData"
"38372339","38372339","True","38372339.wem","th4_000_common_vo\english(us)\38372339.wem","24345","2","","","","AkBankSourceData"
"38505124","38505124","True","38505124.wem","th4_000_common_vo\english(us)\38505124.wem","45172","1","","","","AkBankSourceData"
"38727352","38727352","True","38727352.wem","th4_000_common_vo\english(us)\38727352.wem","10590","1","","","","AkBankSourceData"
"38896854","38896854","True","38896854.wem","th4_000_common_vo\english(us)\38896854.wem","37698","1","","","","AkBankSourceData"
"39862244","39862244","True","39862244.wem","th4_000_common_vo\english(us)\39862244.wem","52367","1","","","","AkBankSourceData"
"41098152","41098152","True","41098152.wem","th4_000_common_vo\english(us)\41098152.wem","59642","1","","","","AkBankSourceData"
"42374114","42374114","True","42374114.wem","th4_000_common_vo\english(us)\42374114.wem","15728","1","","","","AkBankSourceData"
"43709616","43709616","True","43709616.wem","th4_000_common_vo\english(us)\43709616.wem","18456","1","","","","AkBankSourceData"
"45145384","45145384","True","45145384.wem","th4_000_common_vo\english(us)\45145384.wem","12606","1","","","","AkBankSourceData"
"45850526","45850526","True","45850526.wem","th4_000_common_vo\english(us)\45850526.wem","21884","1","","","","AkBankSourceData"
"46657280","46657280","True","46657280.wem","th4_000_common_vo\english(us)\46657280.wem","14799","1","","","","AkBankSourceData"
"46999090","46999090","True","46999090.wem","th4_000_common_vo\english(us)\46999090.wem","60590","1","","","","AkBankSourceData"
"48753438","48753438","True","48753438.wem","th4_000_common_vo\english(us)\48753438.wem","15567","1","","","","AkBankSourceData"
"49679125","49679125","True","49679125.wem","th4_000_common_vo\english(us)\49679125.wem","44532","1","","","","AkBankSourceData"
"50572807","50572807","True","50572807.wem","th4_000_common_vo\english(us)\50572807.wem","45318","1","","","","AkBankSourceData"
"51534216","51534216","True","51534216.wem","th4_000_common_vo\english(us)\51534216.wem","20687","1","","","","AkBankSourceData"
"54151231","54151231","True","54151231.wem","th4_000_common_vo\english(us)\54151231.wem","36008","1","","","","AkBankSourceData"
"54204748","54204748","True","54204748.wem","th4_000_common_vo\english(us)\54204748.wem","35753","1","","","","AkBankSourceData"
"55510424","55510424","True","55510424.wem","th4_000_common_vo\english(us)\55510424.wem","10681","1","","","","AkBankSourceData"
"56223722","56223722","True","56223722.wem","th4_000_common_vo\english(us)\56223722.wem","53490","1","","","","AkBankSourceData"
"56270695","56270695","True","56270695.wem","th4_000_common_vo\english(us)\56270695.wem","16275","1","","","","AkBankSourceData"
"61738747","61738747","True","61738747.wem","th4_000_common_vo\english(us)\61738747.wem","14306","1","","","","AkBankSourceData"
"62506718","62506718","True","62506718.wem","th4_000_common_vo\english(us)\62506718.wem","23397","1","","","","AkBankSourceData"
"63485174","63485174","True","63485174.wem","th4_000_common_vo\english(us)\63485174.wem","9881","1","","","","AkBankSourceData"
"65544374","65544374","True","65544374.wem","th4_000_common_vo\english(us)\65544374.wem","15962","1","","","","AkBankSourceData"
"65816721","65816721","True","65816721.wem","th4_000_common_vo\english(us)\65816721.wem","38922","1","","","","AkBankSourceData"
"67801274","67801274","True","67801274.wem","th4_000_common_vo\english(us)\67801274.wem","90480","1","","","","AkBankSourceData"
"67891682","67891682","True","67891682.wem","th4_000_common_vo\english(us)\67891682.wem","20566","1","","","","AkBankSourceData"
"68392483","68392483","True","68392483.wem","th4_000_common_vo\english(us)\68392483.wem","62349","1","","","","AkBankSourceData"
"70106595","70106595","True","70106595.wem","th4_000_common_vo\english(us)\70106595.wem","45998","1","","","","AkBankSourceData"
"70532753","70532753","True","70532753.wem","th4_000_common_vo\english(us)\70532753.wem","15201","1","","","","AkBankSourceData"
"72599138","72599138","True","72599138.wem","th4_000_common_vo\english(us)\72599138.wem","25550","1","","","","AkBankSourceData"
"72740112","72740112","True","72740112.wem","th4_000_common_vo\english(us)\72740112.wem","8539","1","","","","AkBankSourceData"
"75298720","75298720","True","75298720.wem","th4_000_common_vo\english(us)\75298720.wem","17840","1","","","","AkBankSourceData"
"75859786","75859786","True","75859786.wem","th4_000_common_vo\english(us)\75859786.wem","19373","1","","","","AkBankSourceData"
"79594765","79594765","True","79594765.wem","th4_000_common_vo\english(us)\79594765.wem","78802","1","","","","AkBankSourceData"
"80944288","80944288","True","80944288.wem","th4_000_common_vo\english(us)\80944288.wem","25665","1","","","","AkBankSourceData"
"82613959","82613959","True","82613959.wem","th4_000_common_vo\english(us)\82613959.wem","15925","1","","","","AkBankSourceData"
"83349338","83349338","True","83349338.wem","th4_000_common_vo\english(us)\83349338.wem","42189","1","","","","AkBankSourceData"
"85455385","85455385","True","85455385.wem","th4_000_common_vo\english(us)\85455385.wem","53967","1","","","","AkBankSourceData"
"85694433","85694433","True","85694433.wem","th4_000_common_vo\english(us)\85694433.wem","6960","1","","","","AkBankSourceData"
"86008251","86008251","True","86008251.wem","th4_000_common_vo\english(us)\86008251.wem","43551","1","","","","AkBankSourceData"
"86065016","86065016","True","86065016.wem","th4_000_common_vo\english(us)\86065016.wem","15082","1","","","","AkBankSourceData"
"86148928","86148928","True","86148928.wem","th4_000_common_vo\english(us)\86148928.wem","9947","1","","","","AkBankSourceData"
"86754495","86754495","True","86754495.wem","th4_000_common_vo\english(us)\86754495.wem","47966","1","","","","AkBankSourceData"
"87544570","87544570","True","87544570.wem","th4_000_common_vo\english(us)\87544570.wem","89135","1","","","","AkBankSourceData"
"87634762","87634762","True","87634762.wem","th4_000_common_vo\english(us)\87634762.wem","15183","1","","","","AkBankSourceData"
"89315413","89315413","True","89315413.wem","th4_000_common_vo\english(us)\89315413.wem","19973","1","","","","AkBankSourceData"
"89428262","89428262","True","89428262.wem","th4_000_common_vo\english(us)\89428262.wem","13593","1","","","","AkBankSourceData"
"90880483","90880483","True","90880483.wem","th4_000_common_vo\english(us)\90880483.wem","16448","1","","","","AkBankSourceData"
"92198627","92198627","True","92198627.wem","th4_000_common_vo\english(us)\92198627.wem","50014","1","","","","AkBankSourceData"
"92791440","92791440","True","92791440.wem","th4_000_common_vo\english(us)\92791440.wem","11883","1","","","","AkBankSourceData"
"93325588","93325588","True","93325588.wem","th4_000_common_vo\english(us)\93325588.wem","30018","1","","","","AkBankSourceData"
"98552437","98552437","True","98552437.wem","th4_000_common_vo\english(us)\98552437.wem","38952","1","","","","AkBankSourceData"
"99395565","99395565","True","99395565.wem","th4_000_common_vo\english(us)\99395565.wem","67394","2","","","","AkBankSourceData"
"102436360","102436360","True","102436360.wem","th4_000_common_vo\english(us)\102436360.wem","35732","1","","","","AkBankSourceData"
"103162336","103162336","True","103162336.wem","th4_000_common_vo\english(us)\103162336.wem","44944","1","","","","AkBankSourceData"
"104766979","104766979","True","104766979.wem","th4_000_common_vo\english(us)\104766979.wem","27187","1","","","","AkBankSourceData"
"105106109","105106109","True","105106109.wem","th4_000_common_vo\english(us)\105106109.wem","13089","2","","","","AkBankSourceData"
"105622278","105622278","True","105622278.wem","th4_000_common_vo\english(us)\105622278.wem","22462","1","","","","AkBankSourceData"
"106607126","106607126","True","106607126.wem","th4_000_common_vo\english(us)\106607126.wem","85924","1","","","","AkBankSourceData"
"107137317","107137317","True","107137317.wem","th4_000_common_vo\english(us)\107137317.wem","46383","1","","","","AkBankSourceData"
"107594310","107594310","True","107594310.wem","th4_000_common_vo\english(us)\107594310.wem","36497","1","","","","AkBankSourceData"
"110570427","110570427","True","110570427.wem","th4_000_common_vo\english(us)\110570427.wem","32535","1","","","","AkBankSourceData"
"110723765","110723765","True","110723765.wem","th4_000_common_vo\english(us)\110723765.wem","59291","2","","","","AkBankSourceData"
"111168223","111168223","True","111168223.wem","th4_000_common_vo\english(us)\111168223.wem","7795","1","","","","AkBankSourceData"
"111213177","111213177","True","111213177.wem","th4_000_common_vo\english(us)\111213177.wem","35067","1","","","","AkBankSourceData"
"111938917","111938917","True","111938917.wem","th4_000_common_vo\english(us)\111938917.wem","108615","1","","","","AkBankSourceData"
"115875410","115875410","True","115875410.wem","th4_000_common_vo\english(us)\115875410.wem","24391","2","","","","AkBankSourceData"
"116629131","116629131","True","116629131.wem","th4_000_common_vo\english(us)\116629131.wem","41957","1","","","","AkBankSourceData"
"116769263","116769263","True","116769263.wem","th4_000_common_vo\english(us)\116769263.wem","28579","1","","","","AkBankSourceData"
"117431200","117431200","True","117431200.wem","th4_000_common_vo\english(us)\117431200.wem","148961","2","","","","AkBankSourceData"
"117726891","117726891","True","117726891.wem","th4_000_common_vo\english(us)\117726891.wem","19524","1","","","","AkBankSourceData"
"117772031","117772031","True","117772031.wem","th4_000_common_vo\english(us)\117772031.wem","18111","1","","","","AkBankSourceData"
"120129487","120129487","True","120129487.wem","th4_000_common_vo\english(us)\120129487.wem","36554","1","","","","AkBankSourceData"
"120369165","120369165","True","120369165.wem","th4_000_common_vo\english(us)\120369165.wem","11133","1","","","","AkBankSourceData"
"120459133","120459133","True","120459133.wem","th4_000_common_vo\english(us)\120459133.wem","21402","1","","","","AkBankSourceData"
"121985976","121985976","True","121985976.wem","th4_000_common_vo\english(us)\121985976.wem","60293","1","","","","AkBankSourceData"
"122220929","122220929","True","122220929.wem","th4_000_common_vo\english(us)\122220929.wem","19713","1","","","","AkBankSourceData"
"122381597","122381597","True","122381597.wem","th4_000_common_vo\english(us)\122381597.wem","40565","1","","","","AkBankSourceData"
"123921731","123921731","True","123921731.wem","th4_000_common_vo\english(us)\123921731.wem","36706","1","","","","AkBankSourceData"
"123995673","123995673","True","123995673.wem","th4_000_common_vo\english(us)\123995673.wem","20118","2","","","","AkBankSourceData"
"125264452","125264452","True","125264452.wem","th4_000_common_vo\english(us)\125264452.wem","23081","1","","","","AkBankSourceData"
"126944838","126944838","True","126944838.wem","th4_000_common_vo\english(us)\126944838.wem","52613","1","","","","AkBankSourceData"
"126988840","126988840","True","126988840.wem","th4_000_common_vo\english(us)\126988840.wem","10728","1","","","","AkBankSourceData"
"127357609","127357609","True","127357609.wem","th4_000_common_vo\english(us)\127357609.wem","33974","1","","","","AkBankSourceData"
"127735755","127735755","True","127735755.wem","th4_000_common_vo\english(us)\127735755.wem","29221","1","","","","AkBankSourceData"
"128616695","128616695","True","128616695.wem","th4_000_common_vo\english(us)\128616695.wem","20986","1","","","","AkBankSourceData"
"130214626","130214626","True","130214626.wem","th4_000_common_vo\english(us)\130214626.wem","7478","1","","","","AkBankSourceData"
"130398566","130398566","True","130398566.wem","th4_000_common_vo\english(us)\130398566.wem","103222","2","","","","AkBankSourceData"
"130938459","130938459","True","130938459.wem","th4_000_common_vo\english(us)\130938459.wem","56242","1","","","","AkBankSourceData"
"131593931","131593931","True","131593931.wem","th4_000_common_vo\english(us)\131593931.wem","33523","1","","","","AkBankSourceData"
"134051271","134051271","True","134051271.wem","th4_000_common_vo\english(us)\134051271.wem","29605","1","","","","AkBankSourceData"
"136642407","136642407","True","136642407.wem","th4_000_common_vo\english(us)\136642407.wem","14412","1","","","","AkBankSourceData"
"136987909","136987909","True","136987909.wem","th4_000_common_vo\english(us)\136987909.wem","11862","2","","","","AkBankSourceData"
"137581498","137581498","True","137581498.wem","th4_000_common_vo\english(us)\137581498.wem","44129","1","","","","AkBankSourceData"
"139219960","139219960","True","139219960.wem","th4_000_common_vo\english(us)\139219960.wem","69471","1","","","","AkBankSourceData"
"139313318","139313318","True","139313318.wem","th4_000_common_vo\english(us)\139313318.wem","12585","1","","","","AkBankSourceData"
"140429898","140429898","True","140429898.wem","th4_000_common_vo\english(us)\140429898.wem","7663","2","","","","AkBankSourceData"
"140753050","140753050","True","140753050.wem","th4_000_common_vo\english(us)\140753050.wem","20384","1","","","","AkBankSourceData"
"141791397","141791397","True","141791397.wem","th4_000_common_vo\english(us)\141791397.wem","25490","1","","","","AkBankSourceData"
"142501603","142501603","True","142501603.wem","th4_000_common_vo\english(us)\142501603.wem","34226","2","","","","AkBankSourceData"
"143438724","143438724","True","143438724.wem","th4_000_common_vo\english(us)\143438724.wem","10839","1","","","","AkBankSourceData"
"144853272","144853272","True","144853272.wem","th4_000_common_vo\english(us)\144853272.wem","17754","1","","","","AkBankSourceData"
"145243625","145243625","True","145243625.wem","th4_000_common_vo\english(us)\145243625.wem","27504","1","","","","AkBankSourceData"
"145401243","145401243","True","145401243.wem","th4_000_common_vo\english(us)\145401243.wem","12548","1","","","","AkBankSourceData"
"145630016","145630016","True","145630016.wem","th4_000_common_vo\english(us)\145630016.wem","8395","1","","","","AkBankSourceData"
"145992104","145992104","True","145992104.wem","th4_000_common_vo\english(us)\145992104.wem","58373","1","","","","AkBankSourceData"
"146493191","146493191","True","146493191.wem","th4_000_common_vo\english(us)\146493191.wem","14908","1","","","","AkBankSourceData"
"147747681","147747681","True","147747681.wem","th4_000_common_vo\english(us)\147747681.wem","34671","1","","","","AkBankSourceData"
"147824665","147824665","True","147824665.wem","th4_000_common_vo\english(us)\147824665.wem","23277","1","","","","AkBankSourceData"
"148095223","148095223","True","148095223.wem","th4_000_common_vo\english(us)\148095223.wem","27863","1","","","","AkBankSourceData"
"148307580","148307580","True","148307580.wem","th4_000_common_vo\english(us)\148307580.wem","18500","1","","","","AkBankSourceData"
"149097461","149097461","True","149097461.wem","th4_000_common_vo\english(us)\149097461.wem","25040","1","","","","AkBankSourceData"
"149815371","149815371","True","149815371.wem","th4_000_common_vo\english(us)\149815371.wem","10395","1","","","","AkBankSourceData"
"150380784","150380784","True","150380784.wem","th4_000_common_vo\english(us)\150380784.wem","7104","1","","","","AkBankSourceData"
"150649308","150649308","True","150649308.wem","th4_000_common_vo\english(us)\150649308.wem","40375","1","","","","AkBankSourceData"
"150800374","150800374","True","150800374.wem","th4_000_common_vo\english(us)\150800374.wem","27717","1","","","","AkBankSourceData"
"151932880","151932880","True","151932880.wem","th4_000_common_vo\english(us)\151932880.wem","18027","1","","","","AkBankSourceData"
"157056275","157056275","True","157056275.wem","th4_000_common_vo\english(us)\157056275.wem","15023","2","","","","AkBankSourceData"
"157528075","157528075","True","157528075.wem","th4_000_common_vo\english(us)\157528075.wem","35409","1","","","","AkBankSourceData"
"157581541","157581541","True","157581541.wem","th4_000_common_vo\english(us)\157581541.wem","16046","1","","","","AkBankSourceData"
"158413004","158413004","True","158413004.wem","th4_000_common_vo\english(us)\158413004.wem","11836","1","","","","AkBankSourceData"
"159781536","159781536","True","159781536.wem","th4_000_common_vo\english(us)\159781536.wem","14128","1","","","","AkBankSourceData"
"159921588","159921588","True","159921588.wem","th4_000_common_vo\english(us)\159921588.wem","11611","2","","","","AkBankSourceData"
"161300527","161300527","True","161300527.wem","th4_000_common_vo\english(us)\161300527.wem","21098","1","","","","AkBankSourceData"
"162031974","162031974","True","162031974.wem","th4_000_common_vo\english(us)\162031974.wem","29412","1","","","","AkBankSourceData"
"162530994","162530994","True","162530994.wem","th4_000_common_vo\english(us)\162530994.wem","34850","1","","","","AkBankSourceData"
"162811341","162811341","True","162811341.wem","th4_000_common_vo\english(us)\162811341.wem","33472","1","","","","AkBankSourceData"
"163370250","163370250","True","163370250.wem","th4_000_common_vo\english(us)\163370250.wem","17833","1","","","","AkBankSourceData"
"164557132","164557132","True","164557132.wem","th4_000_common_vo\english(us)\164557132.wem","52413","1","","","","AkBankSourceData"
"165923554","165923554","True","165923554.wem","th4_000_common_vo\english(us)\165923554.wem","9159","1","","","","AkBankSourceData"
"166581581","166581581","True","166581581.wem","th4_000_common_vo\english(us)\166581581.wem","30102","1","","","","AkBankSourceData"
"167560200","167560200","True","167560200.wem","th4_000_common_vo\english(us)\167560200.wem","28366","1","","","","AkBankSourceData"
"167945959","167945959","True","167945959.wem","th4_000_common_vo\english(us)\167945959.wem","15338","1","","","","AkBankSourceData"
"168165222","168165222","True","168165222.wem","th4_000_common_vo\english(us)\168165222.wem","25832","1","","","","AkBankSourceData"
"169992522","169992522","True","169992522.wem","th4_000_common_vo\english(us)\169992522.wem","48001","1","","","","AkBankSourceData"
"170699724","170699724","True","170699724.wem","th4_000_common_vo\english(us)\170699724.wem","288731","1","","","","AkBankSourceData"
"170803105","170803105","True","170803105.wem","th4_000_common_vo\english(us)\170803105.wem","31091","1","","","","AkBankSourceData"
"174011257","174011257","True","174011257.wem","th4_000_common_vo\english(us)\174011257.wem","10578","1","","","","AkBankSourceData"
"174921470","174921470","True","174921470.wem","th4_000_common_vo\english(us)\174921470.wem","58071","1","","","","AkBankSourceData"
"175393690","175393690","True","175393690.wem","th4_000_common_vo\english(us)\175393690.wem","29796","1","","","","AkBankSourceData"
"175489343","175489343","True","175489343.wem","th4_000_common_vo\english(us)\175489343.wem","43016","1","","","","AkBankSourceData"
"176239191","176239191","True","176239191.wem","th4_000_common_vo\english(us)\176239191.wem","29067","1","","","","AkBankSourceData"
"176314973","176314973","True","176314973.wem","th4_000_common_vo\english(us)\176314973.wem","41111","1","","","","AkBankSourceData"
"179329367","179329367","True","179329367.wem","th4_000_common_vo\english(us)\179329367.wem","69994","1","","","","AkBankSourceData"
"181324910","181324910","True","181324910.wem","th4_000_common_vo\english(us)\181324910.wem","30273","1","","","","AkBankSourceData"
"181934843","181934843","True","181934843.wem","th4_000_common_vo\english(us)\181934843.wem","49311","1","","","","AkBankSourceData"
"181960664","181960664","True","181960664.wem","th4_000_common_vo\english(us)\181960664.wem","116735","1","","","","AkBankSourceData"
"182563901","182563901","True","182563901.wem","th4_000_common_vo\english(us)\182563901.wem","31880","1","","","","AkBankSourceData"
"182704058","182704058","True","182704058.wem","th4_000_common_vo\english(us)\182704058.wem","16663","1","","","","AkBankSourceData"
"182815024","182815024","True","182815024.wem","th4_000_common_vo\english(us)\182815024.wem","20177","1","","","","AkBankSourceData"
"183169828","183169828","True","183169828.wem","th4_000_common_vo\english(us)\183169828.wem","28818","1","","","","AkBankSourceData"
"184262414","184262414","True","184262414.wem","th4_000_common_vo\english(us)\184262414.wem","45174","1","","","","AkBankSourceData"
"184517543","184517543","True","184517543.wem","th4_000_common_vo\english(us)\184517543.wem","10543","1","","","","AkBankSourceData"
"184647666","184647666","True","184647666.wem","th4_000_common_vo\english(us)\184647666.wem","23780","1","","","","AkBankSourceData"
"185096493","185096493","True","185096493.wem","th4_000_common_vo\english(us)\185096493.wem","209897","2","","","","AkBankSourceData"
"185250707","185250707","True","185250707.wem","th4_000_common_vo\english(us)\185250707.wem","14027","1","","","","AkBankSourceData"
"185799516","185799516","True","185799516.wem","th4_000_common_vo\english(us)\185799516.wem","41884","1","","","","AkBankSourceData"
"186070293","186070293","True","186070293.wem","th4_000_common_vo\english(us)\186070293.wem","25019","1","","","","AkBankSourceData"
"187117794","187117794","True","187117794.wem","th4_000_common_vo\english(us)\187117794.wem","51982","1","","","","AkBankSourceData"
"187578096","187578096","True","187578096.wem","th4_000_common_vo\english(us)\187578096.wem","46241","1","","","","AkBankSourceData"
"187877902","187877902","True","187877902.wem","th4_000_common_vo\english(us)\187877902.wem","23061","1","","","","AkBankSourceData"
"191772834","191772834","True","191772834.wem","th4_000_common_vo\english(us)\191772834.wem","32590","1","","","","AkBankSourceData"
"192113431","192113431","True","192113431.wem","th4_000_common_vo\english(us)\192113431.wem","44245","1","","","","AkBankSourceData"
"192194498","192194498","True","192194498.wem","th4_000_common_vo\english(us)\192194498.wem","41402","1","","","","AkBankSourceData"
"192487085","192487085","True","192487085.wem","th4_000_common_vo\english(us)\192487085.wem","9338","1","","","","AkBankSourceData"
"192763684","192763684","True","192763684.wem","th4_000_common_vo\english(us)\192763684.wem","22041","1","","","","AkBankSourceData"
"194110632","194110632","True","194110632.wem","th4_000_common_vo\english(us)\194110632.wem","16918","1","","","","AkBankSourceData"
"194330409","194330409","True","194330409.wem","th4_000_common_vo\english(us)\194330409.wem","17225","1","","","","AkBankSourceData"
"195325266","195325266","True","195325266.wem","th4_000_common_vo\english(us)\195325266.wem","6785","1","","","","AkBankSourceData"
"195537923","195537923","True","195537923.wem","th4_000_common_vo\english(us)\195537923.wem","13151","1","","","","AkBankSourceData"
"196366528","196366528","True","196366528.wem","th4_000_common_vo\english(us)\196366528.wem","22243","1","","","","AkBankSourceData"
"196991802","196991802","True","196991802.wem","th4_000_common_vo\english(us)\196991802.wem","30074","1","","","","AkBankSourceData"
"197543547","197543547","True","197543547.wem","th4_000_common_vo\english(us)\197543547.wem","22054","1","","","","AkBankSourceData"
"197738680","197738680","True","197738680.wem","th4_000_common_vo\english(us)\197738680.wem","16314","1","","","","AkBankSourceData"
"198261962","198261962","True","198261962.wem","th4_000_common_vo\english(us)\198261962.wem","27545","1","","","","AkBankSourceData"
"198440592","198440592","True","198440592.wem","th4_000_common_vo\english(us)\198440592.wem","231216","1","","","","AkBankSourceData"
"199511651","199511651","True","199511651.wem","th4_000_common_vo\english(us)\199511651.wem","21826","1","","","","AkBankSourceData"
"200272434","200272434","True","200272434.wem","th4_000_common_vo\english(us)\200272434.wem","14024","1","","","","AkBankSourceData"
"201252940","201252940","True","201252940.wem","th4_000_common_vo\english(us)\201252940.wem","12647","1","","","","AkBankSourceData"
"201433572","201433572","True","201433572.wem","th4_000_common_vo\english(us)\201433572.wem","22477","2","","","","AkBankSourceData"
"201897175","201897175","True","201897175.wem","th4_000_common_vo\english(us)\201897175.wem","19390","1","","","","AkBankSourceData"
"202264735","202264735","True","202264735.wem","th4_000_common_vo\english(us)\202264735.wem","192133","2","","","","AkBankSourceData"
"202756120","202756120","True","202756120.wem","th4_000_common_vo\english(us)\202756120.wem","18746","1","","","","AkBankSourceData"
"204876013","204876013","True","204876013.wem","th4_000_common_vo\english(us)\204876013.wem","30315","1","","","","AkBankSourceData"
"206085556","206085556","True","206085556.wem","th4_000_common_vo\english(us)\206085556.wem","69546","1","","","","AkBankSourceData"
"206247569","206247569","True","206247569.wem","th4_000_common_vo\english(us)\206247569.wem","14893","1","","","","AkBankSourceData"
"206319454","206319454","True","206319454.wem","th4_000_common_vo\english(us)\206319454.wem","16870","1","","","","AkBankSourceData"
"206482288","206482288","True","206482288.wem","th4_000_common_vo\english(us)\206482288.wem","34296","1","","","","AkBankSourceData"
"206607860","206607860","True","206607860.wem","th4_000_common_vo\english(us)\206607860.wem","41671","1","","","","AkBankSourceData"
"208695542","208695542","True","208695542.wem","th4_000_common_vo\english(us)\208695542.wem","17063","1","","","","AkBankSourceData"
"210412192","210412192","True","210412192.wem","th4_000_common_vo\english(us)\210412192.wem","26586","1","","","","AkBankSourceData"
"211532930","211532930","True","211532930.wem","th4_000_common_vo\english(us)\211532930.wem","20443","1","","","","AkBankSourceData"
"211866321","211866321","True","211866321.wem","th4_000_common_vo\english(us)\211866321.wem","55798","1","","","","AkBankSourceData"
"212177027","212177027","True","212177027.wem","th4_000_common_vo\english(us)\212177027.wem","37393","1","","","","AkBankSourceData"
"212234175","212234175","True","212234175.wem","th4_000_common_vo\english(us)\212234175.wem","37502","1","","","","AkBankSourceData"
"213762010","213762010","True","213762010.wem","th4_000_common_vo\english(us)\213762010.wem","33499","1","","","","AkBankSourceData"
"214125137","214125137","True","214125137.wem","th4_000_common_vo\english(us)\214125137.wem","66390","1","","","","AkBankSourceData"
"215314467","215314467","True","215314467.wem","th4_000_common_vo\english(us)\215314467.wem","10897","1","","","","AkBankSourceData"
"216677552","216677552","True","216677552.wem","th4_000_common_vo\english(us)\216677552.wem","31477","1","","","","AkBankSourceData"
"218049326","218049326","True","218049326.wem","th4_000_common_vo\english(us)\218049326.wem","23920","1","","","","AkBankSourceData"
"218774231","218774231","True","218774231.wem","th4_000_common_vo\english(us)\218774231.wem","59477","1","","","","AkBankSourceData"
"219180708","219180708","True","219180708.wem","th4_000_common_vo\english(us)\219180708.wem","27577","1","","","","AkBankSourceData"
"219721614","219721614","True","219721614.wem","th4_000_common_vo\english(us)\219721614.wem","22421","1","","","","AkBankSourceData"
"219835625","219835625","True","219835625.wem","th4_000_common_vo\english(us)\219835625.wem","45356","1","","","","AkBankSourceData"
"221217876","221217876","True","221217876.wem","th4_000_common_vo\english(us)\221217876.wem","15697","1","","","","AkBankSourceData"
"222265191","222265191","True","222265191.wem","th4_000_common_vo\english(us)\222265191.wem","28588","1","","","","AkBankSourceData"
"222555717","222555717","True","222555717.wem","th4_000_common_vo\english(us)\222555717.wem","76866","1","","","","AkBankSourceData"
"223275476","223275476","True","223275476.wem","th4_000_common_vo\english(us)\223275476.wem","26582","1","","","","AkBankSourceData"
"223793026","223793026","True","223793026.wem","th4_000_common_vo\english(us)\223793026.wem","15631","1","","","","AkBankSourceData"
"224466364","224466364","True","224466364.wem","th4_000_common_vo\english(us)\224466364.wem","24732","1","","","","AkBankSourceData"
"225139994","225139994","True","225139994.wem","th4_000_common_vo\english(us)\225139994.wem","23014","1","","","","AkBankSourceData"
"226617786","226617786","True","226617786.wem","th4_000_common_vo\english(us)\226617786.wem","59286","1","","","","AkBankSourceData"
"227431214","227431214","True","227431214.wem","th4_000_common_vo\english(us)\227431214.wem","12825","1","","","","AkBankSourceData"
"227830401","227830401","True","227830401.wem","th4_000_common_vo\english(us)\227830401.wem","266615","1","","","","AkBankSourceData"
"228038233","228038233","True","228038233.wem","th4_000_common_vo\english(us)\228038233.wem","31617","1","","","","AkBankSourceData"
"230796911","230796911","True","230796911.wem","th4_000_common_vo\english(us)\230796911.wem","21868","1","","","","AkBankSourceData"
"231591266","231591266","True","231591266.wem","th4_000_common_vo\english(us)\231591266.wem","23452","1","","","","AkBankSourceData"
"231986273","231986273","True","231986273.wem","th4_000_common_vo\english(us)\231986273.wem","42053","1","","","","AkBankSourceData"
"232476450","232476450","True","232476450.wem","th4_000_common_vo\english(us)\232476450.wem","15670","1","","","","AkBankSourceData"
"233018484","233018484","True","233018484.wem","th4_000_common_vo\english(us)\233018484.wem","18488","1","","","","AkBankSourceData"
"233358959","233358959","True","233358959.wem","th4_000_common_vo\english(us)\233358959.wem","35181","1","","","","AkBankSourceData"
"233438342","233438342","True","233438342.wem","th4_000_common_vo\english(us)\233438342.wem","74990","2","","","","AkBankSourceData"
"233546027","233546027","True","233546027.wem","th4_000_common_vo\english(us)\233546027.wem","38409","1","","","","AkBankSourceData"
"234132063","234132063","True","234132063.wem","th4_000_common_vo\english(us)\234132063.wem","68152","1","","","","AkBankSourceData"
"234171837","234171837","True","234171837.wem","th4_000_common_vo\english(us)\234171837.wem","49255","1","","","","AkBankSourceData"
"237528681","237528681","True","237528681.wem","th4_000_common_vo\english(us)\237528681.wem","9803","2","","","","AkBankSourceData"
"238102054","238102054","True","238102054.wem","th4_000_common_vo\english(us)\238102054.wem","4822","1","","","","AkBankSourceData"
"239395106","239395106","True","239395106.wem","th4_000_common_vo\english(us)\239395106.wem","10191","1","","","","AkBankSourceData"
"240912965","240912965","True","240912965.wem","th4_000_common_vo\english(us)\240912965.wem","22229","2","","","","AkBankSourceData"
"242465059","242465059","True","242465059.wem","th4_000_common_vo\english(us)\242465059.wem","94192","1","","","","AkBankSourceData"
"243616231","243616231","True","243616231.wem","th4_000_common_vo\english(us)\243616231.wem","48792","1","","","","AkBankSourceData"
"244321865","244321865","True","244321865.wem","th4_000_common_vo\english(us)\244321865.wem","19242","1","","","","AkBankSourceData"
"246609026","246609026","True","246609026.wem","th4_000_common_vo\english(us)\246609026.wem","93446","2","","","","AkBankSourceData"
"246891663","246891663","True","246891663.wem","th4_000_common_vo\english(us)\246891663.wem","56791","1","","","","AkBankSourceData"
"248157971","248157971","True","248157971.wem","th4_000_common_vo\english(us)\248157971.wem","10241","1","","","","AkBankSourceData"
"250104555","250104555","True","250104555.wem","th4_000_common_vo\english(us)\250104555.wem","9869","2","","","","AkBankSourceData"
"252188113","252188113","True","252188113.wem","th4_000_common_vo\english(us)\252188113.wem","54004","1","","","","AkBankSourceData"
"252257032","252257032","True","252257032.wem","th4_000_common_vo\english(us)\252257032.wem","38838","1","","","","AkBankSourceData"
"252305306","252305306","True","252305306.wem","th4_000_common_vo\english(us)\252305306.wem","13275","1","","","","AkBankSourceData"
"253103376","253103376","True","253103376.wem","th4_000_common_vo\english(us)\253103376.wem","23938","2","","","","AkBankSourceData"
"253212335","253212335","True","253212335.wem","th4_000_common_vo\english(us)\253212335.wem","9850","2","","","","AkBankSourceData"
"253463471","253463471","True","253463471.wem","th4_000_common_vo\english(us)\253463471.wem","46587","1","","","","AkBankSourceData"
"255875212","255875212","True","255875212.wem","th4_000_common_vo\english(us)\255875212.wem","58703","1","","","","AkBankSourceData"
"257763145","257763145","True","257763145.wem","th4_000_common_vo\english(us)\257763145.wem","14903","1","","","","AkBankSourceData"
"258432156","258432156","True","258432156.wem","th4_000_common_vo\english(us)\258432156.wem","46109","1","","","","AkBankSourceData"
"258438692","258438692","True","258438692.wem","th4_000_common_vo\english(us)\258438692.wem","71089","1","","","","AkBankSourceData"
"258541100","258541100","True","258541100.wem","th4_000_common_vo\english(us)\258541100.wem","50056","1","","","","AkBankSourceData"
"260783562","260783562","True","260783562.wem","th4_000_common_vo\english(us)\260783562.wem","60417","1","","","","AkBankSourceData"
"262509221","262509221","True","262509221.wem","th4_000_common_vo\english(us)\262509221.wem","27389","1","","","","AkBankSourceData"
"262650098","262650098","True","262650098.wem","th4_000_common_vo\english(us)\262650098.wem","24288","1","","","","AkBankSourceData"
"264318605","264318605","True","264318605.wem","th4_000_common_vo\english(us)\264318605.wem","13949","1","","","","AkBankSourceData"
"264429072","264429072","True","264429072.wem","th4_000_common_vo\english(us)\264429072.wem","41659","1","","","","AkBankSourceData"
"264889363","264889363","True","264889363.wem","th4_000_common_vo\english(us)\264889363.wem","12100","1","","","","AkBankSourceData"
"265251714","265251714","True","265251714.wem","th4_000_common_vo\english(us)\265251714.wem","37642","1","","","","AkBankSourceData"
"268025381","268025381","True","268025381.wem","th4_000_common_vo\english(us)\268025381.wem","34800","1","","","","AkBankSourceData"
"268592622","268592622","True","268592622.wem","th4_000_common_vo\english(us)\268592622.wem","63123","1","","","","AkBankSourceData"
"270191836","270191836","True","270191836.wem","th4_000_common_vo\english(us)\270191836.wem","13904","1","","","","AkBankSourceData"
"270299190","270299190","True","270299190.wem","th4_000_common_vo\english(us)\270299190.wem","6324","1","","","","AkBankSourceData"
"271969660","271969660","True","271969660.wem","th4_000_common_vo\english(us)\271969660.wem","17993","1","","","","AkBankSourceData"
"272200703","272200703","True","272200703.wem","th4_000_common_vo\english(us)\272200703.wem","9411","2","","","","AkBankSourceData"
"272253548","272253548","True","272253548.wem","th4_000_common_vo\english(us)\272253548.wem","17323","1","","","","AkBankSourceData"
"272522425","272522425","True","272522425.wem","th4_000_common_vo\english(us)\272522425.wem","29248","2","","","","AkBankSourceData"
"272603742","272603742","True","272603742.wem","th4_000_common_vo\english(us)\272603742.wem","10592","1","","","","AkBankSourceData"
"272772371","272772371","True","272772371.wem","th4_000_common_vo\english(us)\272772371.wem","14118","1","","","","AkBankSourceData"
"273544445","273544445","True","273544445.wem","th4_000_common_vo\english(us)\273544445.wem","7078","1","","","","AkBankSourceData"
"273701221","273701221","True","273701221.wem","th4_000_common_vo\english(us)\273701221.wem","6961","1","","","","AkBankSourceData"
"276506526","276506526","True","276506526.wem","th4_000_common_vo\english(us)\276506526.wem","26470","2","","","","AkBankSourceData"
"278962303","278962303","True","278962303.wem","th4_000_common_vo\english(us)\278962303.wem","92080","1","","","","AkBankSourceData"
"281326780","281326780","True","281326780.wem","th4_000_common_vo\english(us)\281326780.wem","92552","1","","","","AkBankSourceData"
"282305378","282305378","True","282305378.wem","th4_000_common_vo\english(us)\282305378.wem","31435","1","","","","AkBankSourceData"
"284086785","284086785","True","284086785.wem","th4_000_common_vo\english(us)\284086785.wem","13699","1","","","","AkBankSourceData"
"285381545","285381545","True","285381545.wem","th4_000_common_vo\english(us)\285381545.wem","49254","1","","","","AkBankSourceData"
"285607759","285607759","True","285607759.wem","th4_000_common_vo\english(us)\285607759.wem","216534","2","","","","AkBankSourceData"
"286033145","286033145","True","286033145.wem","th4_000_common_vo\english(us)\286033145.wem","79791","1","","","","AkBankSourceData"
"286377453","286377453","True","286377453.wem","th4_000_common_vo\english(us)\286377453.wem","25617","1","","","","AkBankSourceData"
"286756205","286756205","True","286756205.wem","th4_000_common_vo\english(us)\286756205.wem","13026","1","","","","AkBankSourceData"
"287207942","287207942","True","287207942.wem","th4_000_common_vo\english(us)\287207942.wem","31761","1","","","","AkBankSourceData"
"287735083","287735083","True","287735083.wem","th4_000_common_vo\english(us)\287735083.wem","14253","1","","","","AkBankSourceData"
"287830862","287830862","True","287830862.wem","th4_000_common_vo\english(us)\287830862.wem","39293","1","","","","AkBankSourceData"
"288149885","288149885","True","288149885.wem","th4_000_common_vo\english(us)\288149885.wem","36046","1","","","","AkBankSourceData"
"289770978","289770978","True","289770978.wem","th4_000_common_vo\english(us)\289770978.wem","23033","1","","","","AkBankSourceData"
"289836723","289836723","True","289836723.wem","th4_000_common_vo\english(us)\289836723.wem","33184","2","","","","AkBankSourceData"
"290922556","290922556","True","290922556.wem","th4_000_common_vo\english(us)\290922556.wem","26504","1","","","","AkBankSourceData"
"291791478","291791478","True","291791478.wem","th4_000_common_vo\english(us)\291791478.wem","29467","1","","","","AkBankSourceData"
"291892974","291892974","True","291892974.wem","th4_000_common_vo\english(us)\291892974.wem","70033","1","","","","AkBankSourceData"
"291902255","291902255","True","291902255.wem","th4_000_common_vo\english(us)\291902255.wem","7339","1","","","","AkBankSourceData"
"292303274","292303274","True","292303274.wem","th4_000_common_vo\english(us)\292303274.wem","9004","1","","","","AkBankSourceData"
"293295906","293295906","True","293295906.wem","th4_000_common_vo\english(us)\293295906.wem","33683","1","","","","AkBankSourceData"
"294748920","294748920","True","294748920.wem","th4_000_common_vo\english(us)\294748920.wem","52379","1","","","","AkBankSourceData"
"295197945","295197945","True","295197945.wem","th4_000_common_vo\english(us)\295197945.wem","24621","2","","","","AkBankSourceData"
"295402180","295402180","True","295402180.wem","th4_000_common_vo\english(us)\295402180.wem","38249","1","","","","AkBankSourceData"
"295484415","295484415","True","295484415.wem","th4_000_common_vo\english(us)\295484415.wem","46598","1","","","","AkBankSourceData"
"296028953","296028953","True","296028953.wem","th4_000_common_vo\english(us)\296028953.wem","22247","1","","","","AkBankSourceData"
"296620762","296620762","True","296620762.wem","th4_000_common_vo\english(us)\296620762.wem","18233","1","","","","AkBankSourceData"
"297588063","297588063","True","297588063.wem","th4_000_common_vo\english(us)\297588063.wem","39107","1","","","","AkBankSourceData"
"298554319","298554319","True","298554319.wem","th4_000_common_vo\english(us)\298554319.wem","12018","1","","","","AkBankSourceData"
"299312186","299312186","True","299312186.wem","th4_000_common_vo\english(us)\299312186.wem","28252","1","","","","AkBankSourceData"
"299604590","299604590","True","299604590.wem","th4_000_common_vo\english(us)\299604590.wem","14886","1","","","","AkBankSourceData"
"300465557","300465557","True","300465557.wem","th4_000_common_vo\english(us)\300465557.wem","18028","1","","","","AkBankSourceData"
"300764624","300764624","True","300764624.wem","th4_000_common_vo\english(us)\300764624.wem","35971","1","","","","AkBankSourceData"
"301281303","301281303","True","301281303.wem","th4_000_common_vo\english(us)\301281303.wem","34581","1","","","","AkBankSourceData"
"301847788","301847788","True","301847788.wem","th4_000_common_vo\english(us)\301847788.wem","17935","1","","","","AkBankSourceData"
"302855129","302855129","True","302855129.wem","th4_000_common_vo\english(us)\302855129.wem","26952","1","","","","AkBankSourceData"
"303752298","303752298","True","303752298.wem","th4_000_common_vo\english(us)\303752298.wem","40592","1","","","","AkBankSourceData"
"305371706","305371706","True","305371706.wem","th4_000_common_vo\english(us)\305371706.wem","23423","2","","","","AkBankSourceData"
"307942064","307942064","True","307942064.wem","th4_000_common_vo\english(us)\307942064.wem","39058","1","","","","AkBankSourceData"
"310717457","310717457","True","310717457.wem","th4_000_common_vo\english(us)\310717457.wem","54369","1","","","","AkBankSourceData"
"312358803","312358803","True","312358803.wem","th4_000_common_vo\english(us)\312358803.wem","39003","1","","","","AkBankSourceData"
"313851490","313851490","True","313851490.wem","th4_000_common_vo\english(us)\313851490.wem","109850","2","","","","AkBankSourceData"
"314504782","314504782","True","314504782.wem","th4_000_common_vo\english(us)\314504782.wem","6786","1","","","","AkBankSourceData"
"315025654","315025654","True","315025654.wem","th4_000_common_vo\english(us)\315025654.wem","353152","1","","","","AkBankSourceData"
"315933206","315933206","True","315933206.wem","th4_000_common_vo\english(us)\315933206.wem","10119","1","","","","AkBankSourceData"
"316454681","316454681","True","316454681.wem","th4_000_common_vo\english(us)\316454681.wem","300366","1","","","","AkBankSourceData"
"317399096","317399096","True","317399096.wem","th4_000_common_vo\english(us)\317399096.wem","12162","1","","","","AkBankSourceData"
"321690469","321690469","True","321690469.wem","th4_000_common_vo\english(us)\321690469.wem","15402","1","","","","AkBankSourceData"
"322706511","322706511","True","322706511.wem","th4_000_common_vo\english(us)\322706511.wem","33580","2","","","","AkBankSourceData"
"323532677","323532677","True","323532677.wem","th4_000_common_vo\english(us)\323532677.wem","10538","2","","","","AkBankSourceData"
"323978565","323978565","True","323978565.wem","th4_000_common_vo\english(us)\323978565.wem","16453","1","","","","AkBankSourceData"
"323982226","323982226","True","323982226.wem","th4_000_common_vo\english(us)\323982226.wem","111411","1","","","","AkBankSourceData"
"324025043","324025043","True","324025043.wem","th4_000_common_vo\english(us)\324025043.wem","10262","2","","","","AkBankSourceData"
"324163942","324163942","True","324163942.wem","th4_000_common_vo\english(us)\324163942.wem","90254","1","","","","AkBankSourceData"
"324489994","324489994","True","324489994.wem","th4_000_common_vo\english(us)\324489994.wem","178521","1","","","","AkBankSourceData"
"326337733","326337733","True","326337733.wem","th4_000_common_vo\english(us)\326337733.wem","44055","1","","","","AkBankSourceData"
"327111786","327111786","True","327111786.wem","th4_000_common_vo\english(us)\327111786.wem","23755","1","","","","AkBankSourceData"
"327225481","327225481","True","327225481.wem","th4_000_common_vo\english(us)\327225481.wem","54235","1","","","","AkBankSourceData"
"329734131","329734131","True","329734131.wem","th4_000_common_vo\english(us)\329734131.wem","49231","1","","","","AkBankSourceData"
"330995421","330995421","True","330995421.wem","th4_000_common_vo\english(us)\330995421.wem","16336","1","","","","AkBankSourceData"
"332168452","332168452","True","332168452.wem","th4_000_common_vo\english(us)\332168452.wem","18377","1","","","","AkBankSourceData"
"334279646","334279646","True","334279646.wem","th4_000_common_vo\english(us)\334279646.wem","46569","1","","","","AkBankSourceData"
"334746582","334746582","True","334746582.wem","th4_000_common_vo\english(us)\334746582.wem","6968","2","","","","AkBankSourceData"
"335569914","335569914","True","335569914.wem","th4_000_common_vo\english(us)\335569914.wem","35549","1","","","","AkBankSourceData"
"336164338","336164338","True","336164338.wem","th4_000_common_vo\english(us)\336164338.wem","18627","1","","","","AkBankSourceData"
"336600463","336600463","True","336600463.wem","th4_000_common_vo\english(us)\336600463.wem","19553","1","","","","AkBankSourceData"
"336643644","336643644","True","336643644.wem","th4_000_common_vo\english(us)\336643644.wem","33464","1","","","","AkBankSourceData"
"336743785","336743785","True","336743785.wem","th4_000_common_vo\english(us)\336743785.wem","36317","1","","","","AkBankSourceData"
"337206063","337206063","True","337206063.wem","th4_000_common_vo\english(us)\337206063.wem","13989","2","","","","AkBankSourceData"
"338048439","338048439","True","338048439.wem","th4_000_common_vo\english(us)\338048439.wem","34561","1","","","","AkBankSourceData"
"338807096","338807096","True","338807096.wem","th4_000_common_vo\english(us)\338807096.wem","30389","1","","","","AkBankSourceData"
"339751913","339751913","True","339751913.wem","th4_000_common_vo\english(us)\339751913.wem","13885","1","","","","AkBankSourceData"
"342371862","342371862","True","342371862.wem","th4_000_common_vo\english(us)\342371862.wem","18183","1","","","","AkBankSourceData"
"344423814","344423814","True","344423814.wem","th4_000_common_vo\english(us)\344423814.wem","8910","1","","","","AkBankSourceData"
"344561946","344561946","True","344561946.wem","th4_000_common_vo\english(us)\344561946.wem","20413","1","","","","AkBankSourceData"
"344949174","344949174","True","344949174.wem","th4_000_common_vo\english(us)\344949174.wem","25189","1","","","","AkBankSourceData"
"345019061","345019061","True","345019061.wem","th4_000_common_vo\english(us)\345019061.wem","32665","1","","","","AkBankSourceData"
"346829381","346829381","True","346829381.wem","th4_000_common_vo\english(us)\346829381.wem","26152","2","","","","AkBankSourceData"
"348578007","348578007","True","348578007.wem","th4_000_common_vo\english(us)\348578007.wem","9406","1","","","","AkBankSourceData"
"348670091","348670091","True","348670091.wem","th4_000_common_vo\english(us)\348670091.wem","25942","1","","","","AkBankSourceData"
"351957581","351957581","True","351957581.wem","th4_000_common_vo\english(us)\351957581.wem","59908","1","","","","AkBankSourceData"
"352232437","352232437","True","352232437.wem","th4_000_common_vo\english(us)\352232437.wem","13697","1","","","","AkBankSourceData"
"352352022","352352022","True","352352022.wem","th4_000_common_vo\english(us)\352352022.wem","23859","1","","","","AkBankSourceData"
"353841134","353841134","True","353841134.wem","th4_000_common_vo\english(us)\353841134.wem","143002","2","","","","AkBankSourceData"
"354668928","354668928","True","354668928.wem","th4_000_common_vo\english(us)\354668928.wem","22367","1","","","","AkBankSourceData"
"357489160","357489160","True","357489160.wem","th4_000_common_vo\english(us)\357489160.wem","29996","1","","","","AkBankSourceData"
"358279764","358279764","True","358279764.wem","th4_000_common_vo\english(us)\358279764.wem","16371","1","","","","AkBankSourceData"
"359231875","359231875","True","359231875.wem","th4_000_common_vo\english(us)\359231875.wem","17715","1","","","","AkBankSourceData"
"359297207","359297207","True","359297207.wem","th4_000_common_vo\english(us)\359297207.wem","38391","1","","","","AkBankSourceData"
"359395123","359395123","True","359395123.wem","th4_000_common_vo\english(us)\359395123.wem","22824","1","","","","AkBankSourceData"
"360887369","360887369","True","360887369.wem","th4_000_common_vo\english(us)\360887369.wem","11296","1","","","","AkBankSourceData"
"361924852","361924852","True","361924852.wem","th4_000_common_vo\english(us)\361924852.wem","28294","1","","","","AkBankSourceData"
"365060074","365060074","True","365060074.wem","th4_000_common_vo\english(us)\365060074.wem","31756","1","","","","AkBankSourceData"
"366751104","366751104","True","366751104.wem","th4_000_common_vo\english(us)\366751104.wem","20070","1","","","","AkBankSourceData"
"366831874","366831874","True","366831874.wem","th4_000_common_vo\english(us)\366831874.wem","32369","2","","","","AkBankSourceData"
"366957376","366957376","True","366957376.wem","th4_000_common_vo\english(us)\366957376.wem","44757","1","","","","AkBankSourceData"
"367107921","367107921","True","367107921.wem","th4_000_common_vo\english(us)\367107921.wem","7228","1","","","","AkBankSourceData"
"367584962","367584962","True","367584962.wem","th4_000_common_vo\english(us)\367584962.wem","23192","1","","","","AkBankSourceData"
"368819908","368819908","True","368819908.wem","th4_000_common_vo\english(us)\368819908.wem","11892","1","","","","AkBankSourceData"
"371295396","371295396","True","371295396.wem","th4_000_common_vo\english(us)\371295396.wem","34525","1","","","","AkBankSourceData"
"371394614","371394614","True","371394614.wem","th4_000_common_vo\english(us)\371394614.wem","74367","2","","","","AkBankSourceData"
"372538656","372538656","True","372538656.wem","th4_000_common_vo\english(us)\372538656.wem","33903","1","","","","AkBankSourceData"
"374069543","374069543","True","374069543.wem","th4_000_common_vo\english(us)\374069543.wem","22434","1","","","","AkBankSourceData"
"374071736","374071736","True","374071736.wem","th4_000_common_vo\english(us)\374071736.wem","25689","1","","","","AkBankSourceData"
"374410794","374410794","True","374410794.wem","th4_000_common_vo\english(us)\374410794.wem","10854","1","","","","AkBankSourceData"
"375133198","375133198","True","375133198.wem","th4_000_common_vo\english(us)\375133198.wem","47577","1","","","","AkBankSourceData"
"376272801","376272801","True","376272801.wem","th4_000_common_vo\english(us)\376272801.wem","32513","1","","","","AkBankSourceData"
"376568401","376568401","True","376568401.wem","th4_000_common_vo\english(us)\376568401.wem","19668","1","","","","AkBankSourceData"
"377506577","377506577","True","377506577.wem","th4_000_common_vo\english(us)\377506577.wem","26844","1","","","","AkBankSourceData"
"382335453","382335453","True","382335453.wem","th4_000_common_vo\english(us)\382335453.wem","31542","1","","","","AkBankSourceData"
"382402011","382402011","True","382402011.wem","th4_000_common_vo\english(us)\382402011.wem","74569","2","","","","AkBankSourceData"
"383557193","383557193","True","383557193.wem","th4_000_common_vo\english(us)\383557193.wem","69583","1","","","","AkBankSourceData"
"383786923","383786923","True","383786923.wem","th4_000_common_vo\english(us)\383786923.wem","19491","1","","","","AkBankSourceData"
"384020408","384020408","True","384020408.wem","th4_000_common_vo\english(us)\384020408.wem","43615","1","","","","AkBankSourceData"
"385288379","385288379","True","385288379.wem","th4_000_common_vo\english(us)\385288379.wem","6010","2","","","","AkBankSourceData"
"387708242","387708242","True","387708242.wem","th4_000_common_vo\english(us)\387708242.wem","22058","1","","","","AkBankSourceData"
"388419407","388419407","True","388419407.wem","th4_000_common_vo\english(us)\388419407.wem","51029","1","","","","AkBankSourceData"
"393504504","393504504","True","393504504.wem","th4_000_common_vo\english(us)\393504504.wem","16915","1","","","","AkBankSourceData"
"393759497","393759497","True","393759497.wem","th4_000_common_vo\english(us)\393759497.wem","46320","1","","","","AkBankSourceData"
"393960277","393960277","True","393960277.wem","th4_000_common_vo\english(us)\393960277.wem","51130","1","","","","AkBankSourceData"
"394444490","394444490","True","394444490.wem","th4_000_common_vo\english(us)\394444490.wem","26214","1","","","","AkBankSourceData"
"394844575","394844575","True","394844575.wem","th4_000_common_vo\english(us)\394844575.wem","40535","1","","","","AkBankSourceData"
"396856693","396856693","True","396856693.wem","th4_000_common_vo\english(us)\396856693.wem","37711","1","","","","AkBankSourceData"
"398622759","398622759","True","398622759.wem","th4_000_common_vo\english(us)\398622759.wem","54677","2","","","","AkBankSourceData"
"400137489","400137489","True","400137489.wem","th4_000_common_vo\english(us)\400137489.wem","7057","1","","","","AkBankSourceData"
"400720740","400720740","True","400720740.wem","th4_000_common_vo\english(us)\400720740.wem","6932","1","","","","AkBankSourceData"
"401643321","401643321","True","401643321.wem","th4_000_common_vo\english(us)\401643321.wem","16356","2","","","","AkBankSourceData"
"401770030","401770030","True","401770030.wem","th4_000_common_vo\english(us)\401770030.wem","56979","1","","","","AkBankSourceData"
"402148274","402148274","True","402148274.wem","th4_000_common_vo\english(us)\402148274.wem","10316","1","","","","AkBankSourceData"
"403731769","403731769","True","403731769.wem","th4_000_common_vo\english(us)\403731769.wem","24117","1","","","","AkBankSourceData"
"404788835","404788835","True","404788835.wem","th4_000_common_vo\english(us)\404788835.wem","38676","1","","","","AkBankSourceData"
"405488693","405488693","True","405488693.wem","th4_000_common_vo\english(us)\405488693.wem","45442","1","","","","AkBankSourceData"
"406532239","406532239","True","406532239.wem","th4_000_common_vo\english(us)\406532239.wem","58263","1","","","","AkBankSourceData"
"408545271","408545271","True","408545271.wem","th4_000_common_vo\english(us)\408545271.wem","17080","1","","","","AkBankSourceData"
"409047569","409047569","True","409047569.wem","th4_000_common_vo\english(us)\409047569.wem","10722","1","","","","AkBankSourceData"
"410268385","410268385","True","410268385.wem","th4_000_common_vo\english(us)\410268385.wem","36526","2","","","","AkBankSourceData"
"410333338","410333338","True","410333338.wem","th4_000_common_vo\english(us)\410333338.wem","13545","1","","","","AkBankSourceData"
"410655110","410655110","True","410655110.wem","th4_000_common_vo\english(us)\410655110.wem","43885","1","","","","AkBankSourceData"
"411497555","411497555","True","411497555.wem","th4_000_common_vo\english(us)\411497555.wem","24355","1","","","","AkBankSourceData"
"412020070","412020070","True","412020070.wem","th4_000_common_vo\english(us)\412020070.wem","12924","1","","","","AkBankSourceData"
"415162792","415162792","True","415162792.wem","th4_000_common_vo\english(us)\415162792.wem","11233","2","","","","AkBankSourceData"
"415572436","415572436","True","415572436.wem","th4_000_common_vo\english(us)\415572436.wem","68264","1","","","","AkBankSourceData"
"415978962","415978962","True","415978962.wem","th4_000_common_vo\english(us)\415978962.wem","11318","1","","","","AkBankSourceData"
"415979427","415979427","True","415979427.wem","th4_000_common_vo\english(us)\415979427.wem","43075","1","","","","AkBankSourceData"
"417027039","417027039","True","417027039.wem","th4_000_common_vo\english(us)\417027039.wem","48870","1","","","","AkBankSourceData"
"417658502","417658502","True","417658502.wem","th4_000_common_vo\english(us)\417658502.wem","22492","1","","","","AkBankSourceData"
"418024896","418024896","True","418024896.wem","th4_000_common_vo\english(us)\418024896.wem","50055","1","","","","AkBankSourceData"
"419074368","419074368","True","419074368.wem","th4_000_common_vo\english(us)\419074368.wem","13656","1","","","","AkBankSourceData"
"423576560","423576560","True","423576560.wem","th4_000_common_vo\english(us)\423576560.wem","13329","1","","","","AkBankSourceData"
"424842952","424842952","True","424842952.wem","th4_000_common_vo\english(us)\424842952.wem","88289","1","","","","AkBankSourceData"
"428355477","428355477","True","428355477.wem","th4_000_common_vo\english(us)\428355477.wem","21799","1","","","","AkBankSourceData"
"429713486","429713486","True","429713486.wem","th4_000_common_vo\english(us)\429713486.wem","6210","2","","","","AkBankSourceData"
"429842192","429842192","True","429842192.wem","th4_000_common_vo\english(us)\429842192.wem","67266","1","","","","AkBankSourceData"
"430086978","430086978","True","430086978.wem","th4_000_common_vo\english(us)\430086978.wem","16021","1","","","","AkBankSourceData"
"430911117","430911117","True","430911117.wem","th4_000_common_vo\english(us)\430911117.wem","20566","1","","","","AkBankSourceData"
"431294283","431294283","True","431294283.wem","th4_000_common_vo\english(us)\431294283.wem","26991","1","","","","AkBankSourceData"
"431430945","431430945","True","431430945.wem","th4_000_common_vo\english(us)\431430945.wem","9731","1","","","","AkBankSourceData"
"431481085","431481085","True","431481085.wem","th4_000_common_vo\english(us)\431481085.wem","64360","2","","","","AkBankSourceData"
"431551151","431551151","True","431551151.wem","th4_000_common_vo\english(us)\431551151.wem","113444","2","","","","AkBankSourceData"
"432000320","432000320","True","432000320.wem","th4_000_common_vo\english(us)\432000320.wem","10906","1","","","","AkBankSourceData"
"433222527","433222527","True","433222527.wem","th4_000_common_vo\english(us)\433222527.wem","45630","1","","","","AkBankSourceData"
"433983910","433983910","True","433983910.wem","th4_000_common_vo\english(us)\433983910.wem","18501","1","","","","AkBankSourceData"
"434389044","434389044","True","434389044.wem","th4_000_common_vo\english(us)\434389044.wem","6922","2","","","","AkBankSourceData"
"438170191","438170191","True","438170191.wem","th4_000_common_vo\english(us)\438170191.wem","19694","1","","","","AkBankSourceData"
"439504169","439504169","True","439504169.wem","th4_000_common_vo\english(us)\439504169.wem","41613","1","","","","AkBankSourceData"
"439812956","439812956","True","439812956.wem","th4_000_common_vo\english(us)\439812956.wem","7060","1","","","","AkBankSourceData"
"439818420","439818420","True","439818420.wem","th4_000_common_vo\english(us)\439818420.wem","28388","1","","","","AkBankSourceData"
"439964722","439964722","True","439964722.wem","th4_000_common_vo\english(us)\439964722.wem","7857","1","","","","AkBankSourceData"
"441080534","441080534","True","441080534.wem","th4_000_common_vo\english(us)\441080534.wem","53213","2","","","","AkBankSourceData"
"441093314","441093314","True","441093314.wem","th4_000_common_vo\english(us)\441093314.wem","8957","1","","","","AkBankSourceData"
"441636163","441636163","True","441636163.wem","th4_000_common_vo\english(us)\441636163.wem","11305","1","","","","AkBankSourceData"
"441969863","441969863","True","441969863.wem","th4_000_common_vo\english(us)\441969863.wem","41739","1","","","","AkBankSourceData"
"442044236","442044236","True","442044236.wem","th4_000_common_vo\english(us)\442044236.wem","8274","1","","","","AkBankSourceData"
"443826166","443826166","True","443826166.wem","th4_000_common_vo\english(us)\443826166.wem","21627","1","","","","AkBankSourceData"
"444357559","444357559","True","444357559.wem","th4_000_common_vo\english(us)\444357559.wem","20203","1","","","","AkBankSourceData"
"446263000","446263000","True","446263000.wem","th4_000_common_vo\english(us)\446263000.wem","34873","1","","","","AkBankSourceData"
"448827065","448827065","True","448827065.wem","th4_000_common_vo\english(us)\448827065.wem","24411","2","","","","AkBankSourceData"
"449583122","449583122","True","449583122.wem","th4_000_common_vo\english(us)\449583122.wem","46351","1","","","","AkBankSourceData"
"449603267","449603267","True","449603267.wem","th4_000_common_vo\english(us)\449603267.wem","98189","2","","","","AkBankSourceData"
"450167022","450167022","True","450167022.wem","th4_000_common_vo\english(us)\450167022.wem","13273","1","","","","AkBankSourceData"
"451636995","451636995","True","451636995.wem","th4_000_common_vo\english(us)\451636995.wem","35710","1","","","","AkBankSourceData"
"451974591","451974591","True","451974591.wem","th4_000_common_vo\english(us)\451974591.wem","78745","1","","","","AkBankSourceData"
"452233968","452233968","True","452233968.wem","th4_000_common_vo\english(us)\452233968.wem","31588","1","","","","AkBankSourceData"
"452594030","452594030","True","452594030.wem","th4_000_common_vo\english(us)\452594030.wem","50327","1","","","","AkBankSourceData"
"452907922","452907922","True","452907922.wem","th4_000_common_vo\english(us)\452907922.wem","22722","1","","","","AkBankSourceData"
"453883104","453883104","True","453883104.wem","th4_000_common_vo\english(us)\453883104.wem","22619","1","","","","AkBankSourceData"
"458898376","458898376","True","458898376.wem","th4_000_common_vo\english(us)\458898376.wem","19938","1","","","","AkBankSourceData"
"458958901","458958901","True","458958901.wem","th4_000_common_vo\english(us)\458958901.wem","61395","2","","","","AkBankSourceData"
"460416727","460416727","True","460416727.wem","th4_000_common_vo\english(us)\460416727.wem","42079","1","","","","AkBankSourceData"
"461263734","461263734","True","461263734.wem","th4_000_common_vo\english(us)\461263734.wem","32426","1","","","","AkBankSourceData"
"461795631","461795631","True","461795631.wem","th4_000_common_vo\english(us)\461795631.wem","74296","2","","","","AkBankSourceData"
"462415706","462415706","True","462415706.wem","th4_000_common_vo\english(us)\462415706.wem","96114","1","","","","AkBankSourceData"
"463698316","463698316","True","463698316.wem","th4_000_common_vo\english(us)\463698316.wem","36125","1","","","","AkBankSourceData"
"465528367","465528367","True","465528367.wem","th4_000_common_vo\english(us)\465528367.wem","51835","1","","","","AkBankSourceData"
"465789938","465789938","True","465789938.wem","th4_000_common_vo\english(us)\465789938.wem","32468","1","","","","AkBankSourceData"
"465962432","465962432","True","465962432.wem","th4_000_common_vo\english(us)\465962432.wem","11928","1","","","","AkBankSourceData"
"466008262","466008262","True","466008262.wem","th4_000_common_vo\english(us)\466008262.wem","22673","1","","","","AkBankSourceData"
"467069342","467069342","True","467069342.wem","th4_000_common_vo\english(us)\467069342.wem","19971","1","","","","AkBankSourceData"
"468166270","468166270","True","468166270.wem","th4_000_common_vo\english(us)\468166270.wem","241041","1","","","","AkBankSourceData"
"470175939","470175939","True","470175939.wem","th4_000_common_vo\english(us)\470175939.wem","22719","1","","","","AkBankSourceData"
"470716356","470716356","True","470716356.wem","th4_000_common_vo\english(us)\470716356.wem","25237","1","","","","AkBankSourceData"
"471584944","471584944","True","471584944.wem","th4_000_common_vo\english(us)\471584944.wem","55561","1","","","","AkBankSourceData"
"471755574","471755574","True","471755574.wem","th4_000_common_vo\english(us)\471755574.wem","62948","1","","","","AkBankSourceData"
"471866784","471866784","True","471866784.wem","th4_000_common_vo\english(us)\471866784.wem","8143","1","","","","AkBankSourceData"
"472341349","472341349","True","472341349.wem","th4_000_common_vo\english(us)\472341349.wem","84461","1","","","","AkBankSourceData"
"473254968","473254968","True","473254968.wem","th4_000_common_vo\english(us)\473254968.wem","47359","1","","","","AkBankSourceData"
"474078733","474078733","True","474078733.wem","th4_000_common_vo\english(us)\474078733.wem","27713","1","","","","AkBankSourceData"
"474328726","474328726","True","474328726.wem","th4_000_common_vo\english(us)\474328726.wem","34924","1","","","","AkBankSourceData"
"474969243","474969243","True","474969243.wem","th4_000_common_vo\english(us)\474969243.wem","37946","1","","","","AkBankSourceData"
"475146708","475146708","True","475146708.wem","th4_000_common_vo\english(us)\475146708.wem","31730","1","","","","AkBankSourceData"
"475355609","475355609","True","475355609.wem","th4_000_common_vo\english(us)\475355609.wem","42751","1","","","","AkBankSourceData"
"478782204","478782204","True","478782204.wem","th4_000_common_vo\english(us)\478782204.wem","46540","1","","","","AkBankSourceData"
"481015795","481015795","True","481015795.wem","th4_000_common_vo\english(us)\481015795.wem","26877","1","","","","AkBankSourceData"
"481209477","481209477","True","481209477.wem","th4_000_common_vo\english(us)\481209477.wem","34105","1","","","","AkBankSourceData"
"481223653","481223653","True","481223653.wem","th4_000_common_vo\english(us)\481223653.wem","29032","1","","","","AkBankSourceData"
"482232445","482232445","True","482232445.wem","th4_000_common_vo\english(us)\482232445.wem","113230","1","","","","AkBankSourceData"
"483044510","483044510","True","483044510.wem","th4_000_common_vo\english(us)\483044510.wem","30790","1","","","","AkBankSourceData"
"483424404","483424404","True","483424404.wem","th4_000_common_vo\english(us)\483424404.wem","12914","1","","","","AkBankSourceData"
"485350741","485350741","True","485350741.wem","th4_000_common_vo\english(us)\485350741.wem","40228","1","","","","AkBankSourceData"
"486401047","486401047","True","486401047.wem","th4_000_common_vo\english(us)\486401047.wem","45549","1","","","","AkBankSourceData"
"486413675","486413675","True","486413675.wem","th4_000_common_vo\english(us)\486413675.wem","19480","1","","","","AkBankSourceData"
"486742604","486742604","True","486742604.wem","th4_000_common_vo\english(us)\486742604.wem","67625","1","","","","AkBankSourceData"
"488360730","488360730","True","488360730.wem","th4_000_common_vo\english(us)\488360730.wem","24327","1","","","","AkBankSourceData"
"490282974","490282974","True","490282974.wem","th4_000_common_vo\english(us)\490282974.wem","41488","1","","","","AkBankSourceData"
"491564024","491564024","True","491564024.wem","th4_000_common_vo\english(us)\491564024.wem","53013","1","","","","AkBankSourceData"
"492451819","492451819","True","492451819.wem","th4_000_common_vo\english(us)\492451819.wem","28375","1","","","","AkBankSourceData"
"493162889","493162889","True","493162889.wem","th4_000_common_vo\english(us)\493162889.wem","16099","1","","","","AkBankSourceData"
"493670512","493670512","True","493670512.wem","th4_000_common_vo\english(us)\493670512.wem","82540","1","","","","AkBankSourceData"
"493722911","493722911","True","493722911.wem","th4_000_common_vo\english(us)\493722911.wem","44282","1","","","","AkBankSourceData"
"494989785","494989785","True","494989785.wem","th4_000_common_vo\english(us)\494989785.wem","23559","1","","","","AkBankSourceData"
"495764015","495764015","True","495764015.wem","th4_000_common_vo\english(us)\495764015.wem","20535","1","","","","AkBankSourceData"
"495882292","495882292","True","495882292.wem","th4_000_common_vo\english(us)\495882292.wem","14659","1","","","","AkBankSourceData"
"496330691","496330691","True","496330691.wem","th4_000_common_vo\english(us)\496330691.wem","26415","1","","","","AkBankSourceData"
"496373118","496373118","True","496373118.wem","th4_000_common_vo\english(us)\496373118.wem","16313","1","","","","AkBankSourceData"
"499650297","499650297","True","499650297.wem","th4_000_common_vo\english(us)\499650297.wem","26805","1","","","","AkBankSourceData"
"500049807","500049807","True","500049807.wem","th4_000_common_vo\english(us)\500049807.wem","145339","1","","","","AkBankSourceData"
"503314529","503314529","True","503314529.wem","th4_000_common_vo\english(us)\503314529.wem","47251","1","","","","AkBankSourceData"
"503484683","503484683","True","503484683.wem","th4_000_common_vo\english(us)\503484683.wem","41852","1","","","","AkBankSourceData"
"503584387","503584387","True","503584387.wem","th4_000_common_vo\english(us)\503584387.wem","9329","1","","","","AkBankSourceData"
"504253636","504253636","True","504253636.wem","th4_000_common_vo\english(us)\504253636.wem","9034","1","","","","AkBankSourceData"
"505575962","505575962","True","505575962.wem","th4_000_common_vo\english(us)\505575962.wem","36612","1","","","","AkBankSourceData"
"505642874","505642874","True","505642874.wem","th4_000_common_vo\english(us)\505642874.wem","47557","1","","","","AkBankSourceData"
"506104412","506104412","True","506104412.wem","th4_000_common_vo\english(us)\506104412.wem","62981","1","","","","AkBankSourceData"
"506775474","506775474","True","506775474.wem","th4_000_common_vo\english(us)\506775474.wem","33861","1","","","","AkBankSourceData"
"507868355","507868355","True","507868355.wem","th4_000_common_vo\english(us)\507868355.wem","38516","1","","","","AkBankSourceData"
"508042368","508042368","True","508042368.wem","th4_000_common_vo\english(us)\508042368.wem","25580","1","","","","AkBankSourceData"
"508384238","508384238","True","508384238.wem","th4_000_common_vo\english(us)\508384238.wem","23841","2","","","","AkBankSourceData"
"508418172","508418172","True","508418172.wem","th4_000_common_vo\english(us)\508418172.wem","20324","1","","","","AkBankSourceData"
"509150225","509150225","True","509150225.wem","th4_000_common_vo\english(us)\509150225.wem","21138","1","","","","AkBankSourceData"
"511031568","511031568","True","511031568.wem","th4_000_common_vo\english(us)\511031568.wem","19242","1","","","","AkBankSourceData"
"511045932","511045932","True","511045932.wem","th4_000_common_vo\english(us)\511045932.wem","44433","1","","","","AkBankSourceData"
"512180737","512180737","True","512180737.wem","th4_000_common_vo\english(us)\512180737.wem","33781","1","","","","AkBankSourceData"
"513712278","513712278","True","513712278.wem","th4_000_common_vo\english(us)\513712278.wem","32419","1","","","","AkBankSourceData"
"514246346","514246346","True","514246346.wem","th4_000_common_vo\english(us)\514246346.wem","17009","2","","","","AkBankSourceData"
"516151388","516151388","True","516151388.wem","th4_000_common_vo\english(us)\516151388.wem","22157","1","","","","AkBankSourceData"
"518039797","518039797","True","518039797.wem","th4_000_common_vo\english(us)\518039797.wem","13289","1","","","","AkBankSourceData"
"520292044","520292044","True","520292044.wem","th4_000_common_vo\english(us)\520292044.wem","29683","1","","","","AkBankSourceData"
"522342351","522342351","True","522342351.wem","th4_000_common_vo\english(us)\522342351.wem","29287","1","","","","AkBankSourceData"
"525609901","525609901","True","525609901.wem","th4_000_common_vo\english(us)\525609901.wem","66688","1","","","","AkBankSourceData"
"526885551","526885551","True","526885551.wem","th4_000_common_vo\english(us)\526885551.wem","10178","1","","","","AkBankSourceData"
"528120439","528120439","True","528120439.wem","th4_000_common_vo\english(us)\528120439.wem","21858","1","","","","AkBankSourceData"
"528151165","528151165","True","528151165.wem","th4_000_common_vo\english(us)\528151165.wem","9576","1","","","","AkBankSourceData"
"529048438","529048438","True","529048438.wem","th4_000_common_vo\english(us)\529048438.wem","13824","1","","","","AkBankSourceData"
"529146015","529146015","True","529146015.wem","th4_000_common_vo\english(us)\529146015.wem","23991","1","","","","AkBankSourceData"
"529421949","529421949","True","529421949.wem","th4_000_common_vo\english(us)\529421949.wem","18945","1","","","","AkBankSourceData"
"529627824","529627824","True","529627824.wem","th4_000_common_vo\english(us)\529627824.wem","44500","1","","","","AkBankSourceData"
"530181021","530181021","True","530181021.wem","th4_000_common_vo\english(us)\530181021.wem","26059","1","","","","AkBankSourceData"
"530397980","530397980","True","530397980.wem","th4_000_common_vo\english(us)\530397980.wem","32426","1","","","","AkBankSourceData"
"530692136","530692136","True","530692136.wem","th4_000_common_vo\english(us)\530692136.wem","56525","1","","","","AkBankSourceData"
"530969235","530969235","True","530969235.wem","th4_000_common_vo\english(us)\530969235.wem","10979","1","","","","AkBankSourceData"
"531151495","531151495","True","531151495.wem","th4_000_common_vo\english(us)\531151495.wem","18945","1","","","","AkBankSourceData"
"531535501","531535501","True","531535501.wem","th4_000_common_vo\english(us)\531535501.wem","18043","1","","","","AkBankSourceData"
"534780668","534780668","True","534780668.wem","th4_000_common_vo\english(us)\534780668.wem","11996","1","","","","AkBankSourceData"
"536079640","536079640","True","536079640.wem","th4_000_common_vo\english(us)\536079640.wem","13197","1","","","","AkBankSourceData"
"536154943","536154943","True","536154943.wem","th4_000_common_vo\english(us)\536154943.wem","137969","2","","","","AkBankSourceData"
"536489072","536489072","True","536489072.wem","th4_000_common_vo\english(us)\536489072.wem","19969","1","","","","AkBankSourceData"
"537768246","537768246","True","537768246.wem","th4_000_common_vo\english(us)\537768246.wem","12967","1","","","","AkBankSourceData"
"538302831","538302831","True","538302831.wem","th4_000_common_vo\english(us)\538302831.wem","34744","1","","","","AkBankSourceData"
"540348542","540348542","True","540348542.wem","th4_000_common_vo\english(us)\540348542.wem","27328","1","","","","AkBankSourceData"
"541461070","541461070","True","541461070.wem","th4_000_common_vo\english(us)\541461070.wem","8354","1","","","","AkBankSourceData"
"545435231","545435231","True","545435231.wem","th4_000_common_vo\english(us)\545435231.wem","33967","1","","","","AkBankSourceData"
"545688649","545688649","True","545688649.wem","th4_000_common_vo\english(us)\545688649.wem","31338","1","","","","AkBankSourceData"
"546071994","546071994","True","546071994.wem","th4_000_common_vo\english(us)\546071994.wem","33921","1","","","","AkBankSourceData"
"546302932","546302932","True","546302932.wem","th4_000_common_vo\english(us)\546302932.wem","33005","1","","","","AkBankSourceData"
"547039271","547039271","True","547039271.wem","th4_000_common_vo\english(us)\547039271.wem","12650","2","","","","AkBankSourceData"
"548195936","548195936","True","548195936.wem","th4_000_common_vo\english(us)\548195936.wem","32700","1","","","","AkBankSourceData"
"548631672","548631672","True","548631672.wem","th4_000_common_vo\english(us)\548631672.wem","36508","1","","","","AkBankSourceData"
"549141893","549141893","True","549141893.wem","th4_000_common_vo\english(us)\549141893.wem","34141","1","","","","AkBankSourceData"
"551136483","551136483","True","551136483.wem","th4_000_common_vo\english(us)\551136483.wem","42429","1","","","","AkBankSourceData"
"553050431","553050431","True","553050431.wem","th4_000_common_vo\english(us)\553050431.wem","57066","1","","","","AkBankSourceData"
"556011718","556011718","True","556011718.wem","th4_000_common_vo\english(us)\556011718.wem","39908","1","","","","AkBankSourceData"
"556780192","556780192","True","556780192.wem","th4_000_common_vo\english(us)\556780192.wem","17357","1","","","","AkBankSourceData"
"557983551","557983551","True","557983551.wem","th4_000_common_vo\english(us)\557983551.wem","27681","1","","","","AkBankSourceData"
"558462656","558462656","True","558462656.wem","th4_000_common_vo\english(us)\558462656.wem","17385","2","","","","AkBankSourceData"
"560660796","560660796","True","560660796.wem","th4_000_common_vo\english(us)\560660796.wem","15168","1","","","","AkBankSourceData"
"560912128","560912128","True","560912128.wem","th4_000_common_vo\english(us)\560912128.wem","8314","1","","","","AkBankSourceData"
"561015116","561015116","True","561015116.wem","th4_000_common_vo\english(us)\561015116.wem","13253","1","","","","AkBankSourceData"
"561127797","561127797","True","561127797.wem","th4_000_common_vo\english(us)\561127797.wem","32059","1","","","","AkBankSourceData"
"561179109","561179109","True","561179109.wem","th4_000_common_vo\english(us)\561179109.wem","48493","1","","","","AkBankSourceData"
"561621684","561621684","True","561621684.wem","th4_000_common_vo\english(us)\561621684.wem","91343","1","","","","AkBankSourceData"
"564389244","564389244","True","564389244.wem","th4_000_common_vo\english(us)\564389244.wem","42507","1","","","","AkBankSourceData"
"564398809","564398809","True","564398809.wem","th4_000_common_vo\english(us)\564398809.wem","33926","1","","","","AkBankSourceData"
"564551233","564551233","True","564551233.wem","th4_000_common_vo\english(us)\564551233.wem","8292","1","","","","AkBankSourceData"
"565565952","565565952","True","565565952.wem","th4_000_common_vo\english(us)\565565952.wem","25606","1","","","","AkBankSourceData"
"566090492","566090492","True","566090492.wem","th4_000_common_vo\english(us)\566090492.wem","12966","1","","","","AkBankSourceData"
"566110703","566110703","True","566110703.wem","th4_000_common_vo\english(us)\566110703.wem","13353","1","","","","AkBankSourceData"
"567927241","567927241","True","567927241.wem","th4_000_common_vo\english(us)\567927241.wem","47143","1","","","","AkBankSourceData"
"568173431","568173431","True","568173431.wem","th4_000_common_vo\english(us)\568173431.wem","11449","1","","","","AkBankSourceData"
"572354245","572354245","True","572354245.wem","th4_000_common_vo\english(us)\572354245.wem","22381","1","","","","AkBankSourceData"
"575396518","575396518","True","575396518.wem","th4_000_common_vo\english(us)\575396518.wem","14813","2","","","","AkBankSourceData"
"577440984","577440984","True","577440984.wem","th4_000_common_vo\english(us)\577440984.wem","17738","1","","","","AkBankSourceData"
"578006395","578006395","True","578006395.wem","th4_000_common_vo\english(us)\578006395.wem","14982","1","","","","AkBankSourceData"
"578164637","578164637","True","578164637.wem","th4_000_common_vo\english(us)\578164637.wem","29512","1","","","","AkBankSourceData"
"578507687","578507687","True","578507687.wem","th4_000_common_vo\english(us)\578507687.wem","61480","1","","","","AkBankSourceData"
"578909285","578909285","True","578909285.wem","th4_000_common_vo\english(us)\578909285.wem","22562","1","","","","AkBankSourceData"
"579137320","579137320","True","579137320.wem","th4_000_common_vo\english(us)\579137320.wem","23256","1","","","","AkBankSourceData"
"579883385","579883385","True","579883385.wem","th4_000_common_vo\english(us)\579883385.wem","20067","1","","","","AkBankSourceData"
"580642956","580642956","True","580642956.wem","th4_000_common_vo\english(us)\580642956.wem","26073","1","","","","AkBankSourceData"
"581175625","581175625","True","581175625.wem","th4_000_common_vo\english(us)\581175625.wem","23488","1","","","","AkBankSourceData"
"581710097","581710097","True","581710097.wem","th4_000_common_vo\english(us)\581710097.wem","10327","1","","","","AkBankSourceData"
"582033018","582033018","True","582033018.wem","th4_000_common_vo\english(us)\582033018.wem","70632","1","","","","AkBankSourceData"
"583111496","583111496","True","583111496.wem","th4_000_common_vo\english(us)\583111496.wem","12112","1","","","","AkBankSourceData"
"583113460","583113460","True","583113460.wem","th4_000_common_vo\english(us)\583113460.wem","19196","1","","","","AkBankSourceData"
"583398930","583398930","True","583398930.wem","th4_000_common_vo\english(us)\583398930.wem","49137","1","","","","AkBankSourceData"
"583620332","583620332","True","583620332.wem","th4_000_common_vo\english(us)\583620332.wem","52201","1","","","","AkBankSourceData"
"585322642","585322642","True","585322642.wem","th4_000_common_vo\english(us)\585322642.wem","5626","2","","","","AkBankSourceData"
"585691051","585691051","True","585691051.wem","th4_000_common_vo\english(us)\585691051.wem","38882","1","","","","AkBankSourceData"
"586977885","586977885","True","586977885.wem","th4_000_common_vo\english(us)\586977885.wem","37042","1","","","","AkBankSourceData"
"588927754","588927754","True","588927754.wem","th4_000_common_vo\english(us)\588927754.wem","17891","1","","","","AkBankSourceData"
"589104479","589104479","True","589104479.wem","th4_000_common_vo\english(us)\589104479.wem","102829","1","","","","AkBankSourceData"
"589192513","589192513","True","589192513.wem","th4_000_common_vo\english(us)\589192513.wem","31778","1","","","","AkBankSourceData"
"589745889","589745889","True","589745889.wem","th4_000_common_vo\english(us)\589745889.wem","18830","1","","","","AkBankSourceData"
"590295318","590295318","True","590295318.wem","th4_000_common_vo\english(us)\590295318.wem","73666","1","","","","AkBankSourceData"
"591196620","591196620","True","591196620.wem","th4_000_common_vo\english(us)\591196620.wem","143326","2","","","","AkBankSourceData"
"596333364","596333364","True","596333364.wem","th4_000_common_vo\english(us)\596333364.wem","7830","1","","","","AkBankSourceData"
"596342624","596342624","True","596342624.wem","th4_000_common_vo\english(us)\596342624.wem","11304","1","","","","AkBankSourceData"
"596877562","596877562","True","596877562.wem","th4_000_common_vo\english(us)\596877562.wem","14702","1","","","","AkBankSourceData"
"597854950","597854950","True","597854950.wem","th4_000_common_vo\english(us)\597854950.wem","9054","1","","","","AkBankSourceData"
"597905619","597905619","True","597905619.wem","th4_000_common_vo\english(us)\597905619.wem","17006","1","","","","AkBankSourceData"
"598109044","598109044","True","598109044.wem","th4_000_common_vo\english(us)\598109044.wem","25849","1","","","","AkBankSourceData"
"605166869","605166869","True","605166869.wem","th4_000_common_vo\english(us)\605166869.wem","89057","1","","","","AkBankSourceData"
"606607172","606607172","True","606607172.wem","th4_000_common_vo\english(us)\606607172.wem","19482","1","","","","AkBankSourceData"
"606911486","606911486","True","606911486.wem","th4_000_common_vo\english(us)\606911486.wem","37432","1","","","","AkBankSourceData"
"607237120","607237120","True","607237120.wem","th4_000_common_vo\english(us)\607237120.wem","46088","1","","","","AkBankSourceData"
"607257319","607257319","True","607257319.wem","th4_000_common_vo\english(us)\607257319.wem","44209","1","","","","AkBankSourceData"
"608002897","608002897","True","608002897.wem","th4_000_common_vo\english(us)\608002897.wem","42395","1","","","","AkBankSourceData"
"608686206","608686206","True","608686206.wem","th4_000_common_vo\english(us)\608686206.wem","5998","1","","","","AkBankSourceData"
"609279557","609279557","True","609279557.wem","th4_000_common_vo\english(us)\609279557.wem","54324","1","","","","AkBankSourceData"
"609442118","609442118","True","609442118.wem","th4_000_common_vo\english(us)\609442118.wem","28349","1","","","","AkBankSourceData"
"609473232","609473232","True","609473232.wem","th4_000_common_vo\english(us)\609473232.wem","16643","1","","","","AkBankSourceData"
"610558789","610558789","True","610558789.wem","th4_000_common_vo\english(us)\610558789.wem","10744","1","","","","AkBankSourceData"
"613385637","613385637","True","613385637.wem","th4_000_common_vo\english(us)\613385637.wem","32984","1","","","","AkBankSourceData"
"616565789","616565789","True","616565789.wem","th4_000_common_vo\english(us)\616565789.wem","8111","2","","","","AkBankSourceData"
"618025199","618025199","True","618025199.wem","th4_000_common_vo\english(us)\618025199.wem","32978","1","","","","AkBankSourceData"
"618494245","618494245","True","618494245.wem","th4_000_common_vo\english(us)\618494245.wem","18984","1","","","","AkBankSourceData"
"619268756","619268756","True","619268756.wem","th4_000_common_vo\english(us)\619268756.wem","19245","1","","","","AkBankSourceData"
"619319587","619319587","True","619319587.wem","th4_000_common_vo\english(us)\619319587.wem","39433","1","","","","AkBankSourceData"
"619345926","619345926","True","619345926.wem","th4_000_common_vo\english(us)\619345926.wem","27284","1","","","","AkBankSourceData"
"620304233","620304233","True","620304233.wem","th4_000_common_vo\english(us)\620304233.wem","46184","1","","","","AkBankSourceData"
"620639237","620639237","True","620639237.wem","th4_000_common_vo\english(us)\620639237.wem","40198","1","","","","AkBankSourceData"
"621923253","621923253","True","621923253.wem","th4_000_common_vo\english(us)\621923253.wem","25062","1","","","","AkBankSourceData"
"622342419","622342419","True","622342419.wem","th4_000_common_vo\english(us)\622342419.wem","26362","1","","","","AkBankSourceData"
"622869614","622869614","True","622869614.wem","th4_000_common_vo\english(us)\622869614.wem","61345","1","","","","AkBankSourceData"
"623153603","623153603","True","623153603.wem","th4_000_common_vo\english(us)\623153603.wem","17128","2","","","","AkBankSourceData"
"623217668","623217668","True","623217668.wem","th4_000_common_vo\english(us)\623217668.wem","13753","1","","","","AkBankSourceData"
"623442379","623442379","True","623442379.wem","th4_000_common_vo\english(us)\623442379.wem","56017","1","","","","AkBankSourceData"
"624055360","624055360","True","624055360.wem","th4_000_common_vo\english(us)\624055360.wem","42938","1","","","","AkBankSourceData"
"625985248","625985248","True","625985248.wem","th4_000_common_vo\english(us)\625985248.wem","25813","1","","","","AkBankSourceData"
"626322069","626322069","True","626322069.wem","th4_000_common_vo\english(us)\626322069.wem","115138","2","","","","AkBankSourceData"
"627610828","627610828","True","627610828.wem","th4_000_common_vo\english(us)\627610828.wem","8647","1","","","","AkBankSourceData"
"627935293","627935293","True","627935293.wem","th4_000_common_vo\english(us)\627935293.wem","9944","1","","","","AkBankSourceData"
"629168157","629168157","True","629168157.wem","th4_000_common_vo\english(us)\629168157.wem","50326","1","","","","AkBankSourceData"
"630526577","630526577","True","630526577.wem","th4_000_common_vo\english(us)\630526577.wem","19551","1","","","","AkBankSourceData"
"630611290","630611290","True","630611290.wem","th4_000_common_vo\english(us)\630611290.wem","41288","1","","","","AkBankSourceData"
"631317220","631317220","True","631317220.wem","th4_000_common_vo\english(us)\631317220.wem","44171","1","","","","AkBankSourceData"
"631551399","631551399","True","631551399.wem","th4_000_common_vo\english(us)\631551399.wem","63685","1","","","","AkBankSourceData"
"632520951","632520951","True","632520951.wem","th4_000_common_vo\english(us)\632520951.wem","14702","2","","","","AkBankSourceData"
"633207798","633207798","True","633207798.wem","th4_000_common_vo\english(us)\633207798.wem","19211","1","","","","AkBankSourceData"
"634150988","634150988","True","634150988.wem","th4_000_common_vo\english(us)\634150988.wem","38452","1","","","","AkBankSourceData"
"635449659","635449659","True","635449659.wem","th4_000_common_vo\english(us)\635449659.wem","12610","1","","","","AkBankSourceData"
"635651413","635651413","True","635651413.wem","th4_000_common_vo\english(us)\635651413.wem","51467","1","","","","AkBankSourceData"
"636894117","636894117","True","636894117.wem","th4_000_common_vo\english(us)\636894117.wem","3210","1","","","","AkBankSourceData"
"637882652","637882652","True","637882652.wem","th4_000_common_vo\english(us)\637882652.wem","31146","1","","","","AkBankSourceData"
"637936669","637936669","True","637936669.wem","th4_000_common_vo\english(us)\637936669.wem","36694","1","","","","AkBankSourceData"
"638460096","638460096","True","638460096.wem","th4_000_common_vo\english(us)\638460096.wem","22801","1","","","","AkBankSourceData"
"639975831","639975831","True","639975831.wem","th4_000_common_vo\english(us)\639975831.wem","7648","1","","","","AkBankSourceData"
"640524664","640524664","True","640524664.wem","th4_000_common_vo\english(us)\640524664.wem","61512","1","","","","AkBankSourceData"
"640595667","640595667","True","640595667.wem","th4_000_common_vo\english(us)\640595667.wem","25340","1","","","","AkBankSourceData"
"643050642","643050642","True","643050642.wem","th4_000_common_vo\english(us)\643050642.wem","59715","1","","","","AkBankSourceData"
"643106928","643106928","True","643106928.wem","th4_000_common_vo\english(us)\643106928.wem","39239","1","","","","AkBankSourceData"
"644391300","644391300","True","644391300.wem","th4_000_common_vo\english(us)\644391300.wem","78460","1","","","","AkBankSourceData"
"646898170","646898170","True","646898170.wem","th4_000_common_vo\english(us)\646898170.wem","37519","1","","","","AkBankSourceData"
"647714753","647714753","True","647714753.wem","th4_000_common_vo\english(us)\647714753.wem","58276","1","","","","AkBankSourceData"
"647942636","647942636","True","647942636.wem","th4_000_common_vo\english(us)\647942636.wem","13511","2","","","","AkBankSourceData"
"649348424","649348424","True","649348424.wem","th4_000_common_vo\english(us)\649348424.wem","29339","1","","","","AkBankSourceData"
"651223136","651223136","True","651223136.wem","th4_000_common_vo\english(us)\651223136.wem","35048","1","","","","AkBankSourceData"
"652307045","652307045","True","652307045.wem","th4_000_common_vo\english(us)\652307045.wem","25697","1","","","","AkBankSourceData"
"653141414","653141414","True","653141414.wem","th4_000_common_vo\english(us)\653141414.wem","18792","1","","","","AkBankSourceData"
"653461993","653461993","True","653461993.wem","th4_000_common_vo\english(us)\653461993.wem","17205","1","","","","AkBankSourceData"
"655167511","655167511","True","655167511.wem","th4_000_common_vo\english(us)\655167511.wem","70036","2","","","","AkBankSourceData"
"656128884","656128884","True","656128884.wem","th4_000_common_vo\english(us)\656128884.wem","38429","1","","","","AkBankSourceData"
"658700189","658700189","True","658700189.wem","th4_000_common_vo\english(us)\658700189.wem","13647","1","","","","AkBankSourceData"
"659204516","659204516","True","659204516.wem","th4_000_common_vo\english(us)\659204516.wem","40248","1","","","","AkBankSourceData"
"660666201","660666201","True","660666201.wem","th4_000_common_vo\english(us)\660666201.wem","25053","1","","","","AkBankSourceData"
"661007727","661007727","True","661007727.wem","th4_000_common_vo\english(us)\661007727.wem","52859","1","","","","AkBankSourceData"
"661524582","661524582","True","661524582.wem","th4_000_common_vo\english(us)\661524582.wem","18809","1","","","","AkBankSourceData"
"662180586","662180586","True","662180586.wem","th4_000_common_vo\english(us)\662180586.wem","52965","1","","","","AkBankSourceData"
"664790396","664790396","True","664790396.wem","th4_000_common_vo\english(us)\664790396.wem","43631","1","","","","AkBankSourceData"
"664929149","664929149","True","664929149.wem","th4_000_common_vo\english(us)\664929149.wem","26027","1","","","","AkBankSourceData"
"666889927","666889927","True","666889927.wem","th4_000_common_vo\english(us)\666889927.wem","31492","1","","","","AkBankSourceData"
"667534222","667534222","True","667534222.wem","th4_000_common_vo\english(us)\667534222.wem","23312","1","","","","AkBankSourceData"
"668525710","668525710","True","668525710.wem","th4_000_common_vo\english(us)\668525710.wem","61019","1","","","","AkBankSourceData"
"669126361","669126361","True","669126361.wem","th4_000_common_vo\english(us)\669126361.wem","24296","1","","","","AkBankSourceData"
"670881469","670881469","True","670881469.wem","th4_000_common_vo\english(us)\670881469.wem","20527","1","","","","AkBankSourceData"
"672084372","672084372","True","672084372.wem","th4_000_common_vo\english(us)\672084372.wem","61513","1","","","","AkBankSourceData"
"672970291","672970291","True","672970291.wem","th4_000_common_vo\english(us)\672970291.wem","12909","1","","","","AkBankSourceData"
"676072795","676072795","True","676072795.wem","th4_000_common_vo\english(us)\676072795.wem","19131","1","","","","AkBankSourceData"
"676334691","676334691","True","676334691.wem","th4_000_common_vo\english(us)\676334691.wem","129705","1","","","","AkBankSourceData"
"677551103","677551103","True","677551103.wem","th4_000_common_vo\english(us)\677551103.wem","37832","1","","","","AkBankSourceData"
"677559673","677559673","True","677559673.wem","th4_000_common_vo\english(us)\677559673.wem","38454","1","","","","AkBankSourceData"
"677993324","677993324","True","677993324.wem","th4_000_common_vo\english(us)\677993324.wem","16058","1","","","","AkBankSourceData"
"679458430","679458430","True","679458430.wem","th4_000_common_vo\english(us)\679458430.wem","15608","1","","","","AkBankSourceData"
"680130212","0","False","","","","0","","","","AkBankSourceData"
"680844896","680844896","True","680844896.wem","th4_000_common_vo\english(us)\680844896.wem","14570","1","","","","AkBankSourceData"
"681167016","681167016","True","681167016.wem","th4_000_common_vo\english(us)\681167016.wem","97955","1","","","","AkBankSourceData"
"681273938","681273938","True","681273938.wem","th4_000_common_vo\english(us)\681273938.wem","37633","1","","","","AkBankSourceData"
"681387595","681387595","True","681387595.wem","th4_000_common_vo\english(us)\681387595.wem","45444","1","","","","AkBankSourceData"
"683963940","683963940","True","683963940.wem","th4_000_common_vo\english(us)\683963940.wem","49228","1","","","","AkBankSourceData"
"686640077","686640077","True","686640077.wem","th4_000_common_vo\english(us)\686640077.wem","101558","1","","","","AkBankSourceData"
"687952756","687952756","True","687952756.wem","th4_000_common_vo\english(us)\687952756.wem","47498","1","","","","AkBankSourceData"
"688166578","688166578","True","688166578.wem","th4_000_common_vo\english(us)\688166578.wem","36907","1","","","","AkBankSourceData"
"688599799","688599799","True","688599799.wem","th4_000_common_vo\english(us)\688599799.wem","20484","1","","","","AkBankSourceData"
"688622186","688622186","True","688622186.wem","th4_000_common_vo\english(us)\688622186.wem","41981","1","","","","AkBankSourceData"
"691097811","691097811","True","691097811.wem","th4_000_common_vo\english(us)\691097811.wem","18470","1","","","","AkBankSourceData"
"691955040","691955040","True","691955040.wem","th4_000_common_vo\english(us)\691955040.wem","13565","1","","","","AkBankSourceData"
"694355849","694355849","True","694355849.wem","th4_000_common_vo\english(us)\694355849.wem","7288","1","","","","AkBankSourceData"
"695226232","695226232","True","695226232.wem","th4_000_common_vo\english(us)\695226232.wem","23304","1","","","","AkBankSourceData"
"697193758","697193758","True","697193758.wem","th4_000_common_vo\english(us)\697193758.wem","101336","2","","","","AkBankSourceData"
"697282788","697282788","True","697282788.wem","th4_000_common_vo\english(us)\697282788.wem","8388","2","","","","AkBankSourceData"
"698957989","698957989","True","698957989.wem","th4_000_common_vo\english(us)\698957989.wem","12633","1","","","","AkBankSourceData"
"700711985","700711985","True","700711985.wem","th4_000_common_vo\english(us)\700711985.wem","46010","1","","","","AkBankSourceData"
"701213895","701213895","True","701213895.wem","th4_000_common_vo\english(us)\701213895.wem","12943","1","","","","AkBankSourceData"
"702029865","702029865","True","702029865.wem","th4_000_common_vo\english(us)\702029865.wem","32507","1","","","","AkBankSourceData"
"702374114","702374114","True","702374114.wem","th4_000_common_vo\english(us)\702374114.wem","41386","1","","","","AkBankSourceData"
"702379328","702379328","True","702379328.wem","th4_000_common_vo\english(us)\702379328.wem","52629","1","","","","AkBankSourceData"
"704692640","704692640","True","704692640.wem","th4_000_common_vo\english(us)\704692640.wem","9769","2","","","","AkBankSourceData"
"705917216","705917216","True","705917216.wem","th4_000_common_vo\english(us)\705917216.wem","29639","1","","","","AkBankSourceData"
"706545110","706545110","True","706545110.wem","th4_000_common_vo\english(us)\706545110.wem","33315","1","","","","AkBankSourceData"
"708939688","708939688","True","708939688.wem","th4_000_common_vo\english(us)\708939688.wem","30894","1","","","","AkBankSourceData"
"709111517","709111517","True","709111517.wem","th4_000_common_vo\english(us)\709111517.wem","13678","1","","","","AkBankSourceData"
"711877029","711877029","True","711877029.wem","th4_000_common_vo\english(us)\711877029.wem","57096","1","","","","AkBankSourceData"
"712654566","712654566","True","712654566.wem","th4_000_common_vo\english(us)\712654566.wem","25317","2","","","","AkBankSourceData"
"713057920","713057920","True","713057920.wem","th4_000_common_vo\english(us)\713057920.wem","25996","2","","","","AkBankSourceData"
"715263746","715263746","True","715263746.wem","th4_000_common_vo\english(us)\715263746.wem","6464","1","","","","AkBankSourceData"
"715683777","715683777","True","715683777.wem","th4_000_common_vo\english(us)\715683777.wem","21679","1","","","","AkBankSourceData"
"717250427","717250427","True","717250427.wem","th4_000_common_vo\english(us)\717250427.wem","101974","2","","","","AkBankSourceData"
"718012839","718012839","True","718012839.wem","th4_000_common_vo\english(us)\718012839.wem","9391","2","","","","AkBankSourceData"
"718567021","718567021","True","718567021.wem","th4_000_common_vo\english(us)\718567021.wem","44305","1","","","","AkBankSourceData"
"720617396","720617396","True","720617396.wem","th4_000_common_vo\english(us)\720617396.wem","27514","1","","","","AkBankSourceData"
"722311450","722311450","True","722311450.wem","th4_000_common_vo\english(us)\722311450.wem","18332","1","","","","AkBankSourceData"
"722799325","722799325","True","722799325.wem","th4_000_common_vo\english(us)\722799325.wem","31468","1","","","","AkBankSourceData"
"723186224","723186224","True","723186224.wem","th4_000_common_vo\english(us)\723186224.wem","75017","2","","","","AkBankSourceData"
"723844794","723844794","True","723844794.wem","th4_000_common_vo\english(us)\723844794.wem","12362","1","","","","AkBankSourceData"
"724109307","724109307","True","724109307.wem","th4_000_common_vo\english(us)\724109307.wem","29963","1","","","","AkBankSourceData"
"724317941","724317941","True","724317941.wem","th4_000_common_vo\english(us)\724317941.wem","19676","1","","","","AkBankSourceData"
"724830889","724830889","True","724830889.wem","th4_000_common_vo\english(us)\724830889.wem","23774","1","","","","AkBankSourceData"
"726089987","726089987","True","726089987.wem","th4_000_common_vo\english(us)\726089987.wem","52227","1","","","","AkBankSourceData"
"729496704","729496704","True","729496704.wem","th4_000_common_vo\english(us)\729496704.wem","47531","1","","","","AkBankSourceData"
"730596321","730596321","True","730596321.wem","th4_000_common_vo\english(us)\730596321.wem","29638","1","","","","AkBankSourceData"
"731194467","731194467","True","731194467.wem","th4_000_common_vo\english(us)\731194467.wem","46783","1","","","","AkBankSourceData"
"731303406","731303406","True","731303406.wem","th4_000_common_vo\english(us)\731303406.wem","12633","1","","","","AkBankSourceData"
"731766908","731766908","True","731766908.wem","th4_000_common_vo\english(us)\731766908.wem","6180","1","","","","AkBankSourceData"
"731848657","731848657","True","731848657.wem","th4_000_common_vo\english(us)\731848657.wem","8411","2","","","","AkBankSourceData"
"734903317","734903317","True","734903317.wem","th4_000_common_vo\english(us)\734903317.wem","25101","1","","","","AkBankSourceData"
"735720766","735720766","True","735720766.wem","th4_000_common_vo\english(us)\735720766.wem","49597","1","","","","AkBankSourceData"
"736682789","736682789","True","736682789.wem","th4_000_common_vo\english(us)\736682789.wem","54138","1","","","","AkBankSourceData"
"736766333","736766333","True","736766333.wem","th4_000_common_vo\english(us)\736766333.wem","53877","1","","","","AkBankSourceData"
"738169013","738169013","True","738169013.wem","th4_000_common_vo\english(us)\738169013.wem","57726","1","","","","AkBankSourceData"
"738409400","738409400","True","738409400.wem","th4_000_common_vo\english(us)\738409400.wem","23184","1","","","","AkBankSourceData"
"739343470","739343470","True","739343470.wem","th4_000_common_vo\english(us)\739343470.wem","44790","1","","","","AkBankSourceData"
"739612169","739612169","True","739612169.wem","th4_000_common_vo\english(us)\739612169.wem","39041","1","","","","AkBankSourceData"
"739960959","739960959","True","739960959.wem","th4_000_common_vo\english(us)\739960959.wem","27641","2","","","","AkBankSourceData"
"740908996","740908996","True","740908996.wem","th4_000_common_vo\english(us)\740908996.wem","23706","1","","","","AkBankSourceData"
"742386258","742386258","True","742386258.wem","th4_000_common_vo\english(us)\742386258.wem","20972","1","","","","AkBankSourceData"
"742914976","742914976","True","742914976.wem","th4_000_common_vo\english(us)\742914976.wem","44759","1","","","","AkBankSourceData"
"743117923","743117923","True","743117923.wem","th4_000_common_vo\english(us)\743117923.wem","20599","1","","","","AkBankSourceData"
"743470628","743470628","True","743470628.wem","th4_000_common_vo\english(us)\743470628.wem","38879","1","","","","AkBankSourceData"
"744639936","744639936","True","744639936.wem","th4_000_common_vo\english(us)\744639936.wem","19868","1","","","","AkBankSourceData"
"749918491","749918491","True","749918491.wem","th4_000_common_vo\english(us)\749918491.wem","106708","1","","","","AkBankSourceData"
"750068795","750068795","True","750068795.wem","th4_000_common_vo\english(us)\750068795.wem","50244","1","","","","AkBankSourceData"
"751285065","751285065","True","751285065.wem","th4_000_common_vo\english(us)\751285065.wem","28222","1","","","","AkBankSourceData"
"751516442","751516442","True","751516442.wem","th4_000_common_vo\english(us)\751516442.wem","33271","1","","","","AkBankSourceData"
"751737961","751737961","True","751737961.wem","th4_000_common_vo\english(us)\751737961.wem","15947","1","","","","AkBankSourceData"
"752327521","752327521","True","752327521.wem","th4_000_common_vo\english(us)\752327521.wem","13171","1","","","","AkBankSourceData"
"753076740","753076740","True","753076740.wem","th4_000_common_vo\english(us)\753076740.wem","19997","1","","","","AkBankSourceData"
"753289531","753289531","True","753289531.wem","th4_000_common_vo\english(us)\753289531.wem","28667","1","","","","AkBankSourceData"
"753629622","753629622","True","753629622.wem","th4_000_common_vo\english(us)\753629622.wem","15340","1","","","","AkBankSourceData"
"754082385","754082385","True","754082385.wem","th4_000_common_vo\english(us)\754082385.wem","28108","1","","","","AkBankSourceData"
"755475297","755475297","True","755475297.wem","th4_000_common_vo\english(us)\755475297.wem","10031","1","","","","AkBankSourceData"
"755501008","755501008","True","755501008.wem","th4_000_common_vo\english(us)\755501008.wem","48015","2","","","","AkBankSourceData"
"755540062","755540062","True","755540062.wem","th4_000_common_vo\english(us)\755540062.wem","42112","1","","","","AkBankSourceData"
"757009109","757009109","True","757009109.wem","th4_000_common_vo\english(us)\757009109.wem","45927","1","","","","AkBankSourceData"
"757292548","757292548","True","757292548.wem","th4_000_common_vo\english(us)\757292548.wem","11606","1","","","","AkBankSourceData"
"757582667","757582667","True","757582667.wem","th4_000_common_vo\english(us)\757582667.wem","9778","1","","","","AkBankSourceData"
"758290971","758290971","True","758290971.wem","th4_000_common_vo\english(us)\758290971.wem","25463","1","","","","AkBankSourceData"
"760561591","760561591","True","760561591.wem","th4_000_common_vo\english(us)\760561591.wem","12138","1","","","","AkBankSourceData"
"760776751","760776751","True","760776751.wem","th4_000_common_vo\english(us)\760776751.wem","45415","1","","","","AkBankSourceData"
"763059289","763059289","True","763059289.wem","th4_000_common_vo\english(us)\763059289.wem","77983","1","","","","AkBankSourceData"
"763581127","763581127","True","763581127.wem","th4_000_common_vo\english(us)\763581127.wem","35562","1","","","","AkBankSourceData"
"764618888","764618888","True","764618888.wem","th4_000_common_vo\english(us)\764618888.wem","26518","1","","","","AkBankSourceData"
"765967550","765967550","True","765967550.wem","th4_000_common_vo\english(us)\765967550.wem","12488","1","","","","AkBankSourceData"
"766154379","766154379","True","766154379.wem","th4_000_common_vo\english(us)\766154379.wem","20891","1","","","","AkBankSourceData"
"766329512","766329512","True","766329512.wem","th4_000_common_vo\english(us)\766329512.wem","16281","1","","","","AkBankSourceData"
"766877046","766877046","True","766877046.wem","th4_000_common_vo\english(us)\766877046.wem","17364","1","","","","AkBankSourceData"
"770080605","770080605","True","770080605.wem","th4_000_common_vo\english(us)\770080605.wem","8850","1","","","","AkBankSourceData"
"770219451","770219451","True","770219451.wem","th4_000_common_vo\english(us)\770219451.wem","15422","1","","","","AkBankSourceData"
"770679657","770679657","True","770679657.wem","th4_000_common_vo\english(us)\770679657.wem","44461","1","","","","AkBankSourceData"
"771764595","771764595","True","771764595.wem","th4_000_common_vo\english(us)\771764595.wem","72058","1","","","","AkBankSourceData"
"772188202","772188202","True","772188202.wem","th4_000_common_vo\english(us)\772188202.wem","17492","1","","","","AkBankSourceData"
"774219807","774219807","True","774219807.wem","th4_000_common_vo\english(us)\774219807.wem","14451","1","","","","AkBankSourceData"
"775795699","775795699","True","775795699.wem","th4_000_common_vo\english(us)\775795699.wem","59819","1","","","","AkBankSourceData"
"776471683","776471683","True","776471683.wem","th4_000_common_vo\english(us)\776471683.wem","32209","1","","","","AkBankSourceData"
"776520249","776520249","True","776520249.wem","th4_000_common_vo\english(us)\776520249.wem","18094","1","","","","AkBankSourceData"
"777512750","777512750","True","777512750.wem","th4_000_common_vo\english(us)\777512750.wem","48405","1","","","","AkBankSourceData"
"777986001","777986001","True","777986001.wem","th4_000_common_vo\english(us)\777986001.wem","32217","1","","","","AkBankSourceData"
"778813174","778813174","True","778813174.wem","th4_000_common_vo\english(us)\778813174.wem","8288","1","","","","AkBankSourceData"
"779278000","779278000","True","779278000.wem","th4_000_common_vo\english(us)\779278000.wem","32669","1","","","","AkBankSourceData"
"779318320","779318320","True","779318320.wem","th4_000_common_vo\english(us)\779318320.wem","43058","1","","","","AkBankSourceData"
"780242106","780242106","True","780242106.wem","th4_000_common_vo\english(us)\780242106.wem","68593","1","","","","AkBankSourceData"
"780869917","780869917","True","780869917.wem","th4_000_common_vo\english(us)\780869917.wem","15769","1","","","","AkBankSourceData"
"781584840","781584840","True","781584840.wem","th4_000_common_vo\english(us)\781584840.wem","9315","2","","","","AkBankSourceData"
"781774049","781774049","True","781774049.wem","th4_000_common_vo\english(us)\781774049.wem","80336","1","","","","AkBankSourceData"
"781907701","781907701","True","781907701.wem","th4_000_common_vo\english(us)\781907701.wem","21024","1","","","","AkBankSourceData"
"781960931","781960931","True","781960931.wem","th4_000_common_vo\english(us)\781960931.wem","21324","1","","","","AkBankSourceData"
"784706505","784706505","True","784706505.wem","th4_000_common_vo\english(us)\784706505.wem","35796","1","","","","AkBankSourceData"
"785139564","785139564","True","785139564.wem","th4_000_common_vo\english(us)\785139564.wem","26593","1","","","","AkBankSourceData"
"785330184","785330184","True","785330184.wem","th4_000_common_vo\english(us)\785330184.wem","17815","1","","","","AkBankSourceData"
"785886237","785886237","True","785886237.wem","th4_000_common_vo\english(us)\785886237.wem","12110","1","","","","AkBankSourceData"
"786785770","786785770","True","786785770.wem","th4_000_common_vo\english(us)\786785770.wem","29445","1","","","","AkBankSourceData"
"788169647","788169647","True","788169647.wem","th4_000_common_vo\english(us)\788169647.wem","38697","1","","","","AkBankSourceData"
"788630374","788630374","True","788630374.wem","th4_000_common_vo\english(us)\788630374.wem","15930","1","","","","AkBankSourceData"
"789342652","789342652","True","789342652.wem","th4_000_common_vo\english(us)\789342652.wem","17495","1","","","","AkBankSourceData"
"789495999","789495999","True","789495999.wem","th4_000_common_vo\english(us)\789495999.wem","86738","1","","","","AkBankSourceData"
"790152374","790152374","True","790152374.wem","th4_000_common_vo\english(us)\790152374.wem","18325","1","","","","AkBankSourceData"
"791924021","791924021","True","791924021.wem","th4_000_common_vo\english(us)\791924021.wem","292734","1","","","","AkBankSourceData"
"792588876","792588876","True","792588876.wem","th4_000_common_vo\english(us)\792588876.wem","26793","1","","","","AkBankSourceData"
"793668433","793668433","True","793668433.wem","th4_000_common_vo\english(us)\793668433.wem","15603","1","","","","AkBankSourceData"
"793708866","793708866","True","793708866.wem","th4_000_common_vo\english(us)\793708866.wem","33024","1","","","","AkBankSourceData"
"795110502","795110502","True","795110502.wem","th4_000_common_vo\english(us)\795110502.wem","77064","2","","","","AkBankSourceData"
"796883833","796883833","True","796883833.wem","th4_000_common_vo\english(us)\796883833.wem","23108","1","","","","AkBankSourceData"
"797426814","797426814","True","797426814.wem","th4_000_common_vo\english(us)\797426814.wem","63498","1","","","","AkBankSourceData"
"798490929","798490929","True","798490929.wem","th4_000_common_vo\english(us)\798490929.wem","12113","1","","","","AkBankSourceData"
"799928963","799928963","True","799928963.wem","th4_000_common_vo\english(us)\799928963.wem","82032","1","","","","AkBankSourceData"
"800015293","800015293","True","800015293.wem","th4_000_common_vo\english(us)\800015293.wem","82528","1","","","","AkBankSourceData"
"800692050","800692050","True","800692050.wem","th4_000_common_vo\english(us)\800692050.wem","78047","1","","","","AkBankSourceData"
"800696960","800696960","True","800696960.wem","th4_000_common_vo\english(us)\800696960.wem","46991","1","","","","AkBankSourceData"
"801833393","801833393","True","801833393.wem","th4_000_common_vo\english(us)\801833393.wem","9982","1","","","","AkBankSourceData"
"802166597","802166597","True","802166597.wem","th4_000_common_vo\english(us)\802166597.wem","16602","2","","","","AkBankSourceData"
"802413119","802413119","True","802413119.wem","th4_000_common_vo\english(us)\802413119.wem","73699","1","","","","AkBankSourceData"
"803570338","803570338","True","803570338.wem","th4_000_common_vo\english(us)\803570338.wem","28140","1","","","","AkBankSourceData"
"804342991","804342991","True","804342991.wem","th4_000_common_vo\english(us)\804342991.wem","8181","1","","","","AkBankSourceData"
"805585905","805585905","True","805585905.wem","th4_000_common_vo\english(us)\805585905.wem","18810","1","","","","AkBankSourceData"
"808784971","808784971","True","808784971.wem","th4_000_common_vo\english(us)\808784971.wem","24493","1","","","","AkBankSourceData"
"809202668","809202668","True","809202668.wem","th4_000_common_vo\english(us)\809202668.wem","27854","1","","","","AkBankSourceData"
"809326529","809326529","True","809326529.wem","th4_000_common_vo\english(us)\809326529.wem","7647","1","","","","AkBankSourceData"
"810336999","810336999","True","810336999.wem","th4_000_common_vo\english(us)\810336999.wem","35672","1","","","","AkBankSourceData"
"812339299","812339299","True","812339299.wem","th4_000_common_vo\english(us)\812339299.wem","19927","1","","","","AkBankSourceData"
"813163035","813163035","True","813163035.wem","th4_000_common_vo\english(us)\813163035.wem","27950","1","","","","AkBankSourceData"
"815062021","815062021","True","815062021.wem","th4_000_common_vo\english(us)\815062021.wem","16261","1","","","","AkBankSourceData"
"816045425","816045425","True","816045425.wem","th4_000_common_vo\english(us)\816045425.wem","45028","1","","","","AkBankSourceData"
"816378630","816378630","True","816378630.wem","th4_000_common_vo\english(us)\816378630.wem","9291","1","","","","AkBankSourceData"
"818539637","818539637","True","818539637.wem","th4_000_common_vo\english(us)\818539637.wem","6590","1","","","","AkBankSourceData"
"820023170","820023170","True","820023170.wem","th4_000_common_vo\english(us)\820023170.wem","28597","1","","","","AkBankSourceData"
"820152014","820152014","True","820152014.wem","th4_000_common_vo\english(us)\820152014.wem","44258","1","","","","AkBankSourceData"
"820757872","820757872","True","820757872.wem","th4_000_common_vo\english(us)\820757872.wem","11894","1","","","","AkBankSourceData"
"821440897","821440897","True","821440897.wem","th4_000_common_vo\english(us)\821440897.wem","13012","1","","","","AkBankSourceData"
"822250269","822250269","True","822250269.wem","th4_000_common_vo\english(us)\822250269.wem","29332","1","","","","AkBankSourceData"
"822386335","822386335","True","822386335.wem","th4_000_common_vo\english(us)\822386335.wem","32196","2","","","","AkBankSourceData"
"823705667","823705667","True","823705667.wem","th4_000_common_vo\english(us)\823705667.wem","8845","2","","","","AkBankSourceData"
"824470248","824470248","True","824470248.wem","th4_000_common_vo\english(us)\824470248.wem","7513","1","","","","AkBankSourceData"
"826928329","826928329","True","826928329.wem","th4_000_common_vo\english(us)\826928329.wem","14471","1","","","","AkBankSourceData"
"829903043","829903043","True","829903043.wem","th4_000_common_vo\english(us)\829903043.wem","8113","1","","","","AkBankSourceData"
"829944393","829944393","True","829944393.wem","th4_000_common_vo\english(us)\829944393.wem","17845","1","","","","AkBankSourceData"
"831440145","831440145","True","831440145.wem","th4_000_common_vo\english(us)\831440145.wem","7464","1","","","","AkBankSourceData"
"831866575","831866575","True","831866575.wem","th4_000_common_vo\english(us)\831866575.wem","48861","2","","","","AkBankSourceData"
"833202924","833202924","True","833202924.wem","th4_000_common_vo\english(us)\833202924.wem","47024","2","","","","AkBankSourceData"
"833742253","833742253","True","833742253.wem","th4_000_common_vo\english(us)\833742253.wem","7448","2","","","","AkBankSourceData"
"833910343","833910343","True","833910343.wem","th4_000_common_vo\english(us)\833910343.wem","21201","1","","","","AkBankSourceData"
"834123639","834123639","True","834123639.wem","th4_000_common_vo\english(us)\834123639.wem","11836","1","","","","AkBankSourceData"
"835897267","835897267","True","835897267.wem","th4_000_common_vo\english(us)\835897267.wem","12872","1","","","","AkBankSourceData"
"836114481","836114481","True","836114481.wem","th4_000_common_vo\english(us)\836114481.wem","15571","1","","","","AkBankSourceData"
"836242656","836242656","True","836242656.wem","th4_000_common_vo\english(us)\836242656.wem","41531","1","","","","AkBankSourceData"
"836270660","836270660","True","836270660.wem","th4_000_common_vo\english(us)\836270660.wem","39055","1","","","","AkBankSourceData"
"836859547","836859547","True","836859547.wem","th4_000_common_vo\english(us)\836859547.wem","25778","2","","","","AkBankSourceData"
"840613763","840613763","True","840613763.wem","th4_000_common_vo\english(us)\840613763.wem","26543","1","","","","AkBankSourceData"
"840654523","840654523","True","840654523.wem","th4_000_common_vo\english(us)\840654523.wem","30042","1","","","","AkBankSourceData"
"841131934","841131934","True","841131934.wem","th4_000_common_vo\english(us)\841131934.wem","24697","1","","","","AkBankSourceData"
"842102351","842102351","True","842102351.wem","th4_000_common_vo\english(us)\842102351.wem","40648","1","","","","AkBankSourceData"
"842744467","842744467","True","842744467.wem","th4_000_common_vo\english(us)\842744467.wem","15555","1","","","","AkBankSourceData"
"843034458","843034458","True","843034458.wem","th4_000_common_vo\english(us)\843034458.wem","28239","1","","","","AkBankSourceData"
"843549300","843549300","True","843549300.wem","th4_000_common_vo\english(us)\843549300.wem","23161","1","","","","AkBankSourceData"
"846685508","846685508","True","846685508.wem","th4_000_common_vo\english(us)\846685508.wem","57588","2","","","","AkBankSourceData"
"846917398","846917398","True","846917398.wem","th4_000_common_vo\english(us)\846917398.wem","36625","2","","","","AkBankSourceData"
"846936539","846936539","True","846936539.wem","th4_000_common_vo\english(us)\846936539.wem","39695","1","","","","AkBankSourceData"
"846965701","846965701","True","846965701.wem","th4_000_common_vo\english(us)\846965701.wem","24643","1","","","","AkBankSourceData"
"848134069","848134069","True","848134069.wem","th4_000_common_vo\english(us)\848134069.wem","11643","1","","","","AkBankSourceData"
"849736638","849736638","True","849736638.wem","th4_000_common_vo\english(us)\849736638.wem","44864","1","","","","AkBankSourceData"
"850488335","850488335","True","850488335.wem","th4_000_common_vo\english(us)\850488335.wem","29307","1","","","","AkBankSourceData"
"853338107","853338107","True","853338107.wem","th4_000_common_vo\english(us)\853338107.wem","274706","1","","","","AkBankSourceData"
"853491826","853491826","True","853491826.wem","th4_000_common_vo\english(us)\853491826.wem","14158","1","","","","AkBankSourceData"
"854370586","854370586","True","854370586.wem","th4_000_common_vo\english(us)\854370586.wem","29974","1","","","","AkBankSourceData"
"854499199","854499199","True","854499199.wem","th4_000_common_vo\english(us)\854499199.wem","11209","1","","","","AkBankSourceData"
"857517261","857517261","True","857517261.wem","th4_000_common_vo\english(us)\857517261.wem","16385","1","","","","AkBankSourceData"
"858031971","858031971","True","858031971.wem","th4_000_common_vo\english(us)\858031971.wem","72508","1","","","","AkBankSourceData"
"858928381","858928381","True","858928381.wem","th4_000_common_vo\english(us)\858928381.wem","25078","1","","","","AkBankSourceData"
"859504379","859504379","True","859504379.wem","th4_000_common_vo\english(us)\859504379.wem","36836","1","","","","AkBankSourceData"
"860084154","860084154","True","860084154.wem","th4_000_common_vo\english(us)\860084154.wem","36596","2","","","","AkBankSourceData"
"860778881","860778881","True","860778881.wem","th4_000_common_vo\english(us)\860778881.wem","33872","1","","","","AkBankSourceData"
"861286715","861286715","True","861286715.wem","th4_000_common_vo\english(us)\861286715.wem","11246","1","","","","AkBankSourceData"
"864627047","864627047","True","864627047.wem","th4_000_common_vo\english(us)\864627047.wem","39445","1","","","","AkBankSourceData"
"864723965","864723965","True","864723965.wem","th4_000_common_vo\english(us)\864723965.wem","23579","1","","","","AkBankSourceData"
"864907048","864907048","True","864907048.wem","th4_000_common_vo\english(us)\864907048.wem","13569","1","","","","AkBankSourceData"
"866332544","866332544","True","866332544.wem","th4_000_common_vo\english(us)\866332544.wem","35364","1","","","","AkBankSourceData"
"866356484","866356484","True","866356484.wem","th4_000_common_vo\english(us)\866356484.wem","16157","1","","","","AkBankSourceData"
"866425644","866425644","True","866425644.wem","th4_000_common_vo\english(us)\866425644.wem","21074","1","","","","AkBankSourceData"
"866777626","866777626","True","866777626.wem","th4_000_common_vo\english(us)\866777626.wem","39637","1","","","","AkBankSourceData"
"867267413","867267413","True","867267413.wem","th4_000_common_vo\english(us)\867267413.wem","17078","1","","","","AkBankSourceData"
"867596762","867596762","True","867596762.wem","th4_000_common_vo\english(us)\867596762.wem","13002","1","","","","AkBankSourceData"
"868639152","868639152","True","868639152.wem","th4_000_common_vo\english(us)\868639152.wem","54017","1","","","","AkBankSourceData"
"871207888","871207888","True","871207888.wem","th4_000_common_vo\english(us)\871207888.wem","16620","1","","","","AkBankSourceData"
"871360798","871360798","True","871360798.wem","th4_000_common_vo\english(us)\871360798.wem","28470","1","","","","AkBankSourceData"
"872314379","872314379","True","872314379.wem","th4_000_common_vo\english(us)\872314379.wem","55726","1","","","","AkBankSourceData"
"873145965","873145965","True","873145965.wem","th4_000_common_vo\english(us)\873145965.wem","6986","1","","","","AkBankSourceData"
"874708357","874708357","True","874708357.wem","th4_000_common_vo\english(us)\874708357.wem","107541","1","","","","AkBankSourceData"
"874935267","874935267","True","874935267.wem","th4_000_common_vo\english(us)\874935267.wem","38351","2","","","","AkBankSourceData"
"876561326","876561326","True","876561326.wem","th4_000_common_vo\english(us)\876561326.wem","15560","1","","","","AkBankSourceData"
"876612086","876612086","True","876612086.wem","th4_000_common_vo\english(us)\876612086.wem","14907","1","","","","AkBankSourceData"
"876947983","876947983","True","876947983.wem","th4_000_common_vo\english(us)\876947983.wem","28117","1","","","","AkBankSourceData"
"876965456","876965456","True","876965456.wem","th4_000_common_vo\english(us)\876965456.wem","36037","1","","","","AkBankSourceData"
"877143853","877143853","True","877143853.wem","th4_000_common_vo\english(us)\877143853.wem","20433","1","","","","AkBankSourceData"
"878170847","878170847","True","878170847.wem","th4_000_common_vo\english(us)\878170847.wem","98381","1","","","","AkBankSourceData"
"878999912","878999912","True","878999912.wem","th4_000_common_vo\english(us)\878999912.wem","22171","1","","","","AkBankSourceData"
"880656504","880656504","True","880656504.wem","th4_000_common_vo\english(us)\880656504.wem","27901","1","","","","AkBankSourceData"
"882258407","882258407","True","882258407.wem","th4_000_common_vo\english(us)\882258407.wem","32932","1","","","","AkBankSourceData"
"882396025","882396025","True","882396025.wem","th4_000_common_vo\english(us)\882396025.wem","23299","1","","","","AkBankSourceData"
"883334655","883334655","True","883334655.wem","th4_000_common_vo\english(us)\883334655.wem","42611","1","","","","AkBankSourceData"
"883984475","883984475","True","883984475.wem","th4_000_common_vo\english(us)\883984475.wem","82792","1","","","","AkBankSourceData"
"884181245","884181245","True","884181245.wem","th4_000_common_vo\english(us)\884181245.wem","30384","1","","","","AkBankSourceData"
"884549210","884549210","True","884549210.wem","th4_000_common_vo\english(us)\884549210.wem","76477","1","","","","AkBankSourceData"
"884690055","884690055","True","884690055.wem","th4_000_common_vo\english(us)\884690055.wem","17056","1","","","","AkBankSourceData"
"885837224","885837224","True","885837224.wem","th4_000_common_vo\english(us)\885837224.wem","40125","1","","","","AkBankSourceData"
"885929473","885929473","True","885929473.wem","th4_000_common_vo\english(us)\885929473.wem","7065","1","","","","AkBankSourceData"
"886608002","886608002","True","886608002.wem","th4_000_common_vo\english(us)\886608002.wem","18244","1","","","","AkBankSourceData"
"886897021","886897021","True","886897021.wem","th4_000_common_vo\english(us)\886897021.wem","10968","1","","","","AkBankSourceData"
"887480316","887480316","True","887480316.wem","th4_000_common_vo\english(us)\887480316.wem","72128","1","","","","AkBankSourceData"
"887694664","887694664","True","887694664.wem","th4_000_common_vo\english(us)\887694664.wem","21092","1","","","","AkBankSourceData"
"888043717","888043717","True","888043717.wem","th4_000_common_vo\english(us)\888043717.wem","19052","1","","","","AkBankSourceData"
"888850491","888850491","True","888850491.wem","th4_000_common_vo\english(us)\888850491.wem","67096","1","","","","AkBankSourceData"
"890121176","890121176","True","890121176.wem","th4_000_common_vo\english(us)\890121176.wem","36055","1","","","","AkBankSourceData"
"891536372","891536372","True","891536372.wem","th4_000_common_vo\english(us)\891536372.wem","136442","2","","","","AkBankSourceData"
"892162788","892162788","True","892162788.wem","th4_000_common_vo\english(us)\892162788.wem","75172","1","","","","AkBankSourceData"
"892193187","892193187","True","892193187.wem","th4_000_common_vo\english(us)\892193187.wem","28870","1","","","","AkBankSourceData"
"892470400","892470400","True","892470400.wem","th4_000_common_vo\english(us)\892470400.wem","18351","1","","","","AkBankSourceData"
"892968061","892968061","True","892968061.wem","th4_000_common_vo\english(us)\892968061.wem","5201","1","","","","AkBankSourceData"
"894548271","894548271","True","894548271.wem","th4_000_common_vo\english(us)\894548271.wem","28505","1","","","","AkBankSourceData"
"895007152","895007152","True","895007152.wem","th4_000_common_vo\english(us)\895007152.wem","23880","1","","","","AkBankSourceData"
"895500184","895500184","True","895500184.wem","th4_000_common_vo\english(us)\895500184.wem","42000","1","","","","AkBankSourceData"
"896537203","896537203","True","896537203.wem","th4_000_common_vo\english(us)\896537203.wem","56116","1","","","","AkBankSourceData"
"897844617","897844617","True","897844617.wem","th4_000_common_vo\english(us)\897844617.wem","8711","1","","","","AkBankSourceData"
"897931311","897931311","True","897931311.wem","th4_000_common_vo\english(us)\897931311.wem","11793","1","","","","AkBankSourceData"
"898001860","898001860","True","898001860.wem","th4_000_common_vo\english(us)\898001860.wem","22428","2","","","","AkBankSourceData"
"898503064","898503064","True","898503064.wem","th4_000_common_vo\english(us)\898503064.wem","16132","1","","","","AkBankSourceData"
"900193839","900193839","True","900193839.wem","th4_000_common_vo\english(us)\900193839.wem","7085","1","","","","AkBankSourceData"
"900975517","900975517","True","900975517.wem","th4_000_common_vo\english(us)\900975517.wem","47332","1","","","","AkBankSourceData"
"903710341","903710341","True","903710341.wem","th4_000_common_vo\english(us)\903710341.wem","8563","1","","","","AkBankSourceData"
"903880128","903880128","True","903880128.wem","th4_000_common_vo\english(us)\903880128.wem","31162","1","","","","AkBankSourceData"
"904508579","904508579","True","904508579.wem","th4_000_common_vo\english(us)\904508579.wem","40574","1","","","","AkBankSourceData"
"908775499","908775499","True","908775499.wem","th4_000_common_vo\english(us)\908775499.wem","12986","1","","","","AkBankSourceData"
"910243833","910243833","True","910243833.wem","th4_000_common_vo\english(us)\910243833.wem","28288","1","","","","AkBankSourceData"
"911282662","911282662","True","911282662.wem","th4_000_common_vo\english(us)\911282662.wem","12418","1","","","","AkBankSourceData"
"911543220","911543220","True","911543220.wem","th4_000_common_vo\english(us)\911543220.wem","58655","2","","","","AkBankSourceData"
"914212892","914212892","True","914212892.wem","th4_000_common_vo\english(us)\914212892.wem","27954","1","","","","AkBankSourceData"
"914637809","914637809","True","914637809.wem","th4_000_common_vo\english(us)\914637809.wem","34411","1","","","","AkBankSourceData"
"916018735","916018735","True","916018735.wem","th4_000_common_vo\english(us)\916018735.wem","24403","1","","","","AkBankSourceData"
"916026085","916026085","True","916026085.wem","th4_000_common_vo\english(us)\916026085.wem","9245","1","","","","AkBankSourceData"
"916594557","916594557","True","916594557.wem","th4_000_common_vo\english(us)\916594557.wem","46351","1","","","","AkBankSourceData"
"917369937","917369937","True","917369937.wem","th4_000_common_vo\english(us)\917369937.wem","22869","1","","","","AkBankSourceData"
"917585991","917585991","True","917585991.wem","th4_000_common_vo\english(us)\917585991.wem","46930","1","","","","AkBankSourceData"
"917921297","917921297","True","917921297.wem","th4_000_common_vo\english(us)\917921297.wem","12923","1","","","","AkBankSourceData"
"918364560","918364560","True","918364560.wem","th4_000_common_vo\english(us)\918364560.wem","14533","1","","","","AkBankSourceData"
"919355035","919355035","True","919355035.wem","th4_000_common_vo\english(us)\919355035.wem","21373","1","","","","AkBankSourceData"
"919374362","919374362","True","919374362.wem","th4_000_common_vo\english(us)\919374362.wem","9607","1","","","","AkBankSourceData"
"919924785","919924785","True","919924785.wem","th4_000_common_vo\english(us)\919924785.wem","18724","1","","","","AkBankSourceData"
"920068327","920068327","True","920068327.wem","th4_000_common_vo\english(us)\920068327.wem","35854","1","","","","AkBankSourceData"
"920129876","920129876","True","920129876.wem","th4_000_common_vo\english(us)\920129876.wem","50600","1","","","","AkBankSourceData"
"920202335","920202335","True","920202335.wem","th4_000_common_vo\english(us)\920202335.wem","12823","2","","","","AkBankSourceData"
"920301962","920301962","True","920301962.wem","th4_000_common_vo\english(us)\920301962.wem","14137","1","","","","AkBankSourceData"
"921173421","921173421","True","921173421.wem","th4_000_common_vo\english(us)\921173421.wem","8419","1","","","","AkBankSourceData"
"927048682","927048682","True","927048682.wem","th4_000_common_vo\english(us)\927048682.wem","7764","1","","","","AkBankSourceData"
"927057568","927057568","True","927057568.wem","th4_000_common_vo\english(us)\927057568.wem","80478","1","","","","AkBankSourceData"
"927341555","927341555","True","927341555.wem","th4_000_common_vo\english(us)\927341555.wem","26181","1","","","","AkBankSourceData"
"928373896","928373896","True","928373896.wem","th4_000_common_vo\english(us)\928373896.wem","13397","1","","","","AkBankSourceData"
"929730082","929730082","True","929730082.wem","th4_000_common_vo\english(us)\929730082.wem","15254","1","","","","AkBankSourceData"
"929772598","929772598","True","929772598.wem","th4_000_common_vo\english(us)\929772598.wem","28483","1","","","","AkBankSourceData"
"929989629","929989629","True","929989629.wem","th4_000_common_vo\english(us)\929989629.wem","9286","1","","","","AkBankSourceData"
"930831490","930831490","True","930831490.wem","th4_000_common_vo\english(us)\930831490.wem","45229","1","","","","AkBankSourceData"
"933900365","933900365","True","933900365.wem","th4_000_common_vo\english(us)\933900365.wem","15523","1","","","","AkBankSourceData"
"933920771","933920771","True","933920771.wem","th4_000_common_vo\english(us)\933920771.wem","11872","1","","","","AkBankSourceData"
"934459535","934459535","True","934459535.wem","th4_000_common_vo\english(us)\934459535.wem","25421","1","","","","AkBankSourceData"
"936295321","936295321","True","936295321.wem","th4_000_common_vo\english(us)\936295321.wem","25159","1","","","","AkBankSourceData"
"937859725","937859725","True","937859725.wem","th4_000_common_vo\english(us)\937859725.wem","29095","1","","","","AkBankSourceData"
"938191861","938191861","True","938191861.wem","th4_000_common_vo\english(us)\938191861.wem","10588","1","","","","AkBankSourceData"
"938294348","938294348","True","938294348.wem","th4_000_common_vo\english(us)\938294348.wem","13079","1","","","","AkBankSourceData"
"939038798","939038798","True","939038798.wem","th4_000_common_vo\english(us)\939038798.wem","38144","1","","","","AkBankSourceData"
"939099692","939099692","True","939099692.wem","th4_000_common_vo\english(us)\939099692.wem","87032","1","","","","AkBankSourceData"
"939132931","939132931","True","939132931.wem","th4_000_common_vo\english(us)\939132931.wem","22805","1","","","","AkBankSourceData"
"941504960","941504960","True","941504960.wem","th4_000_common_vo\english(us)\941504960.wem","69794","1","","","","AkBankSourceData"
"941899465","941899465","True","941899465.wem","th4_000_common_vo\english(us)\941899465.wem","19417","1","","","","AkBankSourceData"
"946187242","946187242","True","946187242.wem","th4_000_common_vo\english(us)\946187242.wem","13662","1","","","","AkBankSourceData"
"947703177","947703177","True","947703177.wem","th4_000_common_vo\english(us)\947703177.wem","28974","1","","","","AkBankSourceData"
"948823182","948823182","True","948823182.wem","th4_000_common_vo\english(us)\948823182.wem","32326","1","","","","AkBankSourceData"
"948839576","948839576","True","948839576.wem","th4_000_common_vo\english(us)\948839576.wem","10907","1","","","","AkBankSourceData"
"952069668","952069668","True","952069668.wem","th4_000_common_vo\english(us)\952069668.wem","20883","1","","","","AkBankSourceData"
"953956546","953956546","True","953956546.wem","th4_000_common_vo\english(us)\953956546.wem","87649","1","","","","AkBankSourceData"
"956882359","956882359","True","956882359.wem","th4_000_common_vo\english(us)\956882359.wem","40140","1","","","","AkBankSourceData"
"958186655","958186655","True","958186655.wem","th4_000_common_vo\english(us)\958186655.wem","41660","1","","","","AkBankSourceData"
"958401130","958401130","True","958401130.wem","th4_000_common_vo\english(us)\958401130.wem","17533","1","","","","AkBankSourceData"
"958740332","958740332","True","958740332.wem","th4_000_common_vo\english(us)\958740332.wem","22299","1","","","","AkBankSourceData"
"959203466","959203466","True","959203466.wem","th4_000_common_vo\english(us)\959203466.wem","10108","1","","","","AkBankSourceData"
"959761289","959761289","True","959761289.wem","th4_000_common_vo\english(us)\959761289.wem","13427","1","","","","AkBankSourceData"
"962377788","962377788","True","962377788.wem","th4_000_common_vo\english(us)\962377788.wem","29797","1","","","","AkBankSourceData"
"963567431","963567431","True","963567431.wem","th4_000_common_vo\english(us)\963567431.wem","17169","1","","","","AkBankSourceData"
"964945468","964945468","True","964945468.wem","th4_000_common_vo\english(us)\964945468.wem","19690","1","","","","AkBankSourceData"
"966190588","966190588","True","966190588.wem","th4_000_common_vo\english(us)\966190588.wem","35659","1","","","","AkBankSourceData"
"968419079","968419079","True","968419079.wem","th4_000_common_vo\english(us)\968419079.wem","24249","1","","","","AkBankSourceData"
"969023310","969023310","True","969023310.wem","th4_000_common_vo\english(us)\969023310.wem","42012","2","","","","AkBankSourceData"
"970401893","970401893","True","970401893.wem","th4_000_common_vo\english(us)\970401893.wem","18796","1","","","","AkBankSourceData"
"970479669","970479669","True","970479669.wem","th4_000_common_vo\english(us)\970479669.wem","13631","1","","","","AkBankSourceData"
"972858731","972858731","True","972858731.wem","th4_000_common_vo\english(us)\972858731.wem","10044","1","","","","AkBankSourceData"
"974306733","974306733","True","974306733.wem","th4_000_common_vo\english(us)\974306733.wem","38348","1","","","","AkBankSourceData"
"974657530","974657530","True","974657530.wem","th4_000_common_vo\english(us)\974657530.wem","11891","1","","","","AkBankSourceData"
"975698895","975698895","True","975698895.wem","th4_000_common_vo\english(us)\975698895.wem","23181","1","","","","AkBankSourceData"
"979544947","979544947","True","979544947.wem","th4_000_common_vo\english(us)\979544947.wem","23224","1","","","","AkBankSourceData"
"979556710","979556710","True","979556710.wem","th4_000_common_vo\english(us)\979556710.wem","11878","1","","","","AkBankSourceData"
"979626938","979626938","True","979626938.wem","th4_000_common_vo\english(us)\979626938.wem","20419","1","","","","AkBankSourceData"
"980150240","980150240","True","980150240.wem","th4_000_common_vo\english(us)\980150240.wem","81743","1","","","","AkBankSourceData"
"980652201","980652201","True","980652201.wem","th4_000_common_vo\english(us)\980652201.wem","25178","1","","","","AkBankSourceData"
"983217710","983217710","True","983217710.wem","th4_000_common_vo\english(us)\983217710.wem","20821","1","","","","AkBankSourceData"
"984367350","984367350","True","984367350.wem","th4_000_common_vo\english(us)\984367350.wem","40495","1","","","","AkBankSourceData"
"987869067","987869067","True","987869067.wem","th4_000_common_vo\english(us)\987869067.wem","35067","1","","","","AkBankSourceData"
"988715288","988715288","True","988715288.wem","th4_000_common_vo\english(us)\988715288.wem","11366","1","","","","AkBankSourceData"
"990261344","990261344","True","990261344.wem","th4_000_common_vo\english(us)\990261344.wem","17544","1","","","","AkBankSourceData"
"990263916","990263916","True","990263916.wem","th4_000_common_vo\english(us)\990263916.wem","31668","1","","","","AkBankSourceData"
"990676790","990676790","True","990676790.wem","th4_000_common_vo\english(us)\990676790.wem","45071","1","","","","AkBankSourceData"
"991998568","991998568","True","991998568.wem","th4_000_common_vo\english(us)\991998568.wem","63594","1","","","","AkBankSourceData"
"994924645","994924645","True","994924645.wem","th4_000_common_vo\english(us)\994924645.wem","32754","1","","","","AkBankSourceData"
"994952825","994952825","True","994952825.wem","th4_000_common_vo\english(us)\994952825.wem","28678","1","","","","AkBankSourceData"
"995532982","995532982","True","995532982.wem","th4_000_common_vo\english(us)\995532982.wem","7899","1","","","","AkBankSourceData"
"996950021","996950021","True","996950021.wem","th4_000_common_vo\english(us)\996950021.wem","29690","1","","","","AkBankSourceData"
"1001401885","1001401885","True","1001401885.wem","th4_000_common_vo\english(us)\1001401885.wem","30192","1","","","","AkBankSourceData"
"1001406991","1001406991","True","1001406991.wem","th4_000_common_vo\english(us)\1001406991.wem","10162","1","","","","AkBankSourceData"
"1002118069","1002118069","True","1002118069.wem","th4_000_common_vo\english(us)\1002118069.wem","17735","1","","","","AkBankSourceData"
"1002356841","1002356841","True","1002356841.wem","th4_000_common_vo\english(us)\1002356841.wem","15272","1","","","","AkBankSourceData"
"1002909437","1002909437","True","1002909437.wem","th4_000_common_vo\english(us)\1002909437.wem","33089","1","","","","AkBankSourceData"
"1004298845","1004298845","True","1004298845.wem","th4_000_common_vo\english(us)\1004298845.wem","7026","2","","","","AkBankSourceData"
"1004466769","1004466769","True","1004466769.wem","th4_000_common_vo\english(us)\1004466769.wem","23073","1","","","","AkBankSourceData"
"1004474760","1004474760","True","1004474760.wem","th4_000_common_vo\english(us)\1004474760.wem","44722","1","","","","AkBankSourceData"
"1006709767","1006709767","True","1006709767.wem","th4_000_common_vo\english(us)\1006709767.wem","8282","1","","","","AkBankSourceData"
"1007862950","1007862950","True","1007862950.wem","th4_000_common_vo\english(us)\1007862950.wem","24385","1","","","","AkBankSourceData"
"1007923018","1007923018","True","1007923018.wem","th4_000_common_vo\english(us)\1007923018.wem","19778","1","","","","AkBankSourceData"
"1008196753","1008196753","True","1008196753.wem","th4_000_common_vo\english(us)\1008196753.wem","41539","1","","","","AkBankSourceData"
"1009114422","1009114422","True","1009114422.wem","th4_000_common_vo\english(us)\1009114422.wem","14640","1","","","","AkBankSourceData"
"1010472104","1010472104","True","1010472104.wem","th4_000_common_vo\english(us)\1010472104.wem","32518","1","","","","AkBankSourceData"
"1011213518","1011213518","True","1011213518.wem","th4_000_common_vo\english(us)\1011213518.wem","44574","1","","","","AkBankSourceData"
"1011669071","1011669071","True","1011669071.wem","th4_000_common_vo\english(us)\1011669071.wem","10725","1","","","","AkBankSourceData"
"1011669277","1011669277","True","1011669277.wem","th4_000_common_vo\english(us)\1011669277.wem","25204","1","","","","AkBankSourceData"
"1011898081","1011898081","True","1011898081.wem","th4_000_common_vo\english(us)\1011898081.wem","101730","1","","","","AkBankSourceData"
"1012272758","1012272758","True","1012272758.wem","th4_000_common_vo\english(us)\1012272758.wem","19682","2","","","","AkBankSourceData"
"1012365781","1012365781","True","1012365781.wem","th4_000_common_vo\english(us)\1012365781.wem","52825","1","","","","AkBankSourceData"
"1013214237","1013214237","True","1013214237.wem","th4_000_common_vo\english(us)\1013214237.wem","18291","1","","","","AkBankSourceData"
"1013619871","1013619871","True","1013619871.wem","th4_000_common_vo\english(us)\1013619871.wem","16536","1","","","","AkBankSourceData"
"1015064643","1015064643","True","1015064643.wem","th4_000_common_vo\english(us)\1015064643.wem","12462","1","","","","AkBankSourceData"
"1015723236","1015723236","True","1015723236.wem","th4_000_common_vo\english(us)\1015723236.wem","32678","1","","","","AkBankSourceData"
"1016042812","1016042812","True","1016042812.wem","th4_000_common_vo\english(us)\1016042812.wem","43081","1","","","","AkBankSourceData"
"1016239674","1016239674","True","1016239674.wem","th4_000_common_vo\english(us)\1016239674.wem","19999","1","","","","AkBankSourceData"
"1016515822","1016515822","True","1016515822.wem","th4_000_common_vo\english(us)\1016515822.wem","31158","1","","","","AkBankSourceData"
"1017305820","1017305820","True","1017305820.wem","th4_000_common_vo\english(us)\1017305820.wem","8635","1","","","","AkBankSourceData"
"1018412350","1018412350","True","1018412350.wem","th4_000_common_vo\english(us)\1018412350.wem","48672","1","","","","AkBankSourceData"
"1018531196","1018531196","True","1018531196.wem","th4_000_common_vo\english(us)\1018531196.wem","8760","1","","","","AkBankSourceData"
"1018719994","1018719994","True","1018719994.wem","th4_000_common_vo\english(us)\1018719994.wem","12531","1","","","","AkBankSourceData"
"1019119805","1019119805","True","1019119805.wem","th4_000_common_vo\english(us)\1019119805.wem","32847","1","","","","AkBankSourceData"
"1019216425","1019216425","True","1019216425.wem","th4_000_common_vo\english(us)\1019216425.wem","41807","1","","","","AkBankSourceData"
"1019241950","1019241950","True","1019241950.wem","th4_000_common_vo\english(us)\1019241950.wem","35683","1","","","","AkBankSourceData"
"1019777163","1019777163","True","1019777163.wem","th4_000_common_vo\english(us)\1019777163.wem","17559","1","","","","AkBankSourceData"
"1022616284","1022616284","True","1022616284.wem","th4_000_common_vo\english(us)\1022616284.wem","56949","1","","","","AkBankSourceData"
"1024311381","1024311381","True","1024311381.wem","th4_000_common_vo\english(us)\1024311381.wem","24808","1","","","","AkBankSourceData"
"1024605331","1024605331","True","1024605331.wem","th4_000_common_vo\english(us)\1024605331.wem","88331","1","","","","AkBankSourceData"
"1026098211","1026098211","True","1026098211.wem","th4_000_common_vo\english(us)\1026098211.wem","29246","1","","","","AkBankSourceData"
"1027092084","1027092084","True","1027092084.wem","th4_000_common_vo\english(us)\1027092084.wem","25867","1","","","","AkBankSourceData"
"1028485157","1028485157","True","1028485157.wem","th4_000_common_vo\english(us)\1028485157.wem","15054","1","","","","AkBankSourceData"
"1030164003","1030164003","True","1030164003.wem","th4_000_common_vo\english(us)\1030164003.wem","43999","1","","","","AkBankSourceData"
"1031659901","1031659901","True","1031659901.wem","th4_000_common_vo\english(us)\1031659901.wem","17400","1","","","","AkBankSourceData"
"1032112512","1032112512","True","1032112512.wem","th4_000_common_vo\english(us)\1032112512.wem","122199","1","","","","AkBankSourceData"
"1032521899","1032521899","True","1032521899.wem","th4_000_common_vo\english(us)\1032521899.wem","44406","1","","","","AkBankSourceData"
"1035824601","1035824601","True","1035824601.wem","th4_000_common_vo\english(us)\1035824601.wem","37406","1","","","","AkBankSourceData"
"1037817702","1037817702","True","1037817702.wem","th4_000_common_vo\english(us)\1037817702.wem","10939","1","","","","AkBankSourceData"
"1037913307","1037913307","True","1037913307.wem","th4_000_common_vo\english(us)\1037913307.wem","61924","1","","","","AkBankSourceData"
"1039444031","1039444031","True","1039444031.wem","th4_000_common_vo\english(us)\1039444031.wem","18322","1","","","","AkBankSourceData"
"1040216574","1040216574","True","1040216574.wem","th4_000_common_vo\english(us)\1040216574.wem","47721","1","","","","AkBankSourceData"
"1040911784","1040911784","True","1040911784.wem","th4_000_common_vo\english(us)\1040911784.wem","84055","2","","","","AkBankSourceData"
"1042118390","1042118390","True","1042118390.wem","th4_000_common_vo\english(us)\1042118390.wem","24536","1","","","","AkBankSourceData"
"1042630073","1042630073","True","1042630073.wem","th4_000_common_vo\english(us)\1042630073.wem","11912","1","","","","AkBankSourceData"
"1046561200","1046561200","True","1046561200.wem","th4_000_common_vo\english(us)\1046561200.wem","16461","1","","","","AkBankSourceData"
"1046566922","1046566922","True","1046566922.wem","th4_000_common_vo\english(us)\1046566922.wem","9728","1","","","","AkBankSourceData"
"1048949208","1048949208","True","1048949208.wem","th4_000_common_vo\english(us)\1048949208.wem","10265","1","","","","AkBankSourceData"
"1050074967","1050074967","True","1050074967.wem","th4_000_common_vo\english(us)\1050074967.wem","24460","1","","","","AkBankSourceData"
"1050251054","1050251054","True","1050251054.wem","th4_000_common_vo\english(us)\1050251054.wem","50543","1","","","","AkBankSourceData"
"1050544152","1050544152","True","1050544152.wem","th4_000_common_vo\english(us)\1050544152.wem","22595","1","","","","AkBankSourceData"
"1051914724","1051914724","True","1051914724.wem","th4_000_common_vo\english(us)\1051914724.wem","32935","1","","","","AkBankSourceData"
"1052655305","1052655305","True","1052655305.wem","th4_000_common_vo\english(us)\1052655305.wem","52924","1","","","","AkBankSourceData"
"1052971964","1052971964","True","1052971964.wem","th4_000_common_vo\english(us)\1052971964.wem","22501","1","","","","AkBankSourceData"
"1054119434","1054119434","True","1054119434.wem","th4_000_common_vo\english(us)\1054119434.wem","7348","1","","","","AkBankSourceData"
"1056241236","1056241236","True","1056241236.wem","th4_000_common_vo\english(us)\1056241236.wem","41552","1","","","","AkBankSourceData"
"1058158586","1058158586","True","1058158586.wem","th4_000_common_vo\english(us)\1058158586.wem","16882","1","","","","AkBankSourceData"
"1059620240","1059620240","True","1059620240.wem","th4_000_common_vo\english(us)\1059620240.wem","7200","1","","","","AkBankSourceData"
"1059961648","1059961648","True","1059961648.wem","th4_000_common_vo\english(us)\1059961648.wem","28459","1","","","","AkBankSourceData"
"1063061087","1063061087","True","1063061087.wem","th4_000_common_vo\english(us)\1063061087.wem","9906","1","","","","AkBankSourceData"
"1063776406","1063776406","True","1063776406.wem","th4_000_common_vo\english(us)\1063776406.wem","14887","2","","","","AkBankSourceData"
"1064404150","1064404150","True","1064404150.wem","th4_000_common_vo\english(us)\1064404150.wem","20962","1","","","","AkBankSourceData"
"1065946615","1065946615","True","1065946615.wem","th4_000_common_vo\english(us)\1065946615.wem","36629","1","","","","AkBankSourceData"
"1067575506","1067575506","True","1067575506.wem","th4_000_common_vo\english(us)\1067575506.wem","60557","1","","","","AkBankSourceData"
"1068184009","1068184009","True","1068184009.wem","th4_000_common_vo\english(us)\1068184009.wem","19857","1","","","","AkBankSourceData"
"1068329219","1068329219","True","1068329219.wem","th4_000_common_vo\english(us)\1068329219.wem","13919","1","","","","AkBankSourceData"
"1069557766","1069557766","True","1069557766.wem","th4_000_common_vo\english(us)\1069557766.wem","17945","1","","","","AkBankSourceData"
"1069707836","1069707836","True","1069707836.wem","th4_000_common_vo\english(us)\1069707836.wem","51253","1","","","","AkBankSourceData"
"1071813657","1071813657","True","1071813657.wem","th4_000_common_vo\english(us)\1071813657.wem","21568","1","","","","AkBankSourceData"
