"Index","Batch","WEM","SourcePath","WAV","EventID","ActionID","SoundID","SourceID","StreamType","DurationSec","BitrateKbps","Encoding","SampleRate","Channels","Bucket","Status"
"1","Batch_001","731766908.wem","B:\Thief2014_Dubbing\Extracted\th4_000_common_vo\th4_000_common_vo\english(us)\731766908.wem","B:\Thief2014_Dubbing\Work\VoiceAudition\Batch_001\0001_731766908.wav","3478230970","636402901","116588105","731766908","1","0,508","95","Custom Vorbis","32000 Hz","1","00-01s","CONVERTED"
"2","Batch_001","1059620240.wem","B:\Thief2014_Dubbing\Extracted\th4_000_common_vo\th4_000_common_vo\english(us)\1059620240.wem","B:\Thief2014_Dubbing\Work\VoiceAudition\Batch_001\0002_1059620240.wav","1392525625","178367285","1020402028","1059620240","1","0,576","98","Custom Vorbis","32000 Hz","1","00-01s","CONVERTED"
"3","Batch_001","400720740.wem","B:\Thief2014_Dubbing\Extracted\th4_000_common_vo\th4_000_common_vo\english(us)\400720740.wem","B:\Thief2014_Dubbing\Work\VoiceAudition\Batch_001\0003_400720740.wav","3495008557","843074105","433476590","400720740","1","0,579","94","Custom Vorbis","32000 Hz","1","00-01s","CONVERTED"
"4","Batch_001","818539637.wem","B:\Thief2014_Dubbing\Extracted\th4_000_common_vo\th4_000_common_vo\english(us)\818539637.wem","B:\Thief2014_Dubbing\Work\VoiceAudition\Batch_001\0004_818539637.wav","3858585323","427967198","378904448","818539637","1","0,592","87","Custom Vorbis","32000 Hz","1","00-01s","CONVERTED"
"5","Batch_001","385288379.wem","B:\Thief2014_Dubbing\Extracted\th4_000_common_vo\th4_000_common_vo\english(us)\385288379.wem","B:\Thief2014_Dubbing\Work\VoiceAudition\Batch_001\0005_385288379.wav","2667738906","654231053","470353110","385288379","2","0,601","78","Custom Vorbis","32000 Hz","1","00-01s","CONVERTED"
"6","Batch_001","892968061.wem","B:\Thief2014_Dubbing\Extracted\th4_000_common_vo\th4_000_common_vo\english(us)\892968061.wem","B:\Thief2014_Dubbing\Work\VoiceAudition\Batch_001\0006_892968061.wav","3024387871","7289928","850004010","892968061","1","0,612","66","Custom Vorbis","32000 Hz","1","00-01s","CONVERTED"
"7","Batch_001","439812956.wem","B:\Thief2014_Dubbing\Extracted\th4_000_common_vo\th4_000_common_vo\english(us)\439812956.wem","B:\Thief2014_Dubbing\Work\VoiceAudition\Batch_001\0007_439812956.wav","1930465213","329074691","905264037","439812956","1","0,614","90","Custom Vorbis","32000 Hz","1","00-01s","CONVERTED"
"8","Batch_001","873145965.wem","B:\Thief2014_Dubbing\Extracted\th4_000_common_vo\th4_000_common_vo\english(us)\873145965.wem","B:\Thief2014_Dubbing\Work\VoiceAudition\Batch_001\0008_873145965.wav","3344009922","280982821","12453192","873145965","1","0,629","87","Custom Vorbis","32000 Hz","1","00-01s","CONVERTED"
"9","Batch_001","585322642.wem","B:\Thief2014_Dubbing\Extracted\th4_000_common_vo\th4_000_common_vo\english(us)\585322642.wem","B:\Thief2014_Dubbing\Work\VoiceAudition\Batch_001\0009_585322642.wav","3805600254","608147778","380563849","585322642","2","0,667","66","Custom Vorbis","32000 Hz","1","00-01s","CONVERTED"
"10","Batch_001","809326529.wem","B:\Thief2014_Dubbing\Extracted\th4_000_common_vo\th4_000_common_vo\english(us)\809326529.wem","B:\Thief2014_Dubbing\Work\VoiceAudition\Batch_001\0010_809326529.wav","1342192736","253431697","532225781","809326529","1","0,675","89","Custom Vorbis","32000 Hz","1","00-01s","CONVERTED"
"11","Batch_001","273544445.wem","B:\Thief2014_Dubbing\Extracted\th4_000_common_vo\th4_000_common_vo\english(us)\273544445.wem","B:\Thief2014_Dubbing\Work\VoiceAudition\Batch_001\0011_273544445.wav","1493191243","164036162","1032978047","273544445","1","0,675","82","Custom Vorbis","32000 Hz","1","00-01s","CONVERTED"
"12","Batch_001","715263746.wem","B:\Thief2014_Dubbing\Extracted\th4_000_common_vo\th4_000_common_vo\english(us)\715263746.wem","B:\Thief2014_Dubbing\Work\VoiceAudition\Batch_001\0012_715263746.wav","4197952617","209223848","312791072","715263746","1","0,702","72","Custom Vorbis","32000 Hz","1","00-01s","CONVERTED"
"13","Batch_001","608686206.wem","B:\Thief2014_Dubbing\Extracted\th4_000_common_vo\th4_000_common_vo\english(us)\608686206.wem","B:\Thief2014_Dubbing\Work\VoiceAudition\Batch_001\0013_608686206.wav","2941141265","35149190","585458173","608686206","1","0,706","66","Custom Vorbis","32000 Hz","1","00-01s","CONVERTED"
"14","Batch_001","1054119434.wem","B:\Thief2014_Dubbing\Extracted\th4_000_common_vo\th4_000_common_vo\english(us)\1054119434.wem","B:\Thief2014_Dubbing\Work\VoiceAudition\Batch_001\0014_1054119434.wav","3377565224","839545645","971357107","1054119434","1","0,714","81","Custom Vorbis","32000 Hz","1","00-01s","CONVERTED"
"15","Batch_001","344423814.wem","B:\Thief2014_Dubbing\Extracted\th4_000_common_vo\th4_000_common_vo\english(us)\344423814.wem","B:\Thief2014_Dubbing\Work\VoiceAudition\Batch_001\0015_344423814.wav","322299620","402368636","977355748","344423814","1","0,714","98","Custom Vorbis","32000 Hz","1","00-01s","CONVERTED"
"16","Batch_001","429713486.wem","B:\Thief2014_Dubbing\Extracted\th4_000_common_vo\th4_000_common_vo\english(us)\429713486.wem","B:\Thief2014_Dubbing\Work\VoiceAudition\Batch_001\0016_429713486.wav","145728859","636413734","976653760","429713486","2","0,718","68","Custom Vorbis","32000 Hz","1","00-01s","CONVERTED"
"17","Batch_001","995532982.wem","B:\Thief2014_Dubbing\Extracted\th4_000_common_vo\th4_000_common_vo\english(us)\995532982.wem","B:\Thief2014_Dubbing\Work\VoiceAudition\Batch_001\0017_995532982.wav","3444675668","697060392","762419982","995532982","1","0,734","85","Custom Vorbis","32000 Hz","1","00-01s","CONVERTED"
"18","Batch_001","885929473.wem","B:\Thief2014_Dubbing\Extracted\th4_000_common_vo\th4_000_common_vo\english(us)\885929473.wem","B:\Thief2014_Dubbing\Work\VoiceAudition\Batch_001\0018_885929473.wav","3158277099","987672707","687869472","885929473","1","0,734","75","Custom Vorbis","32000 Hz","1","00-01s","CONVERTED"
"19","Batch_001","439964722.wem","B:\Thief2014_Dubbing\Extracted\th4_000_common_vo\th4_000_common_vo\english(us)\439964722.wem","B:\Thief2014_Dubbing\Work\VoiceAudition\Batch_001\0019_439964722.wav","1743323282","966995386","986718980","439964722","1","0,753","82","Custom Vorbis","32000 Hz","1","00-01s","CONVERTED"
"20","Batch_001","441093314.wem","B:\Thief2014_Dubbing\Extracted\th4_000_common_vo\th4_000_common_vo\english(us)\441093314.wem","B:\Thief2014_Dubbing\Work\VoiceAudition\Batch_001\0020_441093314.wav","3394342811","662060","1048289151","441093314","1","0,755","93","Custom Vorbis","32000 Hz","1","00-01s","CONVERTED"
"21","Batch_001","270299190.wem","B:\Thief2014_Dubbing\Extracted\th4_000_common_vo\th4_000_common_vo\english(us)\270299190.wem","B:\Thief2014_Dubbing\Work\VoiceAudition\Batch_001\0021_270299190.wav","2839621892","831971855","228178172","270299190","1","0,765","65","Custom Vorbis","32000 Hz","1","00-01s","CONVERTED"
"22","Batch_001","314504782.wem","B:\Thief2014_Dubbing\Extracted\th4_000_common_vo\th4_000_common_vo\english(us)\314504782.wem","B:\Thief2014_Dubbing\Work\VoiceAudition\Batch_001\0022_314504782.wav","2991160767","179125938","4765697","314504782","1","0,766","69","Custom Vorbis","32000 Hz","1","00-01s","CONVERTED"
"23","Batch_001","85694433.wem","B:\Thief2014_Dubbing\Extracted\th4_000_common_vo\th4_000_common_vo\english(us)\85694433.wem","B:\Thief2014_Dubbing\Work\VoiceAudition\Batch_001\0023_85694433.wav","3078223667","893787449","960300668","85694433","1","0,776","70","Custom Vorbis","32000 Hz","1","00-01s","CONVERTED"
"24","Batch_001","195325266.wem","B:\Thief2014_Dubbing\Extracted\th4_000_common_vo\th4_000_common_vo\english(us)\195325266.wem","B:\Thief2014_Dubbing\Work\VoiceAudition\Batch_001\0024_195325266.wav","1682644071","581081123","630516632","195325266","1","0,784","68","Custom Vorbis","32000 Hz","1","00-01s","CONVERTED"
"25","Batch_001","400137489.wem","B:\Thief2014_Dubbing\Extracted\th4_000_common_vo\th4_000_common_vo\english(us)\400137489.wem","B:\Thief2014_Dubbing\Work\VoiceAudition\Batch_001\0025_400137489.wav","4075664581","200313469","226939636","400137489","1","0,788","70","Custom Vorbis","32000 Hz","1","00-01s","CONVERTED"
"26","Batch_001","150380784.wem","B:\Thief2014_Dubbing\Extracted\th4_000_common_vo\th4_000_common_vo\english(us)\150380784.wem","B:\Thief2014_Dubbing\Work\VoiceAudition\Batch_001\0026_150380784.wav","2777911739","1050996736","55960903","150380784","1","0,794","70","Custom Vorbis","32000 Hz","1","00-01s","CONVERTED"
"27","Batch_001","273701221.wem","B:\Thief2014_Dubbing\Extracted\th4_000_common_vo\th4_000_common_vo\english(us)\273701221.wem","B:\Thief2014_Dubbing\Work\VoiceAudition\Batch_001\0027_273701221.wav","590353631","971135927","890447449","273701221","1","0,806","68","Custom Vorbis","32000 Hz","1","00-01s","CONVERTED"
"28","Batch_001","72740112.wem","B:\Thief2014_Dubbing\Extracted\th4_000_common_vo\th4_000_common_vo\english(us)\72740112.wem","B:\Thief2014_Dubbing\Work\VoiceAudition\Batch_001\0028_72740112.wav","1760100869","590152896","561852758","72740112","1","0,813","83","Custom Vorbis","32000 Hz","1","00-01s","CONVERTED"
"29","Batch_001","130214626.wem","B:\Thief2014_Dubbing\Extracted\th4_000_common_vo\th4_000_common_vo\english(us)\130214626.wem","B:\Thief2014_Dubbing\Work\VoiceAudition\Batch_001\0029_130214626.wav","2545964037","249723566","662727444","130214626","1","0,817","72","Custom Vorbis","32000 Hz","1","00-01s","CONVERTED"
"30","Batch_001","694355849.wem","B:\Thief2014_Dubbing\Extracted\th4_000_common_vo\th4_000_common_vo\english(us)\694355849.wem","B:\Thief2014_Dubbing\Work\VoiceAudition\Batch_001\0030_694355849.wav","1117508467","911620461","8894136","694355849","1","0,817","70","Custom Vorbis","32000 Hz","1","00-01s","CONVERTED"
"31","Batch_001","755475297.wem","B:\Thief2014_Dubbing\Extracted\th4_000_common_vo\th4_000_common_vo\english(us)\755475297.wem","B:\Thief2014_Dubbing\Work\VoiceAudition\Batch_001\0031_755475297.wav","3191307212","791774604","704516752","755475297","1","0,827","96","Custom Vorbis","32000 Hz","1","00-01s","CONVERTED"
"32","Batch_001","564551233.wem","B:\Thief2014_Dubbing\Extracted\th4_000_common_vo\th4_000_common_vo\english(us)\564551233.wem","B:\Thief2014_Dubbing\Work\VoiceAudition\Batch_001\0032_564551233.wav","2636156710","544445428","638224067","564551233","1","0,827","79","Custom Vorbis","32000 Hz","1","00-01s","CONVERTED"
"33","Batch_001","348578007.wem","B:\Thief2014_Dubbing\Extracted\th4_000_common_vo\th4_000_common_vo\english(us)\348578007.wem","B:\Thief2014_Dubbing\Work\VoiceAudition\Batch_001\0033_348578007.wav","372632509","470505336","704257682","348578007","1","0,827","90","Custom Vorbis","32000 Hz","1","00-01s","CONVERTED"
"34","Batch_001","597854950.wem","B:\Thief2014_Dubbing\Extracted\th4_000_common_vo\th4_000_common_vo\english(us)\597854950.wem","B:\Thief2014_Dubbing\Work\VoiceAudition\Batch_001\0034_597854950.wav","3241640069","320124046","32791407","597854950","1","0,832","86","Custom Vorbis","32000 Hz","1","00-01s","CONVERTED"
"35","Batch_001","111168223.wem","B:\Thief2014_Dubbing\Extracted\th4_000_common_vo\th4_000_common_vo\english(us)\111168223.wem","B:\Thief2014_Dubbing\Work\VoiceAudition\Batch_001\0035_111168223.wav","3569963574","1001120948","430729684","111168223","1","0,833","73","Custom Vorbis","32000 Hz","1","00-01s","CONVERTED"
"36","Batch_001","900193839.wem","B:\Thief2014_Dubbing\Extracted\th4_000_common_vo\th4_000_common_vo\english(us)\900193839.wem","B:\Thief2014_Dubbing\Work\VoiceAudition\Batch_001\0036_900193839.wav","3543190865","33263017","229232438","900193839","1","0,833","67","Custom Vorbis","32000 Hz","1","00-01s","CONVERTED"
"37","Batch_001","140429898.wem","B:\Thief2014_Dubbing\Extracted\th4_000_common_vo\th4_000_common_vo\english(us)\140429898.wem","B:\Thief2014_Dubbing\Work\VoiceAudition\Batch_001\0037_140429898.wav","898193892","522389761","320174968","140429898","2","0,834","72","Custom Vorbis","32000 Hz","1","00-01s","CONVERTED"
"38","Batch_001","833742253.wem","B:\Thief2014_Dubbing\Extracted\th4_000_common_vo\th4_000_common_vo\english(us)\833742253.wem","B:\Thief2014_Dubbing\Work\VoiceAudition\Batch_001\0038_833742253.wav","3713637175","702267632","404670054","833742253","2","0,834","70","Custom Vorbis","32000 Hz","1","00-01s","CONVERTED"
"39","Batch_001","334746582.wem","B:\Thief2014_Dubbing\Extracted\th4_000_common_vo\th4_000_common_vo\english(us)\334746582.wem","B:\Thief2014_Dubbing\Work\VoiceAudition\Batch_001\0039_334746582.wav","295816390","149540834","966148903","334746582","2","0,834","65","Custom Vorbis","32000 Hz","1","00-01s","CONVERTED"
"40","Batch_001","291902255.wem","B:\Thief2014_Dubbing\Extracted\th4_000_common_vo\th4_000_common_vo\english(us)\291902255.wem","B:\Thief2014_Dubbing\Work\VoiceAudition\Batch_001\0040_291902255.wav","3056621189","920046291","1017016097","291902255","1","0,847","68","Custom Vorbis","32000 Hz","1","00-01s","CONVERTED"
"41","Batch_001","824470248.wem","B:\Thief2014_Dubbing\Extracted\th4_000_common_vo\th4_000_common_vo\english(us)\824470248.wem","B:\Thief2014_Dubbing\Work\VoiceAudition\Batch_001\0041_824470248.wav","385739589","200481864","661397901","824470248","1","0,853","69","Custom Vorbis","32000 Hz","1","00-01s","CONVERTED"
"42","Batch_001","367107921.wem","B:\Thief2014_Dubbing\Extracted\th4_000_common_vo\th4_000_common_vo\english(us)\367107921.wem","B:\Thief2014_Dubbing\Work\VoiceAudition\Batch_001\0042_367107921.wav","2854087502","3867541","508888825","367107921","1","0,859","66","Custom Vorbis","32000 Hz","1","00-01s","CONVERTED"
"43","Batch_001","434389044.wem","B:\Thief2014_Dubbing\Extracted\th4_000_common_vo\th4_000_common_vo\english(us)\434389044.wem","B:\Thief2014_Dubbing\Work\VoiceAudition\Batch_001\0043_434389044.wav","2900094000","118212027","924258737","434389044","2","0,868","62","Custom Vorbis","32000 Hz","1","00-01s","CONVERTED"
"44","Batch_001","38727352.wem","B:\Thief2014_Dubbing\Extracted\th4_000_common_vo\th4_000_common_vo\english(us)\38727352.wem","B:\Thief2014_Dubbing\Work\VoiceAudition\Batch_001\0044_38727352.wav","3224862482","222037952","221598300","38727352","1","0,879","95","Custom Vorbis","32000 Hz","1","00-01s","CONVERTED"
"45","Batch_001","541461070.wem","B:\Thief2014_Dubbing\Extracted\th4_000_common_vo\th4_000_common_vo\english(us)\541461070.wem","B:\Thief2014_Dubbing\Work\VoiceAudition\Batch_001\0045_541461070.wav","1574635234","401446043","486557715","541461070","1","0,883","74","Custom Vorbis","32000 Hz","1","00-01s","CONVERTED"
"46","Batch_001","596333364.wem","B:\Thief2014_Dubbing\Extracted\th4_000_common_vo\th4_000_common_vo\english(us)\596333364.wem","B:\Thief2014_Dubbing\Work\VoiceAudition\Batch_001\0046_596333364.wav","996111595","833855978","212615185","596333364","1","0,884","70","Custom Vorbis","32000 Hz","1","00-01s","CONVERTED"
"47","Batch_001","560912128.wem","B:\Thief2014_Dubbing\Extracted\th4_000_common_vo\th4_000_common_vo\english(us)\560912128.wem","B:\Thief2014_Dubbing\Work\VoiceAudition\Batch_001\0047_560912128.wav","451855521","713365609","133451766","560912128","1","0,896","73","Custom Vorbis","32000 Hz","1","00-01s","CONVERTED"
"48","Batch_001","731848657.wem","B:\Thief2014_Dubbing\Extracted\th4_000_common_vo\th4_000_common_vo\english(us)\731848657.wem","B:\Thief2014_Dubbing\Work\VoiceAudition\Batch_001\0048_731848657.wav","1337998135","1042833519","826777738","731848657","2","0,9","73","Custom Vorbis","32000 Hz","1","00-01s","CONVERTED"
"49","Batch_001","897844617.wem","B:\Thief2014_Dubbing\Extracted\th4_000_common_vo\th4_000_common_vo\english(us)\897844617.wem","B:\Thief2014_Dubbing\Work\VoiceAudition\Batch_001\0049_897844617.wav","3543770398","1009862860","334158153","897844617","1","0,901","76","Custom Vorbis","32000 Hz","1","00-01s","CONVERTED"
"50","Batch_001","1004298845.wem","B:\Thief2014_Dubbing\Extracted\th4_000_common_vo\th4_000_common_vo\english(us)\1004298845.wem","B:\Thief2014_Dubbing\Work\VoiceAudition\Batch_001\0050_1004298845.wav","3293282188","225953132","765137024","1004298845","2","0,901","61","Custom Vorbis","32000 Hz","1","00-01s","CONVERTED"
"51","Batch_001","639975831.wem","B:\Thief2014_Dubbing\Extracted\th4_000_common_vo\th4_000_common_vo\english(us)\639975831.wem","B:\Thief2014_Dubbing\Work\VoiceAudition\Batch_001\0051_639975831.wav","488069790","840304788","146623261","639975831","1","0,904","66","Custom Vorbis","32000 Hz","1","00-01s","CONVERTED"
"52","Batch_001","627935293.wem","B:\Thief2014_Dubbing\Extracted\th4_000_common_vo\th4_000_common_vo\english(us)\627935293.wem","B:\Thief2014_Dubbing\Work\VoiceAudition\Batch_001\0052_627935293.wav","2214432560","724850733","1014926060","627935293","1","0,905","87","Custom Vorbis","32000 Hz","1","00-01s","CONVERTED"
"53","Batch_001","471866784.wem","B:\Thief2014_Dubbing\Extracted\th4_000_common_vo\th4_000_common_vo\english(us)\471866784.wem","B:\Thief2014_Dubbing\Work\VoiceAudition\Batch_001\0053_471866784.wav","3392410201","175951935","478932114","471866784","1","0,919","70","Custom Vorbis","32000 Hz","1","00-01s","CONVERTED"
"54","Batch_001","55510424.wem","B:\Thief2014_Dubbing\Extracted\th4_000_common_vo\th4_000_common_vo\english(us)\55510424.wem","B:\Thief2014_Dubbing\Work\VoiceAudition\Batch_001\0054_55510424.wav","3359083402","323409150","896352145","55510424","1","0,919","92","Custom Vorbis","32000 Hz","1","00-01s","CONVERTED"
"55","Batch_001","919374362.wem","B:\Thief2014_Dubbing\Extracted\th4_000_common_vo\th4_000_common_vo\english(us)\919374362.wem","B:\Thief2014_Dubbing\Work\VoiceAudition\Batch_001\0055_919374362.wav","2236051832","1006651323","549028734","919374362","1","0,92","82","Custom Vorbis","32000 Hz","1","00-01s","CONVERTED"
"56","Batch_001","28391928.wem","B:\Thief2014_Dubbing\Extracted\th4_000_common_vo\th4_000_common_vo\english(us)\28391928.wem","B:\Thief2014_Dubbing\Work\VoiceAudition\Batch_001\0056_28391928.wav","355854794","43874702","777852873","28391928","1","0,92","95","Custom Vorbis","32000 Hz","1","00-01s","CONVERTED"
"57","Batch_001","938191861.wem","B:\Thief2014_Dubbing\Extracted\th4_000_common_vo\th4_000_common_vo\english(us)\938191861.wem","B:\Thief2014_Dubbing\Work\VoiceAudition\Batch_001\0057_938191861.wav","2286384689","765823039","529062363","938191861","1","0,922","91","Custom Vorbis","32000 Hz","1","00-01s","CONVERTED"
"58","Batch_001","804342991.wem","B:\Thief2014_Dubbing\Extracted\th4_000_common_vo\th4_000_common_vo\english(us)\804342991.wem","B:\Thief2014_Dubbing\Work\VoiceAudition\Batch_001\0058_804342991.wav","3456426596","809036313","621934074","804342991","1","0,922","70","Custom Vorbis","32000 Hz","1","00-01s","CONVERTED"
"59","Batch_001","1017305820.wem","B:\Thief2014_Dubbing\Extracted\th4_000_common_vo\th4_000_common_vo\english(us)\1017305820.wem","B:\Thief2014_Dubbing\Work\VoiceAudition\Batch_001\0059_1017305820.wav","4023402410","698856192","550780876","1017305820","1","0,922","74","Custom Vorbis","32000 Hz","1","00-01s","CONVERTED"
"60","Batch_001","927048682.wem","B:\Thief2014_Dubbing\Extracted\th4_000_common_vo\th4_000_common_vo\english(us)\927048682.wem","B:\Thief2014_Dubbing\Work\VoiceAudition\Batch_001\0060_927048682.wav","3765261802","71364058","321032045","927048682","1","0,925","66","Custom Vorbis","32000 Hz","1","00-01s","CONVERTED"
"61","Batch_001","503584387.wem","B:\Thief2014_Dubbing\Extracted\th4_000_common_vo\th4_000_common_vo\english(us)\503584387.wem","B:\Thief2014_Dubbing\Work\VoiceAudition\Batch_001\0061_503584387.wav","2231210147","1041478184","888097612","503584387","1","0,927","79","Custom Vorbis","32000 Hz","1","00-01s","CONVERTED"
"62","Batch_001","829903043.wem","B:\Thief2014_Dubbing\Extracted\th4_000_common_vo\th4_000_common_vo\english(us)\829903043.wem","B:\Thief2014_Dubbing\Work\VoiceAudition\Batch_001\0062_829903043.wav","1042666289","363998529","759985361","829903043","1","0,929","69","Custom Vorbis","32000 Hz","1","00-01s","CONVERTED"
"63","Batch_001","921173421.wem","B:\Thief2014_Dubbing\Extracted\th4_000_common_vo\th4_000_common_vo\english(us)\921173421.wem","B:\Thief2014_Dubbing\Work\VoiceAudition\Batch_001\0063_921173421.wav","3581257700","783783444","505152437","921173421","1","0,931","71","Custom Vorbis","32000 Hz","1","00-01s","CONVERTED"
"64","Batch_001","823705667.wem","B:\Thief2014_Dubbing\Extracted\th4_000_common_vo\th4_000_common_vo\english(us)\823705667.wem","B:\Thief2014_Dubbing\Work\VoiceAudition\Batch_001\0064_823705667.wav","422724153","677404689","438634294","823705667","2","0,934","74","Custom Vorbis","32000 Hz","1","00-01s","CONVERTED"
"65","Batch_001","959203466.wem","B:\Thief2014_Dubbing\Extracted\th4_000_common_vo\th4_000_common_vo\english(us)\959203466.wem","B:\Thief2014_Dubbing\Work\VoiceAudition\Batch_001\0065_959203466.wav","2252829419","537744300","17627223","959203466","1","0,937","85","Custom Vorbis","32000 Hz","1","00-01s","CONVERTED"
"66","Batch_001","360887369.wem","B:\Thief2014_Dubbing\Extracted\th4_000_common_vo\th4_000_common_vo\english(us)\360887369.wem","B:\Thief2014_Dubbing\Work\VoiceAudition\Batch_001\0066_360887369.wav","3942473354","935375167","324817258","360887369","1","0,937","95","Custom Vorbis","32000 Hz","1","00-01s","CONVERTED"
"67","Batch_001","778813174.wem","B:\Thief2014_Dubbing\Extracted\th4_000_common_vo\th4_000_common_vo\english(us)\778813174.wem","B:\Thief2014_Dubbing\Work\VoiceAudition\Batch_001\0067_778813174.wav","2065687702","1052523197","431685059","778813174","1","0,937","69","Custom Vorbis","32000 Hz","1","00-01s","CONVERTED"
"68","Batch_001","1063061087.wem","B:\Thief2014_Dubbing\Extracted\th4_000_common_vo\th4_000_common_vo\english(us)\1063061087.wem","B:\Thief2014_Dubbing\Work\VoiceAudition\Batch_001\0068_1063061087.wav","3424746738","449994384","917725707","1063061087","1","0,946","82","Custom Vorbis","32000 Hz","1","00-01s","CONVERTED"
"69","Batch_001","1006709767.wem","B:\Thief2014_Dubbing\Extracted\th4_000_common_vo\th4_000_common_vo\english(us)\1006709767.wem","B:\Thief2014_Dubbing\Work\VoiceAudition\Batch_001\0069_1006709767.wav","225660079","34411174","996156026","1006709767","1","0,959","68","Custom Vorbis","32000 Hz","1","00-01s","CONVERTED"
"70","Batch_001","16292482.wem","B:\Thief2014_Dubbing\Extracted\th4_000_common_vo\th4_000_common_vo\english(us)\16292482.wem","B:\Thief2014_Dubbing\Work\VoiceAudition\Batch_001\0070_16292482.wav","781885249","714337614","15654722","16292482","1","0,962","66","Custom Vorbis","32000 Hz","1","00-01s","CONVERTED"
"71","Batch_001","1046566922.wem","B:\Thief2014_Dubbing\Extracted\th4_000_common_vo\th4_000_common_vo\english(us)\1046566922.wem","B:\Thief2014_Dubbing\Work\VoiceAudition\Batch_001\0071_1046566922.wav","3427898081","917836929","646389710","1046566922","1","0,964","79","Custom Vorbis","32000 Hz","1","00-01s","CONVERTED"
"72","Batch_001","315933206.wem","B:\Thief2014_Dubbing\Extracted\th4_000_common_vo\th4_000_common_vo\english(us)\315933206.wem","B:\Thief2014_Dubbing\Work\VoiceAudition\Batch_001\0072_315933206.wav","3523526370","411611558","916679059","315933206","1","0,966","82","Custom Vorbis","32000 Hz","1","00-01s","CONVERTED"
"73","Batch_001","145630016.wem","B:\Thief2014_Dubbing\Extracted\th4_000_common_vo\th4_000_common_vo\english(us)\145630016.wem","B:\Thief2014_Dubbing\Work\VoiceAudition\Batch_001\0073_145630016.wav","14107373","162280588","877794139","145630016","1","0,967","68","Custom Vorbis","32000 Hz","1","00-01s","CONVERTED"
"74","Batch_001","159921588.wem","B:\Thief2014_Dubbing\Extracted\th4_000_common_vo\th4_000_common_vo\english(us)\159921588.wem","B:\Thief2014_Dubbing\Work\VoiceAudition\Batch_001\0074_159921588.wav","38922982","120298763","755606733","159921588","2","0,968","95","Custom Vorbis","32000 Hz","1","00-01s","CONVERTED"
"75","Batch_001","374410794.wem","B:\Thief2014_Dubbing\Extracted\th4_000_common_vo\th4_000_common_vo\english(us)\374410794.wem","B:\Thief2014_Dubbing\Work\VoiceAudition\Batch_001\0075_374410794.wav","1846577054","286811319","329135068","374410794","1","0,969","88","Custom Vorbis","32000 Hz","1","00-01s","CONVERTED"
"76","Batch_001","831440145.wem","B:\Thief2014_Dubbing\Extracted\th4_000_common_vo\th4_000_common_vo\english(us)\831440145.wem","B:\Thief2014_Dubbing\Work\VoiceAudition\Batch_001\0076_831440145.wav","2047205724","747358193","589686071","831440145","1","0,975","60","Custom Vorbis","32000 Hz","1","00-01s","CONVERTED"
"77","Batch_001","1018531196.wem","B:\Thief2014_Dubbing\Extracted\th4_000_common_vo\th4_000_common_vo\english(us)\1018531196.wem","B:\Thief2014_Dubbing\Work\VoiceAudition\Batch_001\0077_1018531196.wav","548935516","383288426","547014407","1018531196","1","0,976","71","Custom Vorbis","32000 Hz","1","00-01s","CONVERTED"
"78","Batch_001","530969235.wem","B:\Thief2014_Dubbing\Extracted\th4_000_common_vo\th4_000_common_vo\english(us)\530969235.wem","B:\Thief2014_Dubbing\Work\VoiceAudition\Batch_001\0078_530969235.wav","1375747910","642765473","260348761","530969235","1","0,977","89","Custom Vorbis","32000 Hz","1","00-01s","CONVERTED"
"79","Batch_001","627610828.wem","B:\Thief2014_Dubbing\Extracted\th4_000_common_vo\th4_000_common_vo\english(us)\627610828.wem","B:\Thief2014_Dubbing\Work\VoiceAudition\Batch_001\0079_627610828.wav","1572331927","801140388","828913332","627610828","1","0,981","69","Custom Vorbis","32000 Hz","1","00-01s","CONVERTED"
"80","Batch_001","432000320.wem","B:\Thief2014_Dubbing\Extracted\th4_000_common_vo\th4_000_common_vo\english(us)\432000320.wem","B:\Thief2014_Dubbing\Work\VoiceAudition\Batch_001\0080_432000320.wav","3875362910","810660074","274034040","432000320","1","0,983","88","Custom Vorbis","32000 Hz","1","00-01s","CONVERTED"
"81","Batch_001","861286715.wem","B:\Thief2014_Dubbing\Extracted\th4_000_common_vo\th4_000_common_vo\english(us)\861286715.wem","B:\Thief2014_Dubbing\Work\VoiceAudition\Batch_001\0081_861286715.wav","1354894830","535209366","83948682","861286715","1","0,985","90","Custom Vorbis","32000 Hz","1","00-01s","CONVERTED"
"82","Batch_001","816378630.wem","B:\Thief2014_Dubbing\Extracted\th4_000_common_vo\th4_000_common_vo\english(us)\816378630.wem","B:\Thief2014_Dubbing\Work\VoiceAudition\Batch_001\0082_816378630.wav","1992660143","513295419","52310359","816378630","1","1,001","73","Custom Vorbis","32000 Hz","1","01-02s","CONVERTED"
"83","Batch_001","903710341.wem","B:\Thief2014_Dubbing\Extracted\th4_000_common_vo\th4_000_common_vo\english(us)\903710341.wem","B:\Thief2014_Dubbing\Work\VoiceAudition\Batch_001\0083_903710341.wav","4184360097","862407173","137005077","903710341","1","1,001","67","Custom Vorbis","32000 Hz","1","01-02s","CONVERTED"
"84","Batch_001","298554319.wem","B:\Thief2014_Dubbing\Extracted\th4_000_common_vo\th4_000_common_vo\english(us)\298554319.wem","B:\Thief2014_Dubbing\Work\VoiceAudition\Batch_001\0084_298554319.wav","1863354737","444368724","705239761","298554319","1","1,007","94","Custom Vorbis","32000 Hz","1","01-02s","CONVERTED"
"85","Batch_001","854499199.wem","B:\Thief2014_Dubbing\Extracted\th4_000_common_vo\th4_000_common_vo\english(us)\854499199.wem","B:\Thief2014_Dubbing\Work\VoiceAudition\Batch_001\0085_854499199.wav","1405227687","445898433","107351660","854499199","1","1,007","88","Custom Vorbis","32000 Hz","1","01-02s","CONVERTED"
"86","Batch_001","916026085.wem","B:\Thief2014_Dubbing\Extracted\th4_000_common_vo\th4_000_common_vo\english(us)\916026085.wem","B:\Thief2014_Dubbing\Work\VoiceAudition\Batch_001\0086_916026085.wav","3232962523","58167495","771212542","916026085","1","1,014","72","Custom Vorbis","32000 Hz","1","01-02s","CONVERTED"
"87","Batch_001","442044236.wem","B:\Thief2014_Dubbing\Extracted\th4_000_common_vo\th4_000_common_vo\english(us)\442044236.wem","B:\Thief2014_Dubbing\Work\VoiceAudition\Batch_001\0087_442044236.wav","1365390753","446606886","257354705","442044236","1","1,015","64","Custom Vorbis","32000 Hz","1","01-02s","CONVERTED"
"88","Batch_001","697282788.wem","B:\Thief2014_Dubbing\Extracted\th4_000_common_vo\th4_000_common_vo\english(us)\697282788.wem","B:\Thief2014_Dubbing\Work\VoiceAudition\Batch_001\0088_697282788.wav","869614451","1022207924","355277542","697282788","2","1,02","65","Custom Vorbis","32000 Hz","1","01-02s","CONVERTED"
"89","Batch_001","616565789.wem","B:\Thief2014_Dubbing\Extracted\th4_000_common_vo\th4_000_common_vo\english(us)\616565789.wem","B:\Thief2014_Dubbing\Work\VoiceAudition\Batch_001\0089_616565789.wav","524659688","389434333","578589341","616565789","2","1,024","62","Custom Vorbis","32000 Hz","1","01-02s","CONVERTED"
"90","Batch_001","1037817702.wem","B:\Thief2014_Dubbing\Extracted\th4_000_common_vo\th4_000_common_vo\english(us)\1037817702.wem","B:\Thief2014_Dubbing\Work\VoiceAudition\Batch_001\0090_1037817702.wav","3157752038","683406032","224444927","1037817702","1","1,027","84","Custom Vorbis","32000 Hz","1","01-02s","CONVERTED"
"91","Batch_001","431430945.wem","B:\Thief2014_Dubbing\Extracted\th4_000_common_vo\th4_000_common_vo\english(us)\431430945.wem","B:\Thief2014_Dubbing\Work\VoiceAudition\Batch_001\0091_431430945.wav","2097721411","556056099","622845292","431430945","1","1,035","74","Custom Vorbis","32000 Hz","1","01-02s","CONVERTED"
"92","Batch_001","409047569.wem","B:\Thief2014_Dubbing\Extracted\th4_000_common_vo\th4_000_common_vo\english(us)\409047569.wem","B:\Thief2014_Dubbing\Work\VoiceAudition\Batch_001\0092_409047569.wav","1358970323","489121831","989741814","409047569","1","1,039","81","Custom Vorbis","32000 Hz","1","01-02s","CONVERTED"
"93","Batch_001","920301962.wem","B:\Thief2014_Dubbing\Extracted\th4_000_common_vo\th4_000_common_vo\english(us)\920301962.wem","B:\Thief2014_Dubbing\Work\VoiceAudition\Batch_001\0093_920301962.wav","3174529625","489984894","223366276","920301962","1","1,054","106","Custom Vorbis","32000 Hz","1","01-02s","CONVERTED"
"94","Batch_001","504253636.wem","B:\Thief2014_Dubbing\Extracted\th4_000_common_vo\th4_000_common_vo\english(us)\504253636.wem","B:\Thief2014_Dubbing\Work\VoiceAudition\Batch_001\0094_504253636.wav","1611567706","73901326","33190956","504253636","1","1,057","67","Custom Vorbis","32000 Hz","1","01-02s","CONVERTED"
"95","Batch_001","165923554.wem","B:\Thief2014_Dubbing\Extracted\th4_000_common_vo\th4_000_common_vo\english(us)\165923554.wem","B:\Thief2014_Dubbing\Work\VoiceAudition\Batch_001\0095_165923554.wav","3361011483","10653340","997840992","165923554","1","1,058","68","Custom Vorbis","32000 Hz","1","01-02s","CONVERTED"
"96","Batch_001","292303274.wem","B:\Thief2014_Dubbing\Extracted\th4_000_common_vo\th4_000_common_vo\english(us)\292303274.wem","B:\Thief2014_Dubbing\Work\VoiceAudition\Batch_001\0096_292303274.wav","1867356626","47409775","111956764","292303274","1","1,058","67","Custom Vorbis","32000 Hz","1","01-02s","CONVERTED"
"97","Batch_001","929989629.wem","B:\Thief2014_Dubbing\Extracted\th4_000_common_vo\th4_000_common_vo\english(us)\929989629.wem","B:\Thief2014_Dubbing\Work\VoiceAudition\Batch_001\0097_929989629.wav","2649265093","167917597","871319121","929989629","1","1,061","69","Custom Vorbis","32000 Hz","1","01-02s","CONVERTED"
"98","Batch_001","272200703.wem","B:\Thief2014_Dubbing\Extracted\th4_000_common_vo\th4_000_common_vo\english(us)\272200703.wem","B:\Thief2014_Dubbing\Work\VoiceAudition\Batch_001\0098_272200703.wav","41160056","271803665","291864555","272200703","2","1,068","69","Custom Vorbis","32000 Hz","1","01-02s","CONVERTED"
"99","Batch_001","415978962.wem","B:\Thief2014_Dubbing\Extracted\th4_000_common_vo\th4_000_common_vo\english(us)\415978962.wem","B:\Thief2014_Dubbing\Work\VoiceAudition\Batch_001\0099_415978962.wav","3461453255","34794032","611472339","415978962","1","1,07","83","Custom Vorbis","32000 Hz","1","01-02s","CONVERTED"
"100","Batch_001","718012839.wem","B:\Thief2014_Dubbing\Extracted\th4_000_common_vo\th4_000_common_vo\english(us)\718012839.wem","B:\Thief2014_Dubbing\Work\VoiceAudition\Batch_001\0100_718012839.wav","34241672","227812407","375562660","718012839","2","1,075","69","Custom Vorbis","32000 Hz","1","01-02s","CONVERTED"
"101","Batch_002","988715288.wem","B:\Thief2014_Dubbing\Extracted\th4_000_common_vo\th4_000_common_vo\english(us)\988715288.wem","B:\Thief2014_Dubbing\Work\VoiceAudition\Batch_002\0101_988715288.wav","3140974451","853664769","948694398","988715288","1","1,087","82","Custom Vorbis","32000 Hz","1","01-02s","CONVERTED"
"102","Batch_002","770080605.wem","B:\Thief2014_Dubbing\Extracted\th4_000_common_vo\th4_000_common_vo\english(us)\770080605.wem","B:\Thief2014_Dubbing\Work\VoiceAudition\Batch_002\0102_770080605.wav","3358083757","986122839","351760058","770080605","1","1,088","64","Custom Vorbis","32000 Hz","1","01-02s","CONVERTED"
"103","Batch_002","672970291.wem","B:\Thief2014_Dubbing\Extracted\th4_000_common_vo\th4_000_common_vo\english(us)\672970291.wem","B:\Thief2014_Dubbing\Work\VoiceAudition\Batch_002\0103_672970291.wav","3959251069","127439557","716468314","672970291","1","1,089","94","Custom Vorbis","32000 Hz","1","01-02s","CONVERTED"
"104","Batch_002","757292548.wem","B:\Thief2014_Dubbing\Extracted\th4_000_common_vo\th4_000_common_vo\english(us)\757292548.wem","B:\Thief2014_Dubbing\Work\VoiceAudition\Batch_002\0104_757292548.wav","1442858482","458649672","37611876","757292548","1","1,095","84","Custom Vorbis","32000 Hz","1","01-02s","CONVERTED"
"105","Batch_002","972858731.wem","B:\Thief2014_Dubbing\Extracted\th4_000_common_vo\th4_000_common_vo\english(us)\972858731.wem","B:\Thief2014_Dubbing\Work\VoiceAudition\Batch_002\0105_972858731.wav","520030803","669476803","19131970","972858731","1","1,095","72","Custom Vorbis","32000 Hz","1","01-02s","CONVERTED"
"106","Batch_002","781584840.wem","B:\Thief2014_Dubbing\Extracted\th4_000_common_vo\th4_000_common_vo\english(us)\781584840.wem","B:\Thief2014_Dubbing\Work\VoiceAudition\Batch_002\0106_781584840.wav","2938918989","455910179","624386789","781584840","2","1,101","66","Custom Vorbis","32000 Hz","1","01-02s","CONVERTED"
"107","Batch_002","253212335.wem","B:\Thief2014_Dubbing\Extracted\th4_000_common_vo\th4_000_common_vo\english(us)\253212335.wem","B:\Thief2014_Dubbing\Work\VoiceAudition\Batch_002\0107_253212335.wav","3529572942","596069772","616264213","253212335","2","1,101","70","Custom Vorbis","32000 Hz","1","01-02s","CONVERTED"
"108","Batch_002","979556710.wem","B:\Thief2014_Dubbing\Extracted\th4_000_common_vo\th4_000_common_vo\english(us)\979556710.wem","B:\Thief2014_Dubbing\Work\VoiceAudition\Batch_002\0108_979556710.wav","2269607006","639724389","85066016","979556710","1","1,104","85","Custom Vorbis","32000 Hz","1","01-02s","CONVERTED"
"109","Batch_002","192487085.wem","B:\Thief2014_Dubbing\Extracted\th4_000_common_vo\th4_000_common_vo\english(us)\192487085.wem","B:\Thief2014_Dubbing\Work\VoiceAudition\Batch_002\0109_192487085.wav","872444375","874530826","367392272","192487085","1","1,115","66","Custom Vorbis","32000 Hz","1","01-02s","CONVERTED"
"110","Batch_002","1048949208.wem","B:\Thief2014_Dubbing\Extracted\th4_000_common_vo\th4_000_common_vo\english(us)\1048949208.wem","B:\Thief2014_Dubbing\Work\VoiceAudition\Batch_002\0110_1048949208.wav","3192371027","542368969","783624524","1048949208","1","1,12","72","Custom Vorbis","32000 Hz","1","01-02s","CONVERTED"
"111","Batch_002","402148274.wem","B:\Thief2014_Dubbing\Extracted\th4_000_common_vo\th4_000_common_vo\english(us)\402148274.wem","B:\Thief2014_Dubbing\Work\VoiceAudition\Batch_002\0111_402148274.wav","1686469442","271833446","705392777","402148274","1","1,131","72","Custom Vorbis","32000 Hz","1","01-02s","CONVERTED"
"112","Batch_002","272603742.wem","B:\Thief2014_Dubbing\Extracted\th4_000_common_vo\th4_000_common_vo\english(us)\272603742.wem","B:\Thief2014_Dubbing\Work\VoiceAudition\Batch_002\0112_272603742.wav","1522572093","813372218","690889424","272603742","1","1,131","74","Custom Vorbis","32000 Hz","1","01-02s","CONVERTED"
"113","Batch_002","704692640.wem","B:\Thief2014_Dubbing\Extracted\th4_000_common_vo\th4_000_common_vo\english(us)\704692640.wem","B:\Thief2014_Dubbing\Work\VoiceAudition\Batch_002\0113_704692640.wav","948735758","354406134","608177259","704692640","2","1,134","68","Custom Vorbis","32000 Hz","1","01-02s","CONVERTED"
"114","Batch_002","528151165.wem","B:\Thief2014_Dubbing\Extracted\th4_000_common_vo\th4_000_common_vo\english(us)\528151165.wem","B:\Thief2014_Dubbing\Work\VoiceAudition\Batch_002\0114_528151165.wav","3281868771","713536406","290113082","528151165","1","1,134","66","Custom Vorbis","32000 Hz","1","01-02s","CONVERTED"
"115","Batch_002","518039797.wem","B:\Thief2014_Dubbing\Extracted\th4_000_common_vo\th4_000_common_vo\english(us)\518039797.wem","B:\Thief2014_Dubbing\Work\VoiceAudition\Batch_002\0115_518039797.wav","3831384361","458565309","525553767","518039797","1","1,141","92","Custom Vorbis","32000 Hz","1","01-02s","CONVERTED"
"116","Batch_002","143438724.wem","B:\Thief2014_Dubbing\Extracted\th4_000_common_vo\th4_000_common_vo\english(us)\143438724.wem","B:\Thief2014_Dubbing\Work\VoiceAudition\Batch_002\0116_143438724.wav","2403334882","280088796","796301526","143438724","1","1,144","75","Custom Vorbis","32000 Hz","1","01-02s","CONVERTED"
"117","Batch_002","174011257.wem","B:\Thief2014_Dubbing\Extracted\th4_000_common_vo\th4_000_common_vo\english(us)\174011257.wem","B:\Thief2014_Dubbing\Work\VoiceAudition\Batch_002\0117_174011257.wav","64470697","594959497","402319831","174011257","1","1,149","73","Custom Vorbis","32000 Hz","1","01-02s","CONVERTED"
"118","Batch_002","974657530.wem","B:\Thief2014_Dubbing\Extracted\th4_000_common_vo\th4_000_common_vo\english(us)\974657530.wem","B:\Thief2014_Dubbing\Work\VoiceAudition\Batch_002\0118_974657530.wav","1426080799","712454948","131341758","974657530","1","1,151","82","Custom Vorbis","32000 Hz","1","01-02s","CONVERTED"
"119","Batch_002","757582667.wem","B:\Thief2014_Dubbing\Extracted\th4_000_common_vo\th4_000_common_vo\english(us)\757582667.wem","B:\Thief2014_Dubbing\Work\VoiceAudition\Batch_002\0119_757582667.wav","2157606221","19627399","894686532","757582667","1","1,151","67","Custom Vorbis","32000 Hz","1","01-02s","CONVERTED"
"120","Batch_002","610558789.wem","B:\Thief2014_Dubbing\Extracted\th4_000_common_vo\th4_000_common_vo\english(us)\610558789.wem","B:\Thief2014_Dubbing\Work\VoiceAudition\Batch_002\0120_610558789.wav","21816622","32460704","780178376","610558789","1","1,152","73","Custom Vorbis","32000 Hz","1","01-02s","CONVERTED"
"121","Batch_002","15140111.wem","B:\Thief2014_Dubbing\Extracted\th4_000_common_vo\th4_000_common_vo\english(us)\15140111.wem","B:\Thief2014_Dubbing\Work\VoiceAudition\Batch_002\0121_15140111.wav","3369576424","873309786","47130983","15140111","1","1,155","66","Custom Vorbis","32000 Hz","1","01-02s","CONVERTED"
"122","Batch_002","63485174.wem","B:\Thief2014_Dubbing\Extracted\th4_000_common_vo\th4_000_common_vo\english(us)\63485174.wem","B:\Thief2014_Dubbing\Work\VoiceAudition\Batch_002\0122_63485174.wav","3109943155","315466570","611347293","63485174","1","1,155","67","Custom Vorbis","32000 Hz","1","01-02s","CONVERTED"
"123","Batch_002","801833393.wem","B:\Thief2014_Dubbing\Extracted\th4_000_common_vo\th4_000_common_vo\english(us)\801833393.wem","B:\Thief2014_Dubbing\Work\VoiceAudition\Batch_002\0123_801833393.wav","1084431539","383922212","616079477","801833393","1","1,159","68","Custom Vorbis","32000 Hz","1","01-02s","CONVERTED"
"124","Batch_002","581710097.wem","B:\Thief2014_Dubbing\Extracted\th4_000_common_vo\th4_000_common_vo\english(us)\581710097.wem","B:\Thief2014_Dubbing\Work\VoiceAudition\Batch_002\0124_581710097.wav","713792928","365269730","185078017","581710097","1","1,164","70","Custom Vorbis","32000 Hz","1","01-02s","CONVERTED"
"125","Batch_002","270191836.wem","B:\Thief2014_Dubbing\Extracted\th4_000_common_vo\th4_000_common_vo\english(us)\270191836.wem","B:\Thief2014_Dubbing\Work\VoiceAudition\Batch_002\0125_270191836.wav","3876381483","428827628","206341526","270191836","1","1,17","94","Custom Vorbis","32000 Hz","1","01-02s","CONVERTED"
"126","Batch_002","752327521.wem","B:\Thief2014_Dubbing\Extracted\th4_000_common_vo\th4_000_common_vo\english(us)\752327521.wem","B:\Thief2014_Dubbing\Work\VoiceAudition\Batch_002\0126_752327521.wav","1438782861","547860278","666030736","752327521","1","1,173","89","Custom Vorbis","32000 Hz","1","01-02s","CONVERTED"
"127","Batch_002","89428262.wem","B:\Thief2014_Dubbing\Extracted\th4_000_common_vo\th4_000_common_vo\english(us)\89428262.wem","B:\Thief2014_Dubbing\Work\VoiceAudition\Batch_002\0127_89428262.wav","1388450100","178419983","597533131","89428262","1","1,188","90","Custom Vorbis","32000 Hz","1","01-02s","CONVERTED"
"128","Batch_002","412020070.wem","B:\Thief2014_Dubbing\Extracted\th4_000_common_vo\th4_000_common_vo\english(us)\412020070.wem","B:\Thief2014_Dubbing\Work\VoiceAudition\Batch_002\0128_412020070.wav","3814606774","65863683","763878045","412020070","1","1,188","86","Custom Vorbis","32000 Hz","1","01-02s","CONVERTED"
"129","Batch_002","250104555.wem","B:\Thief2014_Dubbing\Extracted\th4_000_common_vo\th4_000_common_vo\english(us)\250104555.wem","B:\Thief2014_Dubbing\Work\VoiceAudition\Batch_002\0129_250104555.wav","3776281097","411823826","571505455","250104555","2","1,192","65","Custom Vorbis","32000 Hz","1","01-02s","CONVERTED"
"130","Batch_002","1001406991.wem","B:\Thief2014_Dubbing\Extracted\th4_000_common_vo\th4_000_common_vo\english(us)\1001406991.wem","B:\Thief2014_Dubbing\Work\VoiceAudition\Batch_002\0130_1001406991.wav","2837614623","172622681","233234196","1001406991","1","1,195","67","Custom Vorbis","32000 Hz","1","01-02s","CONVERTED"
"131","Batch_002","323532677.wem","B:\Thief2014_Dubbing\Extracted\th4_000_common_vo\th4_000_common_vo\english(us)\323532677.wem","B:\Thief2014_Dubbing\Work\VoiceAudition\Batch_002\0131_323532677.wav","2600442144","799096121","126814530","323532677","2","1,201","69","Custom Vorbis","32000 Hz","1","01-02s","CONVERTED"
"132","Batch_002","237528681.wem","B:\Thief2014_Dubbing\Extracted\th4_000_common_vo\th4_000_common_vo\english(us)\237528681.wem","B:\Thief2014_Dubbing\Work\VoiceAudition\Batch_002\0132_237528681.wav","3223271117","544764882","162154101","237528681","2","1,201","64","Custom Vorbis","32000 Hz","1","01-02s","CONVERTED"
"133","Batch_002","820757872.wem","B:\Thief2014_Dubbing\Extracted\th4_000_common_vo\th4_000_common_vo\english(us)\820757872.wem","B:\Thief2014_Dubbing\Work\VoiceAudition\Batch_002\0133_820757872.wav","1409303212","898215708","871927467","820757872","1","1,205","78","Custom Vorbis","32000 Hz","1","01-02s","CONVERTED"
"134","Batch_002","526885551.wem","B:\Thief2014_Dubbing\Extracted\th4_000_common_vo\th4_000_common_vo\english(us)\526885551.wem","B:\Thief2014_Dubbing\Work\VoiceAudition\Batch_002\0134_526885551.wav","506353323","399000848","422566295","526885551","1","1,207","66","Custom Vorbis","32000 Hz","1","01-02s","CONVERTED"
"135","Batch_002","248157971.wem","B:\Thief2014_Dubbing\Extracted\th4_000_common_vo\th4_000_common_vo\english(us)\248157971.wem","B:\Thief2014_Dubbing\Work\VoiceAudition\Batch_002\0135_248157971.wav","3688952314","919247701","308627977","248157971","1","1,211","67","Custom Vorbis","32000 Hz","1","01-02s","CONVERTED"
"136","Batch_002","834123639.wem","B:\Thief2014_Dubbing\Extracted\th4_000_common_vo\th4_000_common_vo\english(us)\834123639.wem","B:\Thief2014_Dubbing\Work\VoiceAudition\Batch_002\0136_834123639.wav","3540303957","141002095","434980305","834123639","1","1,213","77","Custom Vorbis","32000 Hz","1","01-02s","CONVERTED"
"137","Batch_002","938294348.wem","B:\Thief2014_Dubbing\Extracted\th4_000_common_vo\th4_000_common_vo\english(us)\938294348.wem","B:\Thief2014_Dubbing\Work\VoiceAudition\Batch_002\0137_938294348.wav","3411120398","871247096","479443232","938294348","1","1,217","85","Custom Vorbis","32000 Hz","1","01-02s","CONVERTED"
"138","Batch_002","1011669071.wem","B:\Thief2014_Dubbing\Extracted\th4_000_common_vo\th4_000_common_vo\english(us)\1011669071.wem","B:\Thief2014_Dubbing\Work\VoiceAudition\Batch_002\0138_1011669071.wav","3447942977","949973051","288066945","1011669071","1","1,219","69","Custom Vorbis","32000 Hz","1","01-02s","CONVERTED"
"139","Batch_002","948839576.wem","B:\Thief2014_Dubbing\Extracted\th4_000_common_vo\th4_000_common_vo\english(us)\948839576.wem","B:\Thief2014_Dubbing\Work\VoiceAudition\Batch_002\0139_948839576.wav","3731075189","1056469811","122595610","948839576","1","1,229","70","Custom Vorbis","32000 Hz","1","01-02s","CONVERTED"
"140","Batch_002","886897021.wem","B:\Thief2014_Dubbing\Extracted\th4_000_common_vo\th4_000_common_vo\english(us)\886897021.wem","B:\Thief2014_Dubbing\Work\VoiceAudition\Batch_002\0140_886897021.wav","3452444601","286399025","339899159","886897021","1","1,236","70","Custom Vorbis","32000 Hz","1","01-02s","CONVERTED"
"141","Batch_002","596342624.wem","B:\Thief2014_Dubbing\Extracted\th4_000_common_vo\th4_000_common_vo\english(us)\596342624.wem","B:\Thief2014_Dubbing\Work\VoiceAudition\Batch_002\0141_596342624.wav","666419965","137678310","410299001","596342624","1","1,243","72","Custom Vorbis","32000 Hz","1","01-02s","CONVERTED"
"142","Batch_002","723844794.wem","B:\Thief2014_Dubbing\Extracted\th4_000_common_vo\th4_000_common_vo\english(us)\723844794.wem","B:\Thief2014_Dubbing\Work\VoiceAudition\Batch_002\0142_723844794.wav","289368195","218043853","439289755","723844794","1","1,245","78","Custom Vorbis","32000 Hz","1","01-02s","CONVERTED"
"143","Batch_002","286756205.wem","B:\Thief2014_Dubbing\Extracted\th4_000_common_vo\th4_000_common_vo\english(us)\286756205.wem","B:\Thief2014_Dubbing\Work\VoiceAudition\Batch_002\0143_286756205.wav","1703179782","601005225","977406015","286756205","1","1,266","81","Custom Vorbis","32000 Hz","1","01-02s","CONVERTED"
"144","Batch_002","848134069.wem","B:\Thief2014_Dubbing\Extracted\th4_000_common_vo\th4_000_common_vo\english(us)\848134069.wem","B:\Thief2014_Dubbing\Work\VoiceAudition\Batch_002\0144_848134069.wav","3404660568","57170369","671588910","848134069","1","1,267","72","Custom Vorbis","32000 Hz","1","01-02s","CONVERTED"
"145","Batch_002","917921297.wem","B:\Thief2014_Dubbing\Extracted\th4_000_common_vo\th4_000_common_vo\english(us)\917921297.wem","B:\Thief2014_Dubbing\Work\VoiceAudition\Batch_002\0145_917921297.wav","1571639502","101690538","852731061","917921297","1","1,267","81","Custom Vorbis","32000 Hz","1","01-02s","CONVERTED"
"146","Batch_002","239395106.wem","B:\Thief2014_Dubbing\Extracted\th4_000_common_vo\th4_000_common_vo\english(us)\239395106.wem","B:\Thief2014_Dubbing\Work\VoiceAudition\Batch_002\0146_239395106.wav","3264861813","455383523","203302226","239395106","1","1,275","63","Custom Vorbis","32000 Hz","1","01-02s","CONVERTED"
"147","Batch_002","911282662.wem","B:\Thief2014_Dubbing\Extracted\th4_000_common_vo\th4_000_common_vo\english(us)\911282662.wem","B:\Thief2014_Dubbing\Work\VoiceAudition\Batch_002\0147_911282662.wav","3142304963","783691453","582915972","911282662","1","1,28","77","Custom Vorbis","32000 Hz","1","01-02s","CONVERTED"
"148","Batch_002","149815371.wem","B:\Thief2014_Dubbing\Extracted\th4_000_common_vo\th4_000_common_vo\english(us)\149815371.wem","B:\Thief2014_Dubbing\Work\VoiceAudition\Batch_002\0148_149815371.wav","1654706174","380542528","275045697","149815371","1","1,291","63","Custom Vorbis","32000 Hz","1","01-02s","CONVERTED"
"149","Batch_002","184517543.wem","B:\Thief2014_Dubbing\Extracted\th4_000_common_vo\th4_000_common_vo\english(us)\184517543.wem","B:\Thief2014_Dubbing\Work\VoiceAudition\Batch_002\0149_184517543.wav","1198737572","365629827","597156993","184517543","1","1,301","64","Custom Vorbis","32000 Hz","1","01-02s","CONVERTED"
"150","Batch_002","419074368.wem","B:\Thief2014_Dubbing\Extracted\th4_000_common_vo\th4_000_common_vo\english(us)\419074368.wem","B:\Thief2014_Dubbing\Work\VoiceAudition\Batch_002\0150_419074368.wav","252618756","442921647","356182496","419074368","1","1,307","83","Custom Vorbis","32000 Hz","1","01-02s","CONVERTED"
"151","Batch_002","483424404.wem","B:\Thief2014_Dubbing\Extracted\th4_000_common_vo\th4_000_common_vo\english(us)\483424404.wem","B:\Thief2014_Dubbing\Work\VoiceAudition\Batch_002\0151_483424404.wav","3797829059","98869873","852959444","483424404","1","1,316","77","Custom Vorbis","32000 Hz","1","01-02s","CONVERTED"
"152","Batch_002","793668433.wem","B:\Thief2014_Dubbing\Extracted\th4_000_common_vo\th4_000_common_vo\english(us)\793668433.wem","B:\Thief2014_Dubbing\Work\VoiceAudition\Batch_002\0152_793668433.wav","1476413656","924379110","477459611","793668433","1","1,316","94","Custom Vorbis","32000 Hz","1","01-02s","CONVERTED"
"153","Batch_002","324025043.wem","B:\Thief2014_Dubbing\Extracted\th4_000_common_vo\th4_000_common_vo\english(us)\324025043.wem","B:\Thief2014_Dubbing\Work\VoiceAudition\Batch_002\0153_324025043.wav","3197501496","163778031","665836850","324025043","2","1,322","61","Custom Vorbis","32000 Hz","1","01-02s","CONVERTED"
"154","Batch_002","126988840.wem","B:\Thief2014_Dubbing\Extracted\th4_000_common_vo\th4_000_common_vo\english(us)\126988840.wem","B:\Thief2014_Dubbing\Work\VoiceAudition\Batch_002\0154_126988840.wav","1713556506","782052297","549822694","126988840","1","1,322","64","Custom Vorbis","32000 Hz","1","01-02s","CONVERTED"
"155","Batch_002","368819908.wem","B:\Thief2014_Dubbing\Extracted\th4_000_common_vo\th4_000_common_vo\english(us)\368819908.wem","B:\Thief2014_Dubbing\Work\VoiceAudition\Batch_002\0155_368819908.wav","602792762","994157173","458932156","368819908","1","1,325","71","Custom Vorbis","32000 Hz","1","01-02s","CONVERTED"
"156","Batch_002","86148928.wem","B:\Thief2014_Dubbing\Extracted\th4_000_common_vo\th4_000_common_vo\english(us)\86148928.wem","B:\Thief2014_Dubbing\Work\VoiceAudition\Batch_002\0156_86148928.wav","2565760583","570273374","227351358","86148928","1","1,327","59","Custom Vorbis","32000 Hz","1","01-02s","CONVERTED"
"157","Batch_002","158413004.wem","B:\Thief2014_Dubbing\Extracted\th4_000_common_vo\th4_000_common_vo\english(us)\158413004.wem","B:\Thief2014_Dubbing\Work\VoiceAudition\Batch_002\0157_158413004.wav","1601078373","895019799","131761106","158413004","1","1,328","70","Custom Vorbis","32000 Hz","1","01-02s","CONVERTED"
"158","Batch_002","352232437.wem","B:\Thief2014_Dubbing\Extracted\th4_000_common_vo\th4_000_common_vo\english(us)\352232437.wem","B:\Thief2014_Dubbing\Work\VoiceAudition\Batch_002\0158_352232437.wav","766606842","391164112","996095719","352232437","1","1,333","81","Custom Vorbis","32000 Hz","1","01-02s","CONVERTED"
"159","Batch_002","415162792.wem","B:\Thief2014_Dubbing\Extracted\th4_000_common_vo\th4_000_common_vo\english(us)\415162792.wem","B:\Thief2014_Dubbing\Work\VoiceAudition\Batch_002\0159_415162792.wav","2525315717","597649411","252320662","415162792","2","1,335","66","Custom Vorbis","32000 Hz","1","01-02s","CONVERTED"
"160","Batch_002","70532753.wem","B:\Thief2014_Dubbing\Extracted\th4_000_common_vo\th4_000_common_vo\english(us)\70532753.wem","B:\Thief2014_Dubbing\Work\VoiceAudition\Batch_002\0160_70532753.wav","1726545727","451104876","724719174","70532753","1","1,338","90","Custom Vorbis","32000 Hz","1","01-02s","CONVERTED"
"161","Batch_002","215314467.wem","B:\Thief2014_Dubbing\Extracted\th4_000_common_vo\th4_000_common_vo\english(us)\215314467.wem","B:\Thief2014_Dubbing\Work\VoiceAudition\Batch_002\0161_215314467.wav","162858554","937801278","235759430","215314467","1","1,344","64","Custom Vorbis","32000 Hz","1","01-02s","CONVERTED"
"162","Batch_002","1015064643.wem","B:\Thief2014_Dubbing\Extracted\th4_000_common_vo\th4_000_common_vo\english(us)\1015064643.wem","B:\Thief2014_Dubbing\Work\VoiceAudition\Batch_002\0162_1015064643.wav","3868670544","691663341","669634303","1015064643","1","1,35","73","Custom Vorbis","32000 Hz","1","01-02s","CONVERTED"
"163","Batch_002","853491826.wem","B:\Thief2014_Dubbing\Extracted\th4_000_common_vo\th4_000_common_vo\english(us)\853491826.wem","B:\Thief2014_Dubbing\Work\VoiceAudition\Batch_002\0163_853491826.wav","1459636069","516516145","889058608","853491826","1","1,357","82","Custom Vorbis","32000 Hz","1","01-02s","CONVERTED"
"164","Batch_002","232476450.wem","B:\Thief2014_Dubbing\Extracted\th4_000_common_vo\th4_000_common_vo\english(us)\232476450.wem","B:\Thief2014_Dubbing\Work\VoiceAudition\Batch_002\0164_232476450.wav","681762395","985071126","159629790","232476450","1","1,358","91","Custom Vorbis","32000 Hz","1","01-02s","CONVERTED"
"165","Batch_002","1994541.wem","B:\Thief2014_Dubbing\Extracted\th4_000_common_vo\th4_000_common_vo\english(us)\1994541.wem","B:\Thief2014_Dubbing\Work\VoiceAudition\Batch_002\0165_1994541.wav","1939217055","483822953","123592416","1994541","1","1,363","64","Custom Vorbis","32000 Hz","1","01-02s","CONVERTED"
"166","Batch_002","933920771.wem","B:\Thief2014_Dubbing\Extracted\th4_000_common_vo\th4_000_common_vo\english(us)\933920771.wem","B:\Thief2014_Dubbing\Work\VoiceAudition\Batch_002\0166_933920771.wav","1855482301","958923539","78479861","933920771","1","1,365","69","Custom Vorbis","32000 Hz","1","01-02s","CONVERTED"
"167","Batch_002","897931311.wem","B:\Thief2014_Dubbing\Extracted\th4_000_common_vo\th4_000_common_vo\english(us)\897931311.wem","B:\Thief2014_Dubbing\Work\VoiceAudition\Batch_002\0167_897931311.wav","506962629","2285844","656397272","897931311","1","1,365","68","Custom Vorbis","32000 Hz","1","01-02s","CONVERTED"
"168","Batch_002","197738680.wem","B:\Thief2014_Dubbing\Extracted\th4_000_common_vo\th4_000_common_vo\english(us)\197738680.wem","B:\Thief2014_Dubbing\Work\VoiceAudition\Batch_002\0168_197738680.wav","2357038600","592851939","869813336","197738680","1","1,368","94","Custom Vorbis","32000 Hz","1","01-02s","CONVERTED"
"169","Batch_002","45145384.wem","B:\Thief2014_Dubbing\Extracted\th4_000_common_vo\th4_000_common_vo\english(us)\45145384.wem","B:\Thief2014_Dubbing\Work\VoiceAudition\Batch_002\0169_45145384.wav","506953500","178446032","917952391","45145384","1","1,371","73","Custom Vorbis","32000 Hz","1","01-02s","CONVERTED"
"170","Batch_002","48753438.wem","B:\Thief2014_Dubbing\Extracted\th4_000_common_vo\th4_000_common_vo\english(us)\48753438.wem","B:\Thief2014_Dubbing\Work\VoiceAudition\Batch_002\0170_48753438.wav","2239595267","299213525","893424268","48753438","1","1,38","89","Custom Vorbis","32000 Hz","1","01-02s","CONVERTED"
"171","Batch_002","578006395.wem","B:\Thief2014_Dubbing\Extracted\th4_000_common_vo\th4_000_common_vo\english(us)\578006395.wem","B:\Thief2014_Dubbing\Work\VoiceAudition\Batch_002\0171_578006395.wav","909603870","1043784522","1062181540","578006395","1","1,386","85","Custom Vorbis","32000 Hz","1","01-02s","CONVERTED"
"172","Batch_002","92791440.wem","B:\Thief2014_Dubbing\Extracted\th4_000_common_vo\th4_000_common_vo\english(us)\92791440.wem","B:\Thief2014_Dubbing\Work\VoiceAudition\Batch_002\0172_92791440.wav","350822486","782660235","708761017","92791440","1","1,387","68","Custom Vorbis","32000 Hz","1","01-02s","CONVERTED"
"173","Batch_002","120369165.wem","B:\Thief2014_Dubbing\Extracted\th4_000_common_vo\th4_000_common_vo\english(us)\120369165.wem","B:\Thief2014_Dubbing\Work\VoiceAudition\Batch_002\0173_120369165.wav","3574820932","441572062","359274625","120369165","1","1,388","63","Custom Vorbis","32000 Hz","1","01-02s","CONVERTED"
"174","Batch_002","332168452.wem","B:\Thief2014_Dubbing\Extracted\th4_000_common_vo\th4_000_common_vo\english(us)\332168452.wem","B:\Thief2014_Dubbing\Work\VoiceAudition\Batch_002\0174_332168452.wav","428771288","62223399","431125421","332168452","1","1,389","105","Custom Vorbis","32000 Hz","1","01-02s","CONVERTED"
"175","Batch_002","284086785.wem","B:\Thief2014_Dubbing\Extracted\th4_000_common_vo\th4_000_common_vo\english(us)\284086785.wem","B:\Thief2014_Dubbing\Work\VoiceAudition\Batch_002\0175_284086785.wav","1426861212","505799495","764403018","284086785","1","1,391","78","Custom Vorbis","32000 Hz","1","01-02s","CONVERTED"
"176","Batch_002","227431214.wem","B:\Thief2014_Dubbing\Extracted\th4_000_common_vo\th4_000_common_vo\english(us)\227431214.wem","B:\Thief2014_Dubbing\Work\VoiceAudition\Batch_002\0176_227431214.wav","721567578","1002138588","209336428","227431214","1","1,392","73","Custom Vorbis","32000 Hz","1","01-02s","CONVERTED"
"177","Batch_002","583111496.wem","B:\Thief2014_Dubbing\Extracted\th4_000_common_vo\th4_000_common_vo\english(us)\583111496.wem","B:\Thief2014_Dubbing\Work\VoiceAudition\Batch_002\0177_583111496.wav","737463583","178740520","600570182","583111496","1","1,392","69","Custom Vorbis","32000 Hz","1","01-02s","CONVERTED"
"178","Batch_002","701213895.wem","B:\Thief2014_Dubbing\Extracted\th4_000_common_vo\th4_000_common_vo\english(us)\701213895.wem","B:\Thief2014_Dubbing\Work\VoiceAudition\Batch_002\0178_701213895.wav","837529575","485369732","826275070","701213895","1","1,392","73","Custom Vorbis","32000 Hz","1","01-02s","CONVERTED"
"179","Batch_002","264889363.wem","B:\Thief2014_Dubbing\Extracted\th4_000_common_vo\th4_000_common_vo\english(us)\264889363.wem","B:\Thief2014_Dubbing\Work\VoiceAudition\Batch_002\0179_264889363.wav","3513521233","1037899952","55143284","264889363","1","1,399","68","Custom Vorbis","32000 Hz","1","01-02s","CONVERTED"
"180","Batch_002","139313318.wem","B:\Thief2014_Dubbing\Extracted\th4_000_common_vo\th4_000_common_vo\english(us)\139313318.wem","B:\Thief2014_Dubbing\Work\VoiceAudition\Batch_002\0180_139313318.wav","56395845","438149503","406602012","139313318","1","1,403","71","Custom Vorbis","32000 Hz","1","01-02s","CONVERTED"
"181","Batch_002","317399096.wem","B:\Thief2014_Dubbing\Extracted\th4_000_common_vo\th4_000_common_vo\english(us)\317399096.wem","B:\Thief2014_Dubbing\Work\VoiceAudition\Batch_002\0181_317399096.wav","2342766750","295772386","568474308","317399096","1","1,407","68","Custom Vorbis","32000 Hz","1","01-02s","CONVERTED"
"182","Batch_002","1018719994.wem","B:\Thief2014_Dubbing\Extracted\th4_000_common_vo\th4_000_common_vo\english(us)\1018719994.wem","B:\Thief2014_Dubbing\Work\VoiceAudition\Batch_002\0182_1018719994.wav","3777410797","85098204","877020574","1018719994","1","1,412","70","Custom Vorbis","32000 Hz","1","01-02s","CONVERTED"
"183","Batch_002","635449659.wem","B:\Thief2014_Dubbing\Extracted\th4_000_common_vo\th4_000_common_vo\english(us)\635449659.wem","B:\Thief2014_Dubbing\Work\VoiceAudition\Batch_002\0183_635449659.wav","3020580112","249493294","398940593","635449659","1","1,416","70","Custom Vorbis","32000 Hz","1","01-02s","CONVERTED"
"184","Batch_002","568173431.wem","B:\Thief2014_Dubbing\Extracted\th4_000_common_vo\th4_000_common_vo\english(us)\568173431.wem","B:\Thief2014_Dubbing\Work\VoiceAudition\Batch_002\0184_568173431.wav","3970474506","854999758","631835536","568173431","1","1,421","63","Custom Vorbis","32000 Hz","1","01-02s","CONVERTED"
"185","Batch_002","31944517.wem","B:\Thief2014_Dubbing\Extracted\th4_000_common_vo\th4_000_common_vo\english(us)\31944517.wem","B:\Thief2014_Dubbing\Work\VoiceAudition\Batch_002\0185_31944517.wav","2108699618","831490196","937276189","31944517","1","1,437","70","Custom Vorbis","32000 Hz","1","01-02s","CONVERTED"
"186","Batch_002","272253548.wem","B:\Thief2014_Dubbing\Extracted\th4_000_common_vo\th4_000_common_vo\english(us)\272253548.wem","B:\Thief2014_Dubbing\Work\VoiceAudition\Batch_002\0186_272253548.wav","959936727","182873655","133404495","272253548","1","1,438","95","Custom Vorbis","32000 Hz","1","01-02s","CONVERTED"
"187","Batch_002","1042630073.wem","B:\Thief2014_Dubbing\Extracted\th4_000_common_vo\th4_000_common_vo\english(us)\1042630073.wem","B:\Thief2014_Dubbing\Work\VoiceAudition\Batch_002\0187_1042630073.wav","30829860","1038272151","1070363325","1042630073","1","1,439","65","Custom Vorbis","32000 Hz","1","01-02s","CONVERTED"
"188","Batch_002","465962432.wem","B:\Thief2014_Dubbing\Extracted\th4_000_common_vo\th4_000_common_vo\english(us)\465962432.wem","B:\Thief2014_Dubbing\Work\VoiceAudition\Batch_002\0188_465962432.wav","1506958271","1064049449","330774367","465962432","1","1,44","65","Custom Vorbis","32000 Hz","1","01-02s","CONVERTED"
"189","Batch_002","441636163.wem","B:\Thief2014_Dubbing\Extracted\th4_000_common_vo\th4_000_common_vo\english(us)\441636163.wem","B:\Thief2014_Dubbing\Work\VoiceAudition\Batch_002\0189_441636163.wav","412114493","161013131","150813176","441636163","1","1,441","62","Custom Vorbis","32000 Hz","1","01-02s","CONVERTED"
"190","Batch_002","208695542.wem","B:\Thief2014_Dubbing\Extracted\th4_000_common_vo\th4_000_common_vo\english(us)\208695542.wem","B:\Thief2014_Dubbing\Work\VoiceAudition\Batch_002\0190_208695542.wav","3279244510","138703191","845948462","208695542","1","1,443","94","Custom Vorbis","32000 Hz","1","01-02s","CONVERTED"
"191","Batch_002","898503064.wem","B:\Thief2014_Dubbing\Extracted\th4_000_common_vo\th4_000_common_vo\english(us)\898503064.wem","B:\Thief2014_Dubbing\Work\VoiceAudition\Batch_002\0191_898503064.wav","698539982","310126389","757938650","898503064","1","1,448","88","Custom Vorbis","32000 Hz","1","01-02s","CONVERTED"
"192","Batch_002","145401243.wem","B:\Thief2014_Dubbing\Extracted\th4_000_common_vo\th4_000_common_vo\english(us)\145401243.wem","B:\Thief2014_Dubbing\Work\VoiceAudition\Batch_002\0192_145401243.wav","1917077711","993476896","310592170","145401243","1","1,451","68","Custom Vorbis","32000 Hz","1","01-02s","CONVERTED"
"193","Batch_002","560660796.wem","B:\Thief2014_Dubbing\Extracted\th4_000_common_vo\th4_000_common_vo\english(us)\560660796.wem","B:\Thief2014_Dubbing\Work\VoiceAudition\Batch_002\0193_560660796.wav","2319939863","373001820","1029609207","560660796","1","1,456","82","Custom Vorbis","32000 Hz","1","01-02s","CONVERTED"
"194","Batch_002","798490929.wem","B:\Thief2014_Dubbing\Extracted\th4_000_common_vo\th4_000_common_vo\english(us)\798490929.wem","B:\Thief2014_Dubbing\Work\VoiceAudition\Batch_002\0194_798490929.wav","1475671394","1072472205","1055461642","798490929","1","1,461","65","Custom Vorbis","32000 Hz","1","01-02s","CONVERTED"
"195","Batch_002","105106109.wem","B:\Thief2014_Dubbing\Extracted\th4_000_common_vo\th4_000_common_vo\english(us)\105106109.wem","B:\Thief2014_Dubbing\Work\VoiceAudition\Batch_002\0195_105106109.wav","3393122011","876453350","870012059","105106109","2","1,463","71","Custom Vorbis","32000 Hz","1","01-02s","CONVERTED"
"196","Batch_002","731303406.wem","B:\Thief2014_Dubbing\Extracted\th4_000_common_vo\th4_000_common_vo\english(us)\731303406.wem","B:\Thief2014_Dubbing\Work\VoiceAudition\Batch_002\0196_731303406.wav","1266889977","140937819","132908039","731303406","1","1,463","68","Custom Vorbis","32000 Hz","1","01-02s","CONVERTED"
"197","Batch_002","410333338.wem","B:\Thief2014_Dubbing\Extracted\th4_000_common_vo\th4_000_common_vo\english(us)\410333338.wem","B:\Thief2014_Dubbing\Work\VoiceAudition\Batch_002\0197_410333338.wav","973348405","249034661","989937905","410333338","1","1,465","73","Custom Vorbis","32000 Hz","1","01-02s","CONVERTED"
"198","Batch_002","765967550.wem","B:\Thief2014_Dubbing\Extracted\th4_000_common_vo\th4_000_common_vo\english(us)\765967550.wem","B:\Thief2014_Dubbing\Work\VoiceAudition\Batch_002\0198_765967550.wav","2949996389","704635580","400841042","765967550","1","1,467","67","Custom Vorbis","32000 Hz","1","01-02s","CONVERTED"
"199","Batch_002","867596762.wem","B:\Thief2014_Dubbing\Extracted\th4_000_common_vo\th4_000_common_vo\english(us)\867596762.wem","B:\Thief2014_Dubbing\Work\VoiceAudition\Batch_002\0199_867596762.wav","2764976541","1060556026","980836785","867596762","1","1,475","69","Custom Vorbis","32000 Hz","1","01-02s","CONVERTED"
"200","Batch_002","534780668.wem","B:\Thief2014_Dubbing\Extracted\th4_000_common_vo\th4_000_common_vo\english(us)\534780668.wem","B:\Thief2014_Dubbing\Work\VoiceAudition\Batch_002\0200_534780668.wav","934411688","203041246","308496167","534780668","1","1,476","64","Custom Vorbis","32000 Hz","1","01-02s","CONVERTED"
"201","Batch_003","1002356841.wem","B:\Thief2014_Dubbing\Extracted\th4_000_common_vo\th4_000_common_vo\english(us)\1002356841.wem","B:\Thief2014_Dubbing\Work\VoiceAudition\Batch_003\0201_1002356841.wav","1422005274","478655467","490656433","1002356841","1","1,483","81","Custom Vorbis","32000 Hz","1","01-02s","CONVERTED"
"202","Batch_003","857517261.wem","B:\Thief2014_Dubbing\Extracted\th4_000_common_vo\th4_000_common_vo\english(us)\857517261.wem","B:\Thief2014_Dubbing\Work\VoiceAudition\Batch_003\0202_857517261.wav","3506748687","825136468","542135117","857517261","1","1,484","87","Custom Vorbis","32000 Hz","1","01-02s","CONVERTED"
"203","Batch_003","679458430.wem","B:\Thief2014_Dubbing\Extracted\th4_000_common_vo\th4_000_common_vo\english(us)\679458430.wem","B:\Thief2014_Dubbing\Work\VoiceAudition\Batch_003\0203_679458430.wav","892826283","518025656","888018491","679458430","1","1,493","83","Custom Vorbis","32000 Hz","1","01-02s","CONVERTED"
"204","Batch_003","450167022.wem","B:\Thief2014_Dubbing\Extracted\th4_000_common_vo\th4_000_common_vo\english(us)\450167022.wem","B:\Thief2014_Dubbing\Work\VoiceAudition\Batch_003\0204_450167022.wav","1528523366","760646068","632188632","450167022","1","1,493","70","Custom Vorbis","32000 Hz","1","01-02s","CONVERTED"
"205","Batch_003","691955040.wem","B:\Thief2014_Dubbing\Extracted\th4_000_common_vo\th4_000_common_vo\english(us)\691955040.wem","B:\Thief2014_Dubbing\Work\VoiceAudition\Batch_003\0205_691955040.wav","351493867","312613068","621432585","691955040","1","1,497","71","Custom Vorbis","32000 Hz","1","01-02s","CONVERTED"
"206","Batch_003","201252940.wem","B:\Thief2014_Dubbing\Extracted\th4_000_common_vo\th4_000_common_vo\english(us)\201252940.wem","B:\Thief2014_Dubbing\Work\VoiceAudition\Batch_003\0206_201252940.wav","3111750117","1030007405","753255660","201252940","1","1,499","67","Custom Vorbis","32000 Hz","1","01-02s","CONVERTED"
"207","Batch_003","536079640.wem","B:\Thief2014_Dubbing\Extracted\th4_000_common_vo\th4_000_common_vo\english(us)\536079640.wem","B:\Thief2014_Dubbing\Work\VoiceAudition\Batch_003\0207_536079640.wav","2859732940","343632455","909925224","536079640","1","1,5","69","Custom Vorbis","32000 Hz","1","01-02s","CONVERTED"
"208","Batch_003","337206063.wem","B:\Thief2014_Dubbing\Extracted\th4_000_common_vo\th4_000_common_vo\english(us)\337206063.wem","B:\Thief2014_Dubbing\Work\VoiceAudition\Batch_003\0208_337206063.wav","112551792","737897573","907096513","337206063","2","1,502","74","Custom Vorbis","32000 Hz","1","01-02s","CONVERTED"
"209","Batch_003","537768246.wem","B:\Thief2014_Dubbing\Extracted\th4_000_common_vo\th4_000_common_vo\english(us)\537768246.wem","B:\Thief2014_Dubbing\Work\VoiceAudition\Batch_003\0209_537768246.wav","1204866844","232683145","67889318","537768246","1","1,509","68","Custom Vorbis","32000 Hz","1","01-02s","CONVERTED"
"210","Batch_003","623217668.wem","B:\Thief2014_Dubbing\Extracted\th4_000_common_vo\th4_000_common_vo\english(us)\623217668.wem","B:\Thief2014_Dubbing\Work\VoiceAudition\Batch_003\0210_623217668.wav","313782177","798926590","442588376","623217668","1","1,516","72","Custom Vorbis","32000 Hz","1","01-02s","CONVERTED"
"211","Batch_003","821440897.wem","B:\Thief2014_Dubbing\Extracted\th4_000_common_vo\th4_000_common_vo\english(us)\821440897.wem","B:\Thief2014_Dubbing\Work\VoiceAudition\Batch_003\0211_821440897.wav","2222202438","401809353","171524185","821440897","1","1,517","68","Custom Vorbis","32000 Hz","1","01-02s","CONVERTED"
"212","Batch_003","709111517.wem","B:\Thief2014_Dubbing\Extracted\th4_000_common_vo\th4_000_common_vo\english(us)\709111517.wem","B:\Thief2014_Dubbing\Work\VoiceAudition\Batch_003\0212_709111517.wav","1909401199","849067476","307213396","709111517","1","1,517","71","Custom Vorbis","32000 Hz","1","01-02s","CONVERTED"
"213","Batch_003","785886237.wem","B:\Thief2014_Dubbing\Extracted\th4_000_common_vo\th4_000_common_vo\english(us)\785886237.wem","B:\Thief2014_Dubbing\Work\VoiceAudition\Batch_003\0213_785886237.wav","2909911435","206471921","457857934","785886237","1","1,519","63","Custom Vorbis","32000 Hz","1","01-02s","CONVERTED"
"214","Batch_003","9381084.wem","B:\Thief2014_Dubbing\Extracted\th4_000_common_vo\th4_000_common_vo\english(us)\9381084.wem","B:\Thief2014_Dubbing\Work\VoiceAudition\Batch_003\0214_9381084.wav","3841807736","37837930","381803477","9381084","1","1,525","82","Custom Vorbis","32000 Hz","1","01-02s","CONVERTED"
"215","Batch_003","18903818.wem","B:\Thief2014_Dubbing\Extracted\th4_000_common_vo\th4_000_common_vo\english(us)\18903818.wem","B:\Thief2014_Dubbing\Work\VoiceAudition\Batch_003\0215_18903818.wav","3995398616","752129565","466078840","18903818","1","1,525","69","Custom Vorbis","32000 Hz","1","01-02s","CONVERTED"
"216","Batch_003","1002118069.wem","B:\Thief2014_Dubbing\Extracted\th4_000_common_vo\th4_000_common_vo\english(us)\1002118069.wem","B:\Thief2014_Dubbing\Work\VoiceAudition\Batch_003\0216_1002118069.wav","926381553","831342287","826545595","1002118069","1","1,525","92","Custom Vorbis","32000 Hz","1","01-02s","CONVERTED"
"217","Batch_003","658700189.wem","B:\Thief2014_Dubbing\Extracted\th4_000_common_vo\th4_000_common_vo\english(us)\658700189.wem","B:\Thief2014_Dubbing\Work\VoiceAudition\Batch_003\0217_658700189.wav","1892954248","619906170","616214252","658700189","1","1,535","70","Custom Vorbis","32000 Hz","1","01-02s","CONVERTED"
"218","Batch_003","1063776406.wem","B:\Thief2014_Dubbing\Extracted\th4_000_common_vo\th4_000_common_vo\english(us)\1063776406.wem","B:\Thief2014_Dubbing\Work\VoiceAudition\Batch_003\0218_1063776406.wav","457953562","199148310","212466701","1063776406","2","1,535","77","Custom Vorbis","32000 Hz","1","01-02s","CONVERTED"
"219","Batch_003","136987909.wem","B:\Thief2014_Dubbing\Extracted\th4_000_common_vo\th4_000_common_vo\english(us)\136987909.wem","B:\Thief2014_Dubbing\Work\VoiceAudition\Batch_003\0219_136987909.wav","3688101281","285689078","1006185381","136987909","2","1,536","61","Custom Vorbis","32000 Hz","1","01-02s","CONVERTED"
"220","Batch_003","159781536.wem","B:\Thief2014_Dubbing\Extracted\th4_000_common_vo\th4_000_common_vo\english(us)\159781536.wem","B:\Thief2014_Dubbing\Work\VoiceAudition\Batch_003\0220_159781536.wav","4251383320","596480535","898767914","159781536","1","1,542","72","Custom Vorbis","32000 Hz","1","01-02s","CONVERTED"
"221","Batch_003","920202335.wem","B:\Thief2014_Dubbing\Extracted\th4_000_common_vo\th4_000_common_vo\english(us)\920202335.wem","B:\Thief2014_Dubbing\Work\VoiceAudition\Batch_003\0221_920202335.wav","1263935166","159079101","857964692","920202335","2","1,542","66","Custom Vorbis","32000 Hz","1","01-02s","CONVERTED"
"222","Batch_003","423576560.wem","B:\Thief2014_Dubbing\Extracted\th4_000_common_vo\th4_000_common_vo\english(us)\423576560.wem","B:\Thief2014_Dubbing\Work\VoiceAudition\Batch_003\0222_423576560.wav","2472637814","212314177","1040766705","423576560","1","1,543","68","Custom Vorbis","32000 Hz","1","01-02s","CONVERTED"
"223","Batch_003","264318605.wem","B:\Thief2014_Dubbing\Extracted\th4_000_common_vo\th4_000_common_vo\english(us)\264318605.wem","B:\Thief2014_Dubbing\Work\VoiceAudition\Batch_003\0223_264318605.wav","3346078392","1048721319","898136896","264318605","1","1,549","71","Custom Vorbis","32000 Hz","1","01-02s","CONVERTED"
"224","Batch_003","566090492.wem","B:\Thief2014_Dubbing\Extracted\th4_000_common_vo\th4_000_common_vo\english(us)\566090492.wem","B:\Thief2014_Dubbing\Work\VoiceAudition\Batch_003\0224_566090492.wav","3794496906","363802737","1011106676","566090492","1","1,551","66","Custom Vorbis","32000 Hz","1","01-02s","CONVERTED"
"225","Batch_003","547039271.wem","B:\Thief2014_Dubbing\Extracted\th4_000_common_vo\th4_000_common_vo\english(us)\547039271.wem","B:\Thief2014_Dubbing\Work\VoiceAudition\Batch_003\0225_547039271.wav","3107979236","89731502","296248025","547039271","2","1,554","64","Custom Vorbis","32000 Hz","1","01-02s","CONVERTED"
"226","Batch_003","252305306.wem","B:\Thief2014_Dubbing\Extracted\th4_000_common_vo\th4_000_common_vo\english(us)\252305306.wem","B:\Thief2014_Dubbing\Work\VoiceAudition\Batch_003\0226_252305306.wav","663075787","1041054440","866056494","252305306","1","1,554","67","Custom Vorbis","32000 Hz","1","01-02s","CONVERTED"
"227","Batch_003","970401893.wem","B:\Thief2014_Dubbing\Extracted\th4_000_common_vo\th4_000_common_vo\english(us)\970401893.wem","B:\Thief2014_Dubbing\Work\VoiceAudition\Batch_003\0227_970401893.wav","943159140","606858460","295645005","970401893","1","1,557","96","Custom Vorbis","32000 Hz","1","01-02s","CONVERTED"
"228","Batch_003","946187242.wem","B:\Thief2014_Dubbing\Extracted\th4_000_common_vo\th4_000_common_vo\english(us)\946187242.wem","B:\Thief2014_Dubbing\Work\VoiceAudition\Batch_003\0228_946187242.wav","3536453190","299601734","1008324200","946187242","1","1,568","69","Custom Vorbis","32000 Hz","1","01-02s","CONVERTED"
"229","Batch_003","835897267.wem","B:\Thief2014_Dubbing\Extracted\th4_000_common_vo\th4_000_common_vo\english(us)\835897267.wem","B:\Thief2014_Dubbing\Work\VoiceAudition\Batch_003\0229_835897267.wav","1884936553","417237059","548709061","835897267","1","1,569","65","Custom Vorbis","32000 Hz","1","01-02s","CONVERTED"
"230","Batch_003","561015116.wem","B:\Thief2014_Dubbing\Extracted\th4_000_common_vo\th4_000_common_vo\english(us)\561015116.wem","B:\Thief2014_Dubbing\Work\VoiceAudition\Batch_003\0230_561015116.wav","445725939","921355050","409221098","561015116","1","1,571","67","Custom Vorbis","32000 Hz","1","01-02s","CONVERTED"
"231","Batch_003","751737961.wem","B:\Thief2014_Dubbing\Extracted\th4_000_common_vo\th4_000_common_vo\english(us)\751737961.wem","B:\Thief2014_Dubbing\Work\VoiceAudition\Batch_003\0231_751737961.wav","876048696","138214523","227273400","751737961","1","1,573","80","Custom Vorbis","32000 Hz","1","01-02s","CONVERTED"
"232","Batch_003","928373896.wem","B:\Thief2014_Dubbing\Extracted\th4_000_common_vo\th4_000_common_vo\english(us)\928373896.wem","B:\Thief2014_Dubbing\Work\VoiceAudition\Batch_003\0232_928373896.wav","923082130","650024790","622513652","928373896","1","1,576","67","Custom Vorbis","32000 Hz","1","01-02s","CONVERTED"
"233","Batch_003","677993324.wem","B:\Thief2014_Dubbing\Extracted\th4_000_common_vo\th4_000_common_vo\english(us)\677993324.wem","B:\Thief2014_Dubbing\Work\VoiceAudition\Batch_003\0233_677993324.wav","2247987734","811375382","737904414","677993324","1","1,578","80","Custom Vorbis","32000 Hz","1","01-02s","CONVERTED"
"234","Batch_003","185250707.wem","B:\Thief2014_Dubbing\Extracted\th4_000_common_vo\th4_000_common_vo\english(us)\185250707.wem","B:\Thief2014_Dubbing\Work\VoiceAudition\Batch_003\0234_185250707.wav","999914252","104386796","645383988","185250707","1","1,579","70","Custom Vorbis","32000 Hz","1","01-02s","CONVERTED"
"235","Batch_003","195537923.wem","B:\Thief2014_Dubbing\Extracted\th4_000_common_vo\th4_000_common_vo\english(us)\195537923.wem","B:\Thief2014_Dubbing\Work\VoiceAudition\Batch_003\0235_195537923.wav","3706754220","286979558","1032607273","195537923","1","1,584","65","Custom Vorbis","32000 Hz","1","01-02s","CONVERTED"
"236","Batch_003","157581541.wem","B:\Thief2014_Dubbing\Extracted\th4_000_common_vo\th4_000_common_vo\english(us)\157581541.wem","B:\Thief2014_Dubbing\Work\VoiceAudition\Batch_003\0236_157581541.wav","2281543036","412906360","518173738","157581541","1","1,584","80","Custom Vorbis","32000 Hz","1","01-02s","CONVERTED"
"237","Batch_003","339751913.wem","B:\Thief2014_Dubbing\Extracted\th4_000_common_vo\th4_000_common_vo\english(us)\339751913.wem","B:\Thief2014_Dubbing\Work\VoiceAudition\Batch_003\0237_339751913.wav","144857377","311242595","649048986","339751913","1","1,585","69","Custom Vorbis","32000 Hz","1","01-02s","CONVERTED"
"238","Batch_003","588927754.wem","B:\Thief2014_Dubbing\Extracted\th4_000_common_vo\th4_000_common_vo\english(us)\588927754.wem","B:\Thief2014_Dubbing\Work\VoiceAudition\Batch_003\0238_588927754.wav","1829799467","489748401","237258036","588927754","1","1,587","89","Custom Vorbis","32000 Hz","1","01-02s","CONVERTED"
"239","Batch_003","393504504.wem","B:\Thief2014_Dubbing\Extracted\th4_000_common_vo\th4_000_common_vo\english(us)\393504504.wem","B:\Thief2014_Dubbing\Work\VoiceAudition\Batch_003\0239_393504504.wav","1813021880","528082547","524842254","393504504","1","1,596","84","Custom Vorbis","32000 Hz","1","01-02s","CONVERTED"
"240","Batch_003","430086978.wem","B:\Thief2014_Dubbing\Extracted\th4_000_common_vo\th4_000_common_vo\english(us)\430086978.wem","B:\Thief2014_Dubbing\Work\VoiceAudition\Batch_003\0240_430086978.wav","1233060146","33338827","31196658","430086978","1","1,6","79","Custom Vorbis","32000 Hz","1","01-02s","CONVERTED"
"241","Batch_003","647942636.wem","B:\Thief2014_Dubbing\Extracted\th4_000_common_vo\th4_000_common_vo\english(us)\647942636.wem","B:\Thief2014_Dubbing\Work\VoiceAudition\Batch_003\0241_647942636.wav","3730594256","887528416","95758901","647942636","2","1,602","67","Custom Vorbis","32000 Hz","1","01-02s","CONVERTED"
"242","Batch_003","805585905.wem","B:\Thief2014_Dubbing\Extracted\th4_000_common_vo\th4_000_common_vo\english(us)\805585905.wem","B:\Thief2014_Dubbing\Work\VoiceAudition\Batch_003\0242_805585905.wav","2474481933","637311462","1056169457","805585905","1","1,603","93","Custom Vorbis","32000 Hz","1","01-02s","CONVERTED"
"243","Batch_003","970479669.wem","B:\Thief2014_Dubbing\Extracted\th4_000_common_vo\th4_000_common_vo\english(us)\970479669.wem","B:\Thief2014_Dubbing\Work\VoiceAudition\Batch_003\0243_970479669.wav","2232931059","300490372","792647131","970479669","1","1,604","67","Custom Vorbis","32000 Hz","1","01-02s","CONVERTED"
"244","Batch_003","575396518.wem","B:\Thief2014_Dubbing\Extracted\th4_000_common_vo\th4_000_common_vo\english(us)\575396518.wem","B:\Thief2014_Dubbing\Work\VoiceAudition\Batch_003\0244_575396518.wav","4079193070","51257507","749071007","575396518","2","1,604","73","Custom Vorbis","32000 Hz","1","01-02s","CONVERTED"
"245","Batch_003","223793026.wem","B:\Thief2014_Dubbing\Extracted\th4_000_common_vo\th4_000_common_vo\english(us)\223793026.wem","B:\Thief2014_Dubbing\Work\VoiceAudition\Batch_003\0245_223793026.wav","3878583011","476955225","674005654","223793026","1","1,605","77","Custom Vorbis","32000 Hz","1","01-02s","CONVERTED"
"246","Batch_003","929730082.wem","B:\Thief2014_Dubbing\Extracted\th4_000_common_vo\th4_000_common_vo\english(us)\929730082.wem","B:\Thief2014_Dubbing\Work\VoiceAudition\Batch_003\0246_929730082.wav","1504001219","801788045","456172947","929730082","1","1,61","75","Custom Vorbis","32000 Hz","1","01-02s","CONVERTED"
"247","Batch_003","864907048.wem","B:\Thief2014_Dubbing\Extracted\th4_000_common_vo\th4_000_common_vo\english(us)\864907048.wem","B:\Thief2014_Dubbing\Work\VoiceAudition\Batch_003\0247_864907048.wav","2739992076","1004918001","999342135","864907048","1","1,611","66","Custom Vorbis","32000 Hz","1","01-02s","CONVERTED"
"248","Batch_003","630526577.wem","B:\Thief2014_Dubbing\Extracted\th4_000_common_vo\th4_000_common_vo\english(us)\630526577.wem","B:\Thief2014_Dubbing\Work\VoiceAudition\Batch_003\0248_630526577.wav","1635532111","127255270","1070849108","630526577","1","1,613","96","Custom Vorbis","32000 Hz","1","01-02s","CONVERTED"
"249","Batch_003","566110703.wem","B:\Thief2014_Dubbing\Extracted\th4_000_common_vo\th4_000_common_vo\english(us)\566110703.wem","B:\Thief2014_Dubbing\Work\VoiceAudition\Batch_003\0249_566110703.wav","3615379023","350226134","32540565","566110703","1","1,614","65","Custom Vorbis","32000 Hz","1","01-02s","CONVERTED"
"250","Batch_003","596877562.wem","B:\Thief2014_Dubbing\Extracted\th4_000_common_vo\th4_000_common_vo\english(us)\596877562.wem","B:\Thief2014_Dubbing\Work\VoiceAudition\Batch_003\0250_596877562.wav","4124481269","770738767","372020472","596877562","1","1,616","72","Custom Vorbis","32000 Hz","1","01-02s","CONVERTED"
"251","Batch_003","753629622.wem","B:\Thief2014_Dubbing\Extracted\th4_000_common_vo\th4_000_common_vo\english(us)\753629622.wem","B:\Thief2014_Dubbing\Work\VoiceAudition\Batch_003\0251_753629622.wav","1371672385","428612610","107855291","753629622","1","1,624","75","Custom Vorbis","32000 Hz","1","01-02s","CONVERTED"
"252","Batch_003","1031659901.wem","B:\Thief2014_Dubbing\Extracted\th4_000_common_vo\th4_000_common_vo\english(us)\1031659901.wem","B:\Thief2014_Dubbing\Work\VoiceAudition\Batch_003\0252_1031659901.wav","3925695767","372748910","404290145","1031659901","1","1,624","85","Custom Vorbis","32000 Hz","1","01-02s","CONVERTED"
"253","Batch_003","1013214237.wem","B:\Thief2014_Dubbing\Extracted\th4_000_common_vo\th4_000_common_vo\english(us)\1013214237.wem","B:\Thief2014_Dubbing\Work\VoiceAudition\Batch_003\0253_1013214237.wav","715317665","576500210","215231180","1013214237","1","1,624","89","Custom Vorbis","32000 Hz","1","01-02s","CONVERTED"
"254","Batch_003","299604590.wem","B:\Thief2014_Dubbing\Extracted\th4_000_common_vo\th4_000_common_vo\english(us)\299604590.wem","B:\Thief2014_Dubbing\Work\VoiceAudition\Batch_003\0254_299604590.wav","1124702214","830067575","418772344","299604590","1","1,627","72","Custom Vorbis","32000 Hz","1","01-02s","CONVERTED"
"255","Batch_003","146493191.wem","B:\Thief2014_Dubbing\Extracted\th4_000_common_vo\th4_000_common_vo\english(us)\146493191.wem","B:\Thief2014_Dubbing\Work\VoiceAudition\Batch_003\0255_146493191.wav","3325452044","563618692","69177987","146493191","1","1,627","72","Custom Vorbis","32000 Hz","1","01-02s","CONVERTED"
"256","Batch_003","760561591.wem","B:\Thief2014_Dubbing\Extracted\th4_000_common_vo\th4_000_common_vo\english(us)\760561591.wem","B:\Thief2014_Dubbing\Work\VoiceAudition\Batch_003\0256_760561591.wav","1241761502","413411601","71242924","760561591","1","1,627","59","Custom Vorbis","32000 Hz","1","01-02s","CONVERTED"
"257","Batch_003","529048438.wem","B:\Thief2014_Dubbing\Extracted\th4_000_common_vo\th4_000_common_vo\english(us)\529048438.wem","B:\Thief2014_Dubbing\Work\VoiceAudition\Batch_003\0257_529048438.wav","1282059124","549703120","506622031","529048438","1","1,627","67","Custom Vorbis","32000 Hz","1","01-02s","CONVERTED"
"258","Batch_003","61738747.wem","B:\Thief2014_Dubbing\Extracted\th4_000_common_vo\th4_000_common_vo\english(us)\61738747.wem","B:\Thief2014_Dubbing\Work\VoiceAudition\Batch_003\0258_61738747.wav","98289929","974433607","360567073","61738747","1","1,632","69","Custom Vorbis","32000 Hz","1","01-02s","CONVERTED"
"259","Batch_003","8118526.wem","B:\Thief2014_Dubbing\Extracted\th4_000_common_vo\th4_000_common_vo\english(us)\8118526.wem","B:\Thief2014_Dubbing\Work\VoiceAudition\Batch_003\0259_8118526.wav","664984808","933768584","743518314","8118526","1","1,636","85","Custom Vorbis","32000 Hz","1","01-02s","CONVERTED"
"260","Batch_003","87634762.wem","B:\Thief2014_Dubbing\Extracted\th4_000_common_vo\th4_000_common_vo\english(us)\87634762.wem","B:\Thief2014_Dubbing\Work\VoiceAudition\Batch_003\0260_87634762.wav","3318182744","870297515","810742718","87634762","1","1,64","73","Custom Vorbis","32000 Hz","1","01-02s","CONVERTED"
"261","Batch_003","136642407.wem","B:\Thief2014_Dubbing\Extracted\th4_000_common_vo\th4_000_common_vo\english(us)\136642407.wem","B:\Thief2014_Dubbing\Work\VoiceAudition\Batch_003\0261_136642407.wav","2713926369","238036359","674397616","136642407","1","1,645","69","Custom Vorbis","32000 Hz","1","01-02s","CONVERTED"
"262","Batch_003","609473232.wem","B:\Thief2014_Dubbing\Extracted\th4_000_common_vo\th4_000_common_vo\english(us)\609473232.wem","B:\Thief2014_Dubbing\Work\VoiceAudition\Batch_003\0262_609473232.wav","2170363607","654757023","814721112","609473232","1","1,649","80","Custom Vorbis","32000 Hz","1","01-02s","CONVERTED"
"263","Batch_003","774219807.wem","B:\Thief2014_Dubbing\Extracted\th4_000_common_vo\th4_000_common_vo\english(us)\774219807.wem","B:\Thief2014_Dubbing\Work\VoiceAudition\Batch_003\0263_774219807.wav","1104264977","751108522","90479594","774219807","1","1,651","69","Custom Vorbis","32000 Hz","1","01-02s","CONVERTED"
"264","Batch_003","780869917.wem","B:\Thief2014_Dubbing\Extracted\th4_000_common_vo\th4_000_common_vo\english(us)\780869917.wem","B:\Thief2014_Dubbing\Work\VoiceAudition\Batch_003\0264_780869917.wav","3410464112","325106043","504326628","780869917","1","1,653","75","Custom Vorbis","32000 Hz","1","01-02s","CONVERTED"
"265","Batch_003","653141414.wem","B:\Thief2014_Dubbing\Extracted\th4_000_common_vo\th4_000_common_vo\english(us)\653141414.wem","B:\Thief2014_Dubbing\Work\VoiceAudition\Batch_003\0265_653141414.wav","2738261844","547505101","412158337","653141414","1","1,654","90","Custom Vorbis","32000 Hz","1","01-02s","CONVERTED"
"266","Batch_003","959761289.wem","B:\Thief2014_Dubbing\Extracted\th4_000_common_vo\th4_000_common_vo\english(us)\959761289.wem","B:\Thief2014_Dubbing\Work\VoiceAudition\Batch_003\0266_959761289.wav","1999873769","749318015","385559637","959761289","1","1,656","64","Custom Vorbis","32000 Hz","1","01-02s","CONVERTED"
"267","Batch_003","287735083.wem","B:\Thief2014_Dubbing\Extracted\th4_000_common_vo\th4_000_common_vo\english(us)\287735083.wem","B:\Thief2014_Dubbing\Work\VoiceAudition\Batch_003\0267_287735083.wav","2999985347","664166620","906044685","287735083","1","1,659","68","Custom Vorbis","32000 Hz","1","01-02s","CONVERTED"
"268","Batch_003","167945959.wem","B:\Thief2014_Dubbing\Extracted\th4_000_common_vo\th4_000_common_vo\english(us)\167945959.wem","B:\Thief2014_Dubbing\Work\VoiceAudition\Batch_003\0268_167945959.wav","1402918832","298596891","690193247","167945959","1","1,662","73","Custom Vorbis","32000 Hz","1","01-02s","CONVERTED"
"269","Batch_003","1028485157.wem","B:\Thief2014_Dubbing\Extracted\th4_000_common_vo\th4_000_common_vo\english(us)\1028485157.wem","B:\Thief2014_Dubbing\Work\VoiceAudition\Batch_003\0269_1028485157.wav","2888225390","351661579","861450985","1028485157","1","1,663","71","Custom Vorbis","32000 Hz","1","01-02s","CONVERTED"
"270","Batch_003","86065016.wem","B:\Thief2014_Dubbing\Extracted\th4_000_common_vo\th4_000_common_vo\english(us)\86065016.wem","B:\Thief2014_Dubbing\Work\VoiceAudition\Batch_003\0270_86065016.wav","2778855768","718144342","706356691","86065016","1","1,663","72","Custom Vorbis","32000 Hz","1","01-02s","CONVERTED"
"271","Batch_003","495882292.wem","B:\Thief2014_Dubbing\Extracted\th4_000_common_vo\th4_000_common_vo\english(us)\495882292.wem","B:\Thief2014_Dubbing\Work\VoiceAudition\Batch_003\0271_495882292.wav","2158602490","625237298","181571197","495882292","1","1,664","70","Custom Vorbis","32000 Hz","1","01-02s","CONVERTED"
"272","Batch_003","383786923.wem","B:\Thief2014_Dubbing\Extracted\th4_000_common_vo\th4_000_common_vo\english(us)\383786923.wem","B:\Thief2014_Dubbing\Work\VoiceAudition\Batch_003\0272_383786923.wav","3456415926","232240280","108396381","383786923","1","1,665","93","Custom Vorbis","32000 Hz","1","01-02s","CONVERTED"
"273","Batch_003","200272434.wem","B:\Thief2014_Dubbing\Extracted\th4_000_common_vo\th4_000_common_vo\english(us)\200272434.wem","B:\Thief2014_Dubbing\Work\VoiceAudition\Batch_003\0273_200272434.wav","1525990237","744053099","696179535","200272434","1","1,675","66","Custom Vorbis","32000 Hz","1","01-02s","CONVERTED"
"274","Batch_003","1068329219.wem","B:\Thief2014_Dubbing\Extracted\th4_000_common_vo\th4_000_common_vo\english(us)\1068329219.wem","B:\Thief2014_Dubbing\Work\VoiceAudition\Batch_003\0274_1068329219.wav","111673343","974748351","567837998","1068329219","1","1,677","65","Custom Vorbis","32000 Hz","1","01-02s","CONVERTED"
"275","Batch_003","826928329.wem","B:\Thief2014_Dubbing\Extracted\th4_000_common_vo\th4_000_common_vo\english(us)\826928329.wem","B:\Thief2014_Dubbing\Work\VoiceAudition\Batch_003\0275_826928329.wav","553178007","356513038","840611687","826928329","1","1,684","68","Custom Vorbis","32000 Hz","1","01-02s","CONVERTED"
"276","Batch_003","46657280.wem","B:\Thief2014_Dubbing\Extracted\th4_000_common_vo\th4_000_common_vo\english(us)\46657280.wem","B:\Thief2014_Dubbing\Work\VoiceAudition\Batch_003\0276_46657280.wav","3908477461","357499262","920662145","46657280","1","1,686","69","Custom Vorbis","32000 Hz","1","01-02s","CONVERTED"
"277","Batch_003","272772371.wem","B:\Thief2014_Dubbing\Extracted\th4_000_common_vo\th4_000_common_vo\english(us)\272772371.wem","B:\Thief2014_Dubbing\Work\VoiceAudition\Batch_003\0277_272772371.wav","107603366","310305095","139652137","272772371","1","1,692","66","Custom Vorbis","32000 Hz","1","01-02s","CONVERTED"
"278","Batch_003","842744467.wem","B:\Thief2014_Dubbing\Extracted\th4_000_common_vo\th4_000_common_vo\english(us)\842744467.wem","B:\Thief2014_Dubbing\Work\VoiceAudition\Batch_003\0278_842744467.wav","3478448924","526545197","428696480","842744467","1","1,694","73","Custom Vorbis","32000 Hz","1","01-02s","CONVERTED"
"279","Batch_003","89315413.wem","B:\Thief2014_Dubbing\Extracted\th4_000_common_vo\th4_000_common_vo\english(us)\89315413.wem","B:\Thief2014_Dubbing\Work\VoiceAudition\Batch_003\0279_89315413.wav","3443824509","516402753","475186527","89315413","1","1,694","93","Custom Vorbis","32000 Hz","1","01-02s","CONVERTED"
"280","Batch_003","157056275.wem","B:\Thief2014_Dubbing\Extracted\th4_000_common_vo\th4_000_common_vo\english(us)\157056275.wem","B:\Thief2014_Dubbing\Work\VoiceAudition\Batch_003\0280_157056275.wav","1881668234","707058839","289373360","157056275","2","1,701","70","Custom Vorbis","32000 Hz","1","01-02s","CONVERTED"
"281","Batch_003","866356484.wem","B:\Thief2014_Dubbing\Extracted\th4_000_common_vo\th4_000_common_vo\english(us)\866356484.wem","B:\Thief2014_Dubbing\Work\VoiceAudition\Batch_003\0281_866356484.wav","3073592732","457999176","616613882","866356484","1","1,704","75","Custom Vorbis","32000 Hz","1","01-02s","CONVERTED"
"282","Batch_003","496373118.wem","B:\Thief2014_Dubbing\Extracted\th4_000_common_vo\th4_000_common_vo\english(us)\496373118.wem","B:\Thief2014_Dubbing\Work\VoiceAudition\Batch_003\0282_496373118.wav","1617110814","721536814","357816766","496373118","1","1,708","75","Custom Vorbis","32000 Hz","1","01-02s","CONVERTED"
"283","Batch_003","206247569.wem","B:\Thief2014_Dubbing\Extracted\th4_000_common_vo\th4_000_common_vo\english(us)\206247569.wem","B:\Thief2014_Dubbing\Work\VoiceAudition\Batch_003\0283_206247569.wav","2112541569","335887006","799488297","206247569","1","1,709","69","Custom Vorbis","32000 Hz","1","01-02s","CONVERTED"
"284","Batch_003","43709616.wem","B:\Thief2014_Dubbing\Extracted\th4_000_common_vo\th4_000_common_vo\english(us)\43709616.wem","B:\Thief2014_Dubbing\Work\VoiceAudition\Batch_003\0284_43709616.wav","4220090520","1032174473","686784668","43709616","1","1,712","85","Custom Vorbis","32000 Hz","1","01-02s","CONVERTED"
"285","Batch_003","876612086.wem","B:\Thief2014_Dubbing\Extracted\th4_000_common_vo\th4_000_common_vo\english(us)\876612086.wem","B:\Thief2014_Dubbing\Work\VoiceAudition\Batch_003\0285_876612086.wav","1220812717","1035530909","570353536","876612086","1","1,712","69","Custom Vorbis","32000 Hz","1","01-02s","CONVERTED"
"286","Batch_003","1058158586.wem","B:\Thief2014_Dubbing\Extracted\th4_000_common_vo\th4_000_common_vo\english(us)\1058158586.wem","B:\Thief2014_Dubbing\Work\VoiceAudition\Batch_003\0286_1058158586.wav","2405790296","1061826990","326498802","1058158586","1","1,712","78","Custom Vorbis","32000 Hz","1","01-02s","CONVERTED"
"287","Batch_003","698957989.wem","B:\Thief2014_Dubbing\Extracted\th4_000_common_vo\th4_000_common_vo\english(us)\698957989.wem","B:\Thief2014_Dubbing\Work\VoiceAudition\Batch_003\0287_698957989.wav","2501910180","145636329","203607454","698957989","1","1,717","58","Custom Vorbis","32000 Hz","1","01-02s","CONVERTED"
"288","Batch_003","56270695.wem","B:\Thief2014_Dubbing\Extracted\th4_000_common_vo\th4_000_common_vo\english(us)\56270695.wem","B:\Thief2014_Dubbing\Work\VoiceAudition\Batch_003\0288_56270695.wav","942616954","186889187","568766156","56270695","1","1,727","74","Custom Vorbis","32000 Hz","1","01-02s","CONVERTED"
"289","Batch_003","766154379.wem","B:\Thief2014_Dubbing\Extracted\th4_000_common_vo\th4_000_common_vo\english(us)\766154379.wem","B:\Thief2014_Dubbing\Work\VoiceAudition\Batch_003\0289_766154379.wav","3908918180","189592820","511851592","766154379","1","1,729","96","Custom Vorbis","32000 Hz","1","01-02s","CONVERTED"
"290","Batch_003","321690469.wem","B:\Thief2014_Dubbing\Extracted\th4_000_common_vo\th4_000_common_vo\english(us)\321690469.wem","B:\Thief2014_Dubbing\Work\VoiceAudition\Batch_003\0290_321690469.wav","1876850065","921177244","252713663","321690469","1","1,734","70","Custom Vorbis","32000 Hz","1","01-02s","CONVERTED"
"291","Batch_003","408545271.wem","B:\Thief2014_Dubbing\Extracted\th4_000_common_vo\th4_000_common_vo\english(us)\408545271.wem","B:\Thief2014_Dubbing\Work\VoiceAudition\Batch_003\0291_408545271.wav","1583071034","370800526","873603613","408545271","1","1,736","78","Custom Vorbis","32000 Hz","1","01-02s","CONVERTED"
"292","Batch_003","908775499.wem","B:\Thief2014_Dubbing\Extracted\th4_000_common_vo\th4_000_common_vo\english(us)\908775499.wem","B:\Thief2014_Dubbing\Work\VoiceAudition\Batch_003\0292_908775499.wav","3913212314","117099946","65986410","908775499","1","1,746","59","Custom Vorbis","32000 Hz","1","01-02s","CONVERTED"
"293","Batch_003","42374114.wem","B:\Thief2014_Dubbing\Extracted\th4_000_common_vo\th4_000_common_vo\english(us)\42374114.wem","B:\Thief2014_Dubbing\Work\VoiceAudition\Batch_003\0293_42374114.wav","2612629683","661207466","425828521","42374114","1","1,747","71","Custom Vorbis","32000 Hz","1","01-02s","CONVERTED"
"294","Batch_003","28899013.wem","B:\Thief2014_Dubbing\Extracted\th4_000_common_vo\th4_000_common_vo\english(us)\28899013.wem","B:\Thief2014_Dubbing\Work\VoiceAudition\Batch_003\0294_28899013.wav","3410269207","1030028545","520728322","28899013","1","1,747","90","Custom Vorbis","32000 Hz","1","01-02s","CONVERTED"
"295","Batch_003","163370250.wem","B:\Thief2014_Dubbing\Extracted\th4_000_common_vo\th4_000_common_vo\english(us)\163370250.wem","B:\Thief2014_Dubbing\Work\VoiceAudition\Batch_003\0295_163370250.wav","2407371457","183150142","891988437","163370250","1","1,747","81","Custom Vorbis","32000 Hz","1","01-02s","CONVERTED"
"296","Batch_003","221217876.wem","B:\Thief2014_Dubbing\Extracted\th4_000_common_vo\th4_000_common_vo\english(us)\221217876.wem","B:\Thief2014_Dubbing\Work\VoiceAudition\Batch_003\0296_221217876.wav","3854257487","185614825","898105080","221217876","1","1,758","70","Custom Vorbis","32000 Hz","1","01-02s","CONVERTED"
"297","Batch_003","194110632.wem","B:\Thief2014_Dubbing\Extracted\th4_000_common_vo\th4_000_common_vo\english(us)\194110632.wem","B:\Thief2014_Dubbing\Work\VoiceAudition\Batch_003\0297_194110632.wav","6101757","644467920","267473630","194110632","1","1,761","76","Custom Vorbis","32000 Hz","1","01-02s","CONVERTED"
"298","Batch_003","918364560.wem","B:\Thief2014_Dubbing\Extracted\th4_000_common_vo\th4_000_common_vo\english(us)\918364560.wem","B:\Thief2014_Dubbing\Work\VoiceAudition\Batch_003\0298_918364560.wav","2063662812","857803967","517401414","918364560","1","1,761","65","Custom Vorbis","32000 Hz","1","01-02s","CONVERTED"
"299","Batch_003","82613959.wem","B:\Thief2014_Dubbing\Extracted\th4_000_common_vo\th4_000_common_vo\english(us)\82613959.wem","B:\Thief2014_Dubbing\Work\VoiceAudition\Batch_003\0299_82613959.wav","3892140593","1019410537","148698207","82613959","1","1,762","71","Custom Vorbis","32000 Hz","1","01-02s","CONVERTED"
"300","Batch_003","401643321.wem","B:\Thief2014_Dubbing\Extracted\th4_000_common_vo\th4_000_common_vo\english(us)\401643321.wem","B:\Thief2014_Dubbing\Work\VoiceAudition\Batch_003\0300_401643321.wav","935831808","987576666","755573998","401643321","2","1,768","73","Custom Vorbis","32000 Hz","1","01-02s","CONVERTED"
"301","Batch_004","888043717.wem","B:\Thief2014_Dubbing\Extracted\th4_000_common_vo\th4_000_common_vo\english(us)\888043717.wem","B:\Thief2014_Dubbing\Work\VoiceAudition\Batch_004\0301_888043717.wav","3864939535","808004267","466551888","888043717","1","1,769","85","Custom Vorbis","32000 Hz","1","01-02s","CONVERTED"
"302","Batch_004","531535501.wem","B:\Thief2014_Dubbing\Extracted\th4_000_common_vo\th4_000_common_vo\english(us)\531535501.wem","B:\Thief2014_Dubbing\Work\VoiceAudition\Batch_004\0302_531535501.wav","3881717218","629272901","37112038","531535501","1","1,77","81","Custom Vorbis","32000 Hz","1","01-02s","CONVERTED"
"303","Batch_004","933900365.wem","B:\Thief2014_Dubbing\Extracted\th4_000_common_vo\th4_000_common_vo\english(us)\933900365.wem","B:\Thief2014_Dubbing\Work\VoiceAudition\Batch_004\0303_933900365.wav","1462588812","208835319","409383760","933900365","1","1,771","69","Custom Vorbis","32000 Hz","1","01-02s","CONVERTED"
"304","Batch_004","25982441.wem","B:\Thief2014_Dubbing\Extracted\th4_000_common_vo\th4_000_common_vo\english(us)\25982441.wem","B:\Thief2014_Dubbing\Work\VoiceAudition\Batch_004\0304_25982441.wav","3198991555","758593958","174490978","25982441","1","1,771","72","Custom Vorbis","32000 Hz","1","01-02s","CONVERTED"
"305","Batch_004","958401130.wem","B:\Thief2014_Dubbing\Extracted\th4_000_common_vo\th4_000_common_vo\english(us)\958401130.wem","B:\Thief2014_Dubbing\Work\VoiceAudition\Batch_004\0305_958401130.wav","3608137028","574004546","852207460","958401130","1","1,778","78","Custom Vorbis","32000 Hz","1","01-02s","CONVERTED"
"306","Batch_004","323978565.wem","B:\Thief2014_Dubbing\Extracted\th4_000_common_vo\th4_000_common_vo\english(us)\323978565.wem","B:\Thief2014_Dubbing\Work\VoiceAudition\Batch_004\0306_323978565.wav","3875676964","597159216","102762371","323978565","1","1,785","73","Custom Vorbis","32000 Hz","1","01-02s","CONVERTED"
"307","Batch_004","257763145.wem","B:\Thief2014_Dubbing\Extracted\th4_000_common_vo\th4_000_common_vo\english(us)\257763145.wem","B:\Thief2014_Dubbing\Work\VoiceAudition\Batch_004\0307_257763145.wav","3967908326","372195114","690018032","257763145","1","1,789","66","Custom Vorbis","32000 Hz","1","01-02s","CONVERTED"
"308","Batch_004","785330184.wem","B:\Thief2014_Dubbing\Extracted\th4_000_common_vo\th4_000_common_vo\english(us)\785330184.wem","B:\Thief2014_Dubbing\Work\VoiceAudition\Batch_004\0308_785330184.wav","4282983607","490717533","347645342","785330184","1","1,79","79","Custom Vorbis","32000 Hz","1","01-02s","CONVERTED"
"309","Batch_004","680844896.wem","B:\Thief2014_Dubbing\Extracted\th4_000_common_vo\th4_000_common_vo\english(us)\680844896.wem","B:\Thief2014_Dubbing\Work\VoiceAudition\Batch_004\0309_680844896.wav","3607937231","32961106","457127826","680844896","1","1,79","64","Custom Vorbis","32000 Hz","1","01-02s","CONVERTED"
"310","Batch_004","770219451.wem","B:\Thief2014_Dubbing\Extracted\th4_000_common_vo\th4_000_common_vo\english(us)\770219451.wem","B:\Thief2014_Dubbing\Work\VoiceAudition\Batch_004\0310_770219451.wav","2019602323","1002093841","76171633","770219451","1","1,795","68","Custom Vorbis","32000 Hz","1","01-02s","CONVERTED"
"311","Batch_004","358279764.wem","B:\Thief2014_Dubbing\Extracted\th4_000_common_vo\th4_000_common_vo\english(us)\358279764.wem","B:\Thief2014_Dubbing\Work\VoiceAudition\Batch_004\0311_358279764.wav","630712938","93284787","1040271199","358279764","1","1,801","72","Custom Vorbis","32000 Hz","1","01-02s","CONVERTED"
"312","Batch_004","1009114422.wem","B:\Thief2014_Dubbing\Extracted\th4_000_common_vo\th4_000_common_vo\english(us)\1009114422.wem","B:\Thief2014_Dubbing\Work\VoiceAudition\Batch_004\0312_1009114422.wav","1749608014","325630347","640495257","1009114422","1","1,802","64","Custom Vorbis","32000 Hz","1","01-02s","CONVERTED"
"313","Batch_004","330995421.wem","B:\Thief2014_Dubbing\Extracted\th4_000_common_vo\th4_000_common_vo\english(us)\330995421.wem","B:\Thief2014_Dubbing\Work\VoiceAudition\Batch_004\0313_330995421.wav","3207686143","858618092","588579003","330995421","1","1,808","71","Custom Vorbis","32000 Hz","1","01-02s","CONVERTED"
"314","Batch_004","486413675.wem","B:\Thief2014_Dubbing\Extracted\th4_000_common_vo\th4_000_common_vo\english(us)\486413675.wem","B:\Thief2014_Dubbing\Work\VoiceAudition\Batch_004\0314_486413675.wav","2457704346","574401583","792154728","486413675","1","1,822","85","Custom Vorbis","32000 Hz","1","01-02s","CONVERTED"
"315","Batch_004","556780192.wem","B:\Thief2014_Dubbing\Extracted\th4_000_common_vo\th4_000_common_vo\english(us)\556780192.wem","B:\Thief2014_Dubbing\Work\VoiceAudition\Batch_004\0315_556780192.wav","1107099532","449868558","314270197","556780192","1","1,825","75","Custom Vorbis","32000 Hz","1","01-02s","CONVERTED"
"316","Batch_004","836114481.wem","B:\Thief2014_Dubbing\Extracted\th4_000_common_vo\th4_000_common_vo\english(us)\836114481.wem","B:\Thief2014_Dubbing\Work\VoiceAudition\Batch_004\0316_836114481.wav","2206210113","667202870","499737122","836114481","1","1,829","67","Custom Vorbis","32000 Hz","1","01-02s","CONVERTED"
"317","Batch_004","653461993.wem","B:\Thief2014_Dubbing\Extracted\th4_000_common_vo\th4_000_common_vo\english(us)\653461993.wem","B:\Thief2014_Dubbing\Work\VoiceAudition\Batch_004\0317_653461993.wav","1996812409","92136766","402600680","653461993","1","1,831","74","Custom Vorbis","32000 Hz","1","01-02s","CONVERTED"
"318","Batch_004","65544374.wem","B:\Thief2014_Dubbing\Extracted\th4_000_common_vo\th4_000_common_vo\english(us)\65544374.wem","B:\Thief2014_Dubbing\Work\VoiceAudition\Batch_004\0318_65544374.wav","3019033575","878200631","644019011","65544374","1","1,833","69","Custom Vorbis","32000 Hz","1","01-02s","CONVERTED"
"319","Batch_004","623153603.wem","B:\Thief2014_Dubbing\Extracted\th4_000_common_vo\th4_000_common_vo\english(us)\623153603.wem","B:\Thief2014_Dubbing\Work\VoiceAudition\Batch_004\0319_623153603.wav","1172115686","670358953","255016466","623153603","2","1,835","74","Custom Vorbis","32000 Hz","1","01-02s","CONVERTED"
"320","Batch_004","632520951.wem","B:\Thief2014_Dubbing\Extracted\th4_000_common_vo\th4_000_common_vo\english(us)\632520951.wem","B:\Thief2014_Dubbing\Work\VoiceAudition\Batch_004\0320_632520951.wav","2363824725","479089115","572541343","632520951","2","1,835","63","Custom Vorbis","32000 Hz","1","01-02s","CONVERTED"
"321","Batch_004","815062021.wem","B:\Thief2014_Dubbing\Extracted\th4_000_common_vo\th4_000_common_vo\english(us)\815062021.wem","B:\Thief2014_Dubbing\Work\VoiceAudition\Batch_004\0321_815062021.wav","2232773451","294511946","444779312","815062021","1","1,84","70","Custom Vorbis","32000 Hz","1","01-02s","CONVERTED"
"322","Batch_004","11950871.wem","B:\Thief2014_Dubbing\Extracted\th4_000_common_vo\th4_000_common_vo\english(us)\11950871.wem","B:\Thief2014_Dubbing\Work\VoiceAudition\Batch_004\0322_11950871.wav","642354608","815749185","500485454","11950871","1","1,841","73","Custom Vorbis","32000 Hz","1","01-02s","CONVERTED"
"323","Batch_004","722311450.wem","B:\Thief2014_Dubbing\Extracted\th4_000_common_vo\th4_000_common_vo\english(us)\722311450.wem","B:\Thief2014_Dubbing\Work\VoiceAudition\Batch_004\0323_722311450.wav","3781051472","423337684","657569881","722311450","1","1,845","79","Custom Vorbis","32000 Hz","1","01-02s","CONVERTED"
"324","Batch_004","887694664.wem","B:\Thief2014_Dubbing\Extracted\th4_000_common_vo\th4_000_common_vo\english(us)\887694664.wem","B:\Thief2014_Dubbing\Work\VoiceAudition\Batch_004\0324_887694664.wav","2353495165","1012768493","554229384","887694664","1","1,851","90","Custom Vorbis","32000 Hz","1","01-02s","CONVERTED"
"325","Batch_004","871207888.wem","B:\Thief2014_Dubbing\Extracted\th4_000_common_vo\th4_000_common_vo\english(us)\871207888.wem","B:\Thief2014_Dubbing\Work\VoiceAudition\Batch_004\0325_871207888.wav","4036653965","373031419","328041633","871207888","1","1,861","71","Custom Vorbis","32000 Hz","1","01-02s","CONVERTED"
"326","Batch_004","877143853.wem","B:\Thief2014_Dubbing\Extracted\th4_000_common_vo\th4_000_common_vo\english(us)\877143853.wem","B:\Thief2014_Dubbing\Work\VoiceAudition\Batch_004\0326_877143853.wav","2315098178","550677700","1038513762","877143853","1","1,875","86","Custom Vorbis","32000 Hz","1","01-02s","CONVERTED"
"327","Batch_004","876561326.wem","B:\Thief2014_Dubbing\Extracted\th4_000_common_vo\th4_000_common_vo\english(us)\876561326.wem","B:\Thief2014_Dubbing\Work\VoiceAudition\Batch_004\0327_876561326.wav","2578213330","74137745","872518086","876561326","1","1,877","65","Custom Vorbis","32000 Hz","1","01-02s","CONVERTED"
"328","Batch_004","691097811.wem","B:\Thief2014_Dubbing\Extracted\th4_000_common_vo\th4_000_common_vo\english(us)\691097811.wem","B:\Thief2014_Dubbing\Work\VoiceAudition\Batch_004\0328_691097811.wav","3898494805","929737721","228242865","691097811","1","1,886","77","Custom Vorbis","32000 Hz","1","01-02s","CONVERTED"
"329","Batch_004","1013619871.wem","B:\Thief2014_Dubbing\Extracted\th4_000_common_vo\th4_000_common_vo\english(us)\1013619871.wem","B:\Thief2014_Dubbing\Work\VoiceAudition\Batch_004\0329_1013619871.wav","3975845619","1012521954","19105489","1013619871","1","1,888","69","Custom Vorbis","32000 Hz","1","01-02s","CONVERTED"
"330","Batch_004","271969660.wem","B:\Thief2014_Dubbing\Extracted\th4_000_common_vo\th4_000_common_vo\english(us)\271969660.wem","B:\Thief2014_Dubbing\Work\VoiceAudition\Batch_004\0330_271969660.wav","482386245","90334564","505593832","271969660","1","1,892","75","Custom Vorbis","32000 Hz","1","01-02s","CONVERTED"
"331","Batch_004","1046561200.wem","B:\Thief2014_Dubbing\Extracted\th4_000_common_vo\th4_000_common_vo\english(us)\1046561200.wem","B:\Thief2014_Dubbing\Work\VoiceAudition\Batch_004\0331_1046561200.wav","3515495150","821128532","614086089","1046561200","1","1,895","69","Custom Vorbis","32000 Hz","1","01-02s","CONVERTED"
"332","Batch_004","493162889.wem","B:\Thief2014_Dubbing\Extracted\th4_000_common_vo\th4_000_common_vo\english(us)\493162889.wem","B:\Thief2014_Dubbing\Work\VoiceAudition\Batch_004\0332_493162889.wav","3389668694","843148699","775472182","493162889","1","1,907","67","Custom Vorbis","32000 Hz","1","01-02s","CONVERTED"
"333","Batch_004","75298720.wem","B:\Thief2014_Dubbing\Extracted\th4_000_common_vo\th4_000_common_vo\english(us)\75298720.wem","B:\Thief2014_Dubbing\Work\VoiceAudition\Batch_004\0333_75298720.wav","874710010","597829458","1042035163","75298720","1","1,909","74","Custom Vorbis","32000 Hz","1","01-02s","CONVERTED"
"334","Batch_004","788630374.wem","B:\Thief2014_Dubbing\Extracted\th4_000_common_vo\th4_000_common_vo\english(us)\788630374.wem","B:\Thief2014_Dubbing\Work\VoiceAudition\Batch_004\0334_788630374.wav","2445559219","779377083","105363513","788630374","1","1,909","66","Custom Vorbis","32000 Hz","1","01-02s","CONVERTED"
"335","Batch_004","467069342.wem","B:\Thief2014_Dubbing\Extracted\th4_000_common_vo\th4_000_common_vo\english(us)\467069342.wem","B:\Thief2014_Dubbing\Work\VoiceAudition\Batch_004\0335_467069342.wav","3393491620","761202034","219574840","467069342","1","1,91","83","Custom Vorbis","32000 Hz","1","01-02s","CONVERTED"
"336","Batch_004","963567431.wem","B:\Thief2014_Dubbing\Extracted\th4_000_common_vo\th4_000_common_vo\english(us)\963567431.wem","B:\Thief2014_Dubbing\Work\VoiceAudition\Batch_004\0336_963567431.wav","758562845","264423618","114240140","963567431","1","1,911","71","Custom Vorbis","32000 Hz","1","01-02s","CONVERTED"
"337","Batch_004","206319454.wem","B:\Thief2014_Dubbing\Extracted\th4_000_common_vo\th4_000_common_vo\english(us)\206319454.wem","B:\Thief2014_Dubbing\Work\VoiceAudition\Batch_004\0337_206319454.wav","316615779","524239045","680002550","206319454","1","1,919","69","Custom Vorbis","32000 Hz","1","01-02s","CONVERTED"
"338","Batch_004","577440984.wem","B:\Thief2014_Dubbing\Extracted\th4_000_common_vo\th4_000_common_vo\english(us)\577440984.wem","B:\Thief2014_Dubbing\Work\VoiceAudition\Batch_004\0338_577440984.wav","3642407344","436955453","769066881","577440984","1","1,924","73","Custom Vorbis","32000 Hz","1","01-02s","CONVERTED"
"339","Batch_004","766329512.wem","B:\Thief2014_Dubbing\Extracted\th4_000_common_vo\th4_000_common_vo\english(us)\766329512.wem","B:\Thief2014_Dubbing\Work\VoiceAudition\Batch_004\0339_766329512.wav","3385568830","823897829","134396432","766329512","1","1,925","67","Custom Vorbis","32000 Hz","1","01-02s","CONVERTED"
"340","Batch_004","508418172.wem","B:\Thief2014_Dubbing\Extracted\th4_000_common_vo\th4_000_common_vo\english(us)\508418172.wem","B:\Thief2014_Dubbing\Work\VoiceAudition\Batch_004\0340_508418172.wav","2424149172","37320165","969603388","508418172","1","1,926","84","Custom Vorbis","32000 Hz","1","01-02s","CONVERTED"
"341","Batch_004","867267413.wem","B:\Thief2014_Dubbing\Extracted\th4_000_common_vo\th4_000_common_vo\english(us)\867267413.wem","B:\Thief2014_Dubbing\Work\VoiceAudition\Batch_004\0341_867267413.wav","388090327","820191906","953838108","867267413","1","1,946","69","Custom Vorbis","32000 Hz","1","01-02s","CONVERTED"
"342","Batch_004","182815024.wem","B:\Thief2014_Dubbing\Extracted\th4_000_common_vo\th4_000_common_vo\english(us)\182815024.wem","B:\Thief2014_Dubbing\Work\VoiceAudition\Batch_004\0342_182815024.wav","2917685879","877125197","553575192","182815024","1","1,946","82","Custom Vorbis","32000 Hz","1","01-02s","CONVERTED"
"343","Batch_004","781907701.wem","B:\Thief2014_Dubbing\Extracted\th4_000_common_vo\th4_000_common_vo\english(us)\781907701.wem","B:\Thief2014_Dubbing\Work\VoiceAudition\Batch_004\0343_781907701.wav","3208084927","847235229","853821731","781907701","1","1,952","85","Custom Vorbis","32000 Hz","1","01-02s","CONVERTED"
"344","Batch_004","34453711.wem","B:\Thief2014_Dubbing\Extracted\th4_000_common_vo\th4_000_common_vo\english(us)\34453711.wem","B:\Thief2014_Dubbing\Work\VoiceAudition\Batch_004\0344_34453711.wav","2652657254","256541576","131367935","34453711","1","1,952","74","Custom Vorbis","32000 Hz","1","01-02s","CONVERTED"
"345","Batch_004","90880483.wem","B:\Thief2014_Dubbing\Extracted\th4_000_common_vo\th4_000_common_vo\english(us)\90880483.wem","B:\Thief2014_Dubbing\Work\VoiceAudition\Batch_004\0345_90880483.wav","1098029512","930110057","634519766","90880483","1","1,954","66","Custom Vorbis","32000 Hz","1","01-02s","CONVERTED"
"346","Batch_004","789342652.wem","B:\Thief2014_Dubbing\Extracted\th4_000_common_vo\th4_000_common_vo\english(us)\789342652.wem","B:\Thief2014_Dubbing\Work\VoiceAudition\Batch_004\0346_789342652.wav","3529995645","308976180","363460359","789342652","1","1,955","71","Custom Vorbis","32000 Hz","1","01-02s","CONVERTED"
"347","Batch_004","30052689.wem","B:\Thief2014_Dubbing\Extracted\th4_000_common_vo\th4_000_common_vo\english(us)\30052689.wem","B:\Thief2014_Dubbing\Work\VoiceAudition\Batch_004\0347_30052689.wav","2402963614","66791487","249236073","30052689","1","1,961","73","Custom Vorbis","32000 Hz","1","01-02s","CONVERTED"
"348","Batch_004","151932880.wem","B:\Thief2014_Dubbing\Extracted\th4_000_common_vo\th4_000_common_vo\english(us)\151932880.wem","B:\Thief2014_Dubbing\Work\VoiceAudition\Batch_004\0348_151932880.wav","3759483214","111729126","633391133","151932880","1","1,963","73","Custom Vorbis","32000 Hz","1","01-02s","CONVERTED"
"349","Batch_004","433983910.wem","B:\Thief2014_Dubbing\Extracted\th4_000_common_vo\th4_000_common_vo\english(us)\433983910.wem","B:\Thief2014_Dubbing\Work\VoiceAudition\Batch_004\0349_433983910.wav","1820028648","937449729","354849125","433983910","1","1,968","74","Custom Vorbis","32000 Hz","1","01-02s","CONVERTED"
"350","Batch_004","597905619.wem","B:\Thief2014_Dubbing\Extracted\th4_000_common_vo\th4_000_common_vo\english(us)\597905619.wem","B:\Thief2014_Dubbing\Work\VoiceAudition\Batch_004\0350_597905619.wav","2255405928","657169454","166780425","597905619","1","1,968","68","Custom Vorbis","32000 Hz","1","01-02s","CONVERTED"
"351","Batch_004","514246346.wem","B:\Thief2014_Dubbing\Extracted\th4_000_common_vo\th4_000_common_vo\english(us)\514246346.wem","B:\Thief2014_Dubbing\Work\VoiceAudition\Batch_004\0351_514246346.wav","334180196","553569529","296170507","514246346","2","1,969","68","Custom Vorbis","32000 Hz","1","01-02s","CONVERTED"
"352","Batch_004","829944393.wem","B:\Thief2014_Dubbing\Extracted\th4_000_common_vo\th4_000_common_vo\english(us)\829944393.wem","B:\Thief2014_Dubbing\Work\VoiceAudition\Batch_004\0352_829944393.wav","4034619510","924741778","438158632","829944393","1","1,973","71","Custom Vorbis","32000 Hz","1","01-02s","CONVERTED"
"353","Batch_004","182704058.wem","B:\Thief2014_Dubbing\Extracted\th4_000_common_vo\th4_000_common_vo\english(us)\182704058.wem","B:\Thief2014_Dubbing\Work\VoiceAudition\Batch_004\0353_182704058.wav","3412165023","60078409","471245591","182704058","1","1,979","66","Custom Vorbis","32000 Hz","1","01-02s","CONVERTED"
"354","Batch_004","194330409.wem","B:\Thief2014_Dubbing\Extracted\th4_000_common_vo\th4_000_common_vo\english(us)\194330409.wem","B:\Thief2014_Dubbing\Work\VoiceAudition\Batch_004\0354_194330409.wav","214616859","875754443","767659049","194330409","1","1,983","69","Custom Vorbis","32000 Hz","1","01-02s","CONVERTED"
"355","Batch_004","572354245.wem","B:\Thief2014_Dubbing\Extracted\th4_000_common_vo\th4_000_common_vo\english(us)\572354245.wem","B:\Thief2014_Dubbing\Work\VoiceAudition\Batch_004\0355_572354245.wav","323914157","182337287","166502767","572354245","1","1,984","89","Custom Vorbis","32000 Hz","1","01-02s","CONVERTED"
"356","Batch_004","1069557766.wem","B:\Thief2014_Dubbing\Extracted\th4_000_common_vo\th4_000_common_vo\english(us)\1069557766.wem","B:\Thief2014_Dubbing\Work\VoiceAudition\Batch_004\0356_1069557766.wav","766366758","824479137","311465505","1069557766","1","1,984","71","Custom Vorbis","32000 Hz","1","01-02s","CONVERTED"
"357","Batch_004","211532930.wem","B:\Thief2014_Dubbing\Extracted\th4_000_common_vo\th4_000_common_vo\english(us)\211532930.wem","B:\Thief2014_Dubbing\Work\VoiceAudition\Batch_004\0357_211532930.wav","2303162276","134239707","925568882","211532930","1","1,985","81","Custom Vorbis","32000 Hz","1","01-02s","CONVERTED"
"358","Batch_004","866425644.wem","B:\Thief2014_Dubbing\Extracted\th4_000_common_vo\th4_000_common_vo\english(us)\866425644.wem","B:\Thief2014_Dubbing\Work\VoiceAudition\Batch_004\0358_866425644.wav","3359936350","173298372","783563524","866425644","1","1,997","84","Custom Vorbis","32000 Hz","1","01-02s","CONVERTED"
"359","Batch_004","300465557.wem","B:\Thief2014_Dubbing\Extracted\th4_000_common_vo\th4_000_common_vo\english(us)\300465557.wem","B:\Thief2014_Dubbing\Work\VoiceAudition\Batch_004\0359_300465557.wav","1289065688","998873592","571182963","300465557","1","1,999","71","Custom Vorbis","32000 Hz","1","01-02s","CONVERTED"
"360","Batch_004","990261344.wem","B:\Thief2014_Dubbing\Extracted\th4_000_common_vo\th4_000_common_vo\english(us)\990261344.wem","B:\Thief2014_Dubbing\Work\VoiceAudition\Batch_004\0360_990261344.wav","1226176244","189250353","15049488","990261344","1","2","69","Custom Vorbis","32000 Hz","1","02-03s","CONVERTED"
"361","Batch_004","67891682.wem","B:\Thief2014_Dubbing\Extracted\th4_000_common_vo\th4_000_common_vo\english(us)\67891682.wem","B:\Thief2014_Dubbing\Work\VoiceAudition\Batch_004\0361_67891682.wav","2755039431","545438299","850522474","67891682","1","2,003","81","Custom Vorbis","32000 Hz","1","02-03s","CONVERTED"
"362","Batch_004","117772031.wem","B:\Thief2014_Dubbing\Extracted\th4_000_common_vo\th4_000_common_vo\english(us)\117772031.wem","B:\Thief2014_Dubbing\Work\VoiceAudition\Batch_004\0362_117772031.wav","3528293971","100767144","249691142","117772031","1","2,005","71","Custom Vorbis","32000 Hz","1","02-03s","CONVERTED"
"363","Batch_004","35991868.wem","B:\Thief2014_Dubbing\Extracted\th4_000_common_vo\th4_000_common_vo\english(us)\35991868.wem","B:\Thief2014_Dubbing\Work\VoiceAudition\Batch_004\0363_35991868.wav","1279633228","762166880","768792658","35991868","1","2,017","76","Custom Vorbis","32000 Hz","1","02-03s","CONVERTED"
"364","Batch_004","772188202.wem","B:\Thief2014_Dubbing\Extracted\th4_000_common_vo\th4_000_common_vo\english(us)\772188202.wem","B:\Thief2014_Dubbing\Work\VoiceAudition\Batch_004\0364_772188202.wav","1077489726","526130858","9002135","772188202","1","2,018","68","Custom Vorbis","32000 Hz","1","02-03s","CONVERTED"
"365","Batch_004","1050544152.wem","B:\Thief2014_Dubbing\Extracted\th4_000_common_vo\th4_000_common_vo\english(us)\1050544152.wem","B:\Thief2014_Dubbing\Work\VoiceAudition\Batch_004\0365_1050544152.wav","1295266950","276462060","48322268","1050544152","1","2,021","89","Custom Vorbis","32000 Hz","1","02-03s","CONVERTED"
"366","Batch_004","301847788.wem","B:\Thief2014_Dubbing\Extracted\th4_000_common_vo\th4_000_common_vo\english(us)\301847788.wem","B:\Thief2014_Dubbing\Work\VoiceAudition\Batch_004\0366_301847788.wav","1746812372","543342245","752031617","301847788","1","2,026","70","Custom Vorbis","32000 Hz","1","02-03s","CONVERTED"
"367","Batch_004","766877046.wem","B:\Thief2014_Dubbing\Extracted\th4_000_common_vo\th4_000_common_vo\english(us)\766877046.wem","B:\Thief2014_Dubbing\Work\VoiceAudition\Batch_004\0367_766877046.wav","3184847143","117139925","47687508","766877046","1","2,029","68","Custom Vorbis","32000 Hz","1","02-03s","CONVERTED"
"368","Batch_004","117726891.wem","B:\Thief2014_Dubbing\Extracted\th4_000_common_vo\th4_000_common_vo\english(us)\117726891.wem","B:\Thief2014_Dubbing\Work\VoiceAudition\Batch_004\0368_117726891.wav","2334373951","284467941","969396184","117726891","1","2,043","76","Custom Vorbis","32000 Hz","1","02-03s","CONVERTED"
"369","Batch_004","296620762.wem","B:\Thief2014_Dubbing\Extracted\th4_000_common_vo\th4_000_common_vo\english(us)\296620762.wem","B:\Thief2014_Dubbing\Work\VoiceAudition\Batch_004\0369_296620762.wav","3110187324","911549028","17303412","296620762","1","2,046","70","Custom Vorbis","32000 Hz","1","02-03s","CONVERTED"
"370","Batch_004","917369937.wem","B:\Thief2014_Dubbing\Extracted\th4_000_common_vo\th4_000_common_vo\english(us)\917369937.wem","B:\Thief2014_Dubbing\Work\VoiceAudition\Batch_004\0370_917369937.wav","1040802652","584181906","777064904","917369937","1","2,053","88","Custom Vorbis","32000 Hz","1","02-03s","CONVERTED"
"371","Batch_004","589745889.wem","B:\Thief2014_Dubbing\Extracted\th4_000_common_vo\th4_000_common_vo\english(us)\589745889.wem","B:\Thief2014_Dubbing\Work\VoiceAudition\Batch_004\0371_589745889.wav","617366962","645856872","1044247113","589745889","1","2,054","72","Custom Vorbis","32000 Hz","1","02-03s","CONVERTED"
"372","Batch_004","802166597.wem","B:\Thief2014_Dubbing\Extracted\th4_000_common_vo\th4_000_common_vo\english(us)\802166597.wem","B:\Thief2014_Dubbing\Work\VoiceAudition\Batch_004\0372_802166597.wav","3492277858","763302358","482154530","802166597","2","2,056","64","Custom Vorbis","32000 Hz","1","02-03s","CONVERTED"
"373","Batch_004","1019777163.wem","B:\Thief2014_Dubbing\Extracted\th4_000_common_vo\th4_000_common_vo\english(us)\1019777163.wem","B:\Thief2014_Dubbing\Work\VoiceAudition\Batch_004\0373_1019777163.wav","2420488482","1047742774","333446864","1019777163","1","2,059","67","Custom Vorbis","32000 Hz","1","02-03s","CONVERTED"
"374","Batch_004","892470400.wem","B:\Thief2014_Dubbing\Extracted\th4_000_common_vo\th4_000_common_vo\english(us)\892470400.wem","B:\Thief2014_Dubbing\Work\VoiceAudition\Batch_004\0374_892470400.wav","208209033","116632589","167701185","892470400","1","2,069","70","Custom Vorbis","32000 Hz","1","02-03s","CONVERTED"
"375","Batch_004","144853272.wem","B:\Thief2014_Dubbing\Extracted\th4_000_common_vo\th4_000_common_vo\english(us)\144853272.wem","B:\Thief2014_Dubbing\Work\VoiceAudition\Batch_004\0375_144853272.wav","1045436160","859063789","499257815","144853272","1","2,071","68","Custom Vorbis","32000 Hz","1","02-03s","CONVERTED"
"376","Batch_004","633207798.wem","B:\Thief2014_Dubbing\Extracted\th4_000_common_vo\th4_000_common_vo\english(us)\633207798.wem","B:\Thief2014_Dubbing\Work\VoiceAudition\Batch_004\0376_633207798.wav","783384429","217451650","224432125","633207798","1","2,073","73","Custom Vorbis","32000 Hz","1","02-03s","CONVERTED"
"377","Batch_004","884690055.wem","B:\Thief2014_Dubbing\Extracted\th4_000_common_vo\th4_000_common_vo\english(us)\884690055.wem","B:\Thief2014_Dubbing\Work\VoiceAudition\Batch_004\0377_884690055.wav","3158746592","407292068","207984255","884690055","1","2,088","64","Custom Vorbis","32000 Hz","1","02-03s","CONVERTED"
"378","Batch_004","1039444031.wem","B:\Thief2014_Dubbing\Extracted\th4_000_common_vo\th4_000_common_vo\english(us)\1039444031.wem","B:\Thief2014_Dubbing\Work\VoiceAudition\Batch_004\0378_1039444031.wav","2534291421","587587175","186431793","1039444031","1","2,105","69","Custom Vorbis","32000 Hz","1","02-03s","CONVERTED"
"379","Batch_004","233018484.wem","B:\Thief2014_Dubbing\Extracted\th4_000_common_vo\th4_000_common_vo\english(us)\233018484.wem","B:\Thief2014_Dubbing\Work\VoiceAudition\Batch_004\0379_233018484.wav","1172112788","345868907","498453443","233018484","1","2,112","69","Custom Vorbis","32000 Hz","1","02-03s","CONVERTED"
"380","Batch_004","781960931.wem","B:\Thief2014_Dubbing\Extracted\th4_000_common_vo\th4_000_common_vo\english(us)\781960931.wem","B:\Thief2014_Dubbing\Work\VoiceAudition\Batch_004\0380_781960931.wav","847240895","1068402534","692689691","781960931","1","2,112","80","Custom Vorbis","32000 Hz","1","02-03s","CONVERTED"
"381","Batch_004","744639936.wem","B:\Thief2014_Dubbing\Extracted\th4_000_common_vo\th4_000_common_vo\english(us)\744639936.wem","B:\Thief2014_Dubbing\Work\VoiceAudition\Batch_004\0381_744639936.wav","830793807","93754289","163880291","744639936","1","2,12","74","Custom Vorbis","32000 Hz","1","02-03s","CONVERTED"
"382","Batch_004","352352022.wem","B:\Thief2014_Dubbing\Extracted\th4_000_common_vo\th4_000_common_vo\english(us)\352352022.wem","B:\Thief2014_Dubbing\Work\VoiceAudition\Batch_004\0382_352352022.wav","2440926759","635050659","382078430","352352022","1","2,125","89","Custom Vorbis","32000 Hz","1","02-03s","CONVERTED"
"383","Batch_004","886608002.wem","B:\Thief2014_Dubbing\Extracted\th4_000_common_vo\th4_000_common_vo\english(us)\886608002.wem","B:\Thief2014_Dubbing\Work\VoiceAudition\Batch_004\0383_886608002.wav","3020786623","617526787","388939738","886608002","1","2,13","68","Custom Vorbis","32000 Hz","1","02-03s","CONVERTED"
"384","Batch_004","27039803.wem","B:\Thief2014_Dubbing\Extracted\th4_000_common_vo\th4_000_common_vo\english(us)\27039803.wem","B:\Thief2014_Dubbing\Work\VoiceAudition\Batch_004\0384_27039803.wav","3472040852","196711582","997226037","27039803","1","2,146","67","Custom Vorbis","32000 Hz","1","02-03s","CONVERTED"
"385","Batch_004","941899465.wem","B:\Thief2014_Dubbing\Extracted\th4_000_common_vo\th4_000_common_vo\english(us)\941899465.wem","B:\Thief2014_Dubbing\Work\VoiceAudition\Batch_004\0385_941899465.wav","843242020","124590272","927406529","941899465","1","2,146","72","Custom Vorbis","32000 Hz","1","02-03s","CONVERTED"
"386","Batch_004","342371862.wem","B:\Thief2014_Dubbing\Extracted\th4_000_common_vo\th4_000_common_vo\english(us)\342371862.wem","B:\Thief2014_Dubbing\Work\VoiceAudition\Batch_004\0386_342371862.wav","1107948250","605958934","24704316","342371862","1","2,147","67","Custom Vorbis","32000 Hz","1","02-03s","CONVERTED"
"387","Batch_004","148307580.wem","B:\Thief2014_Dubbing\Extracted\th4_000_common_vo\th4_000_common_vo\english(us)\148307580.wem","B:\Thief2014_Dubbing\Work\VoiceAudition\Batch_004\0387_148307580.wav","2322088210","878173925","860342797","148307580","1","2,147","68","Custom Vorbis","32000 Hz","1","02-03s","CONVERTED"
"388","Batch_004","919924785.wem","B:\Thief2014_Dubbing\Extracted\th4_000_common_vo\th4_000_common_vo\english(us)\919924785.wem","B:\Thief2014_Dubbing\Work\VoiceAudition\Batch_004\0388_919924785.wav","3731149831","802259581","660949017","919924785","1","2,15","69","Custom Vorbis","32000 Hz","1","02-03s","CONVERTED"
"389","Batch_004","122220929.wem","B:\Thief2014_Dubbing\Extracted\th4_000_common_vo\th4_000_common_vo\english(us)\122220929.wem","B:\Thief2014_Dubbing\Work\VoiceAudition\Batch_004\0389_122220929.wav","2196123131","934480855","45630369","122220929","1","2,163","72","Custom Vorbis","32000 Hz","1","02-03s","CONVERTED"
"390","Batch_004","790152374.wem","B:\Thief2014_Dubbing\Extracted\th4_000_common_vo\th4_000_common_vo\english(us)\790152374.wem","B:\Thief2014_Dubbing\Work\VoiceAudition\Batch_004\0390_790152374.wav","4098696352","366120782","210303117","790152374","1","2,169","67","Custom Vorbis","32000 Hz","1","02-03s","CONVERTED"
"391","Batch_004","531151495.wem","B:\Thief2014_Dubbing\Extracted\th4_000_common_vo\th4_000_common_vo\english(us)\531151495.wem","B:\Thief2014_Dubbing\Work\VoiceAudition\Batch_004\0391_531151495.wav","1062811373","934035726","125136992","531151495","1","2,176","69","Custom Vorbis","32000 Hz","1","02-03s","CONVERTED"
"392","Batch_004","529421949.wem","B:\Thief2014_Dubbing\Extracted\th4_000_common_vo\th4_000_common_vo\english(us)\529421949.wem","B:\Thief2014_Dubbing\Work\VoiceAudition\Batch_004\0392_529421949.wav","3229787096","175975353","467599100","529421949","1","2,176","69","Custom Vorbis","32000 Hz","1","02-03s","CONVERTED"
"393","Batch_004","743117923.wem","B:\Thief2014_Dubbing\Extracted\th4_000_common_vo\th4_000_common_vo\english(us)\743117923.wem","B:\Thief2014_Dubbing\Work\VoiceAudition\Batch_004\0393_743117923.wav","516979957","127325908","586439977","743117923","1","2,184","75","Custom Vorbis","32000 Hz","1","02-03s","CONVERTED"
"394","Batch_004","438170191.wem","B:\Thief2014_Dubbing\Extracted\th4_000_common_vo\th4_000_common_vo\english(us)\438170191.wem","B:\Thief2014_Dubbing\Work\VoiceAudition\Batch_004\0394_438170191.wav","1176830298","98908671","368060615","438170191","1","2,188","71","Custom Vorbis","32000 Hz","1","02-03s","CONVERTED"
"395","Batch_004","1007923018.wem","B:\Thief2014_Dubbing\Extracted\th4_000_common_vo\th4_000_common_vo\english(us)\1007923018.wem","B:\Thief2014_Dubbing\Work\VoiceAudition\Batch_004\0395_1007923018.wav","1025704988","659951917","724521334","1007923018","1","2,192","71","Custom Vorbis","32000 Hz","1","02-03s","CONVERTED"
"396","Batch_004","579883385.wem","B:\Thief2014_Dubbing\Extracted\th4_000_common_vo\th4_000_common_vo\english(us)\579883385.wem","B:\Thief2014_Dubbing\Work\VoiceAudition\Batch_004\0396_579883385.wav","1397048244","537182171","93680457","579883385","1","2,197","72","Custom Vorbis","32000 Hz","1","02-03s","CONVERTED"
"397","Batch_004","1012272758.wem","B:\Thief2014_Dubbing\Extracted\th4_000_common_vo\th4_000_common_vo\english(us)\1012272758.wem","B:\Thief2014_Dubbing\Work\VoiceAudition\Batch_004\0397_1012272758.wav","895770820","248079896","455447582","1012272758","2","2,202","71","Custom Vorbis","32000 Hz","1","02-03s","CONVERTED"
"398","Batch_004","458898376.wem","B:\Thief2014_Dubbing\Extracted\th4_000_common_vo\th4_000_common_vo\english(us)\458898376.wem","B:\Thief2014_Dubbing\Work\VoiceAudition\Batch_004\0398_458898376.wav","2317206743","357486717","863797716","458898376","1","2,208","71","Custom Vorbis","32000 Hz","1","02-03s","CONVERTED"
"399","Batch_004","724830889.wem","B:\Thief2014_Dubbing\Extracted\th4_000_common_vo\th4_000_common_vo\english(us)\724830889.wem","B:\Thief2014_Dubbing\Work\VoiceAudition\Batch_004\0399_724830889.wav","3757160600","98505176","721041892","724830889","1","2,208","85","Custom Vorbis","32000 Hz","1","02-03s","CONVERTED"
"400","Batch_004","140753050.wem","B:\Thief2014_Dubbing\Extracted\th4_000_common_vo\th4_000_common_vo\english(us)\140753050.wem","B:\Thief2014_Dubbing\Work\VoiceAudition\Batch_004\0400_140753050.wav","4170034684","868473525","250996898","140753050","1","2,213","73","Custom Vorbis","32000 Hz","1","02-03s","CONVERTED"
"401","Batch_005","202756120.wem","B:\Thief2014_Dubbing\Extracted\th4_000_common_vo\th4_000_common_vo\english(us)\202756120.wem","B:\Thief2014_Dubbing\Work\VoiceAudition\Batch_005\0401_202756120.wav","1741796302","138123452","799155005","202756120","1","2,214","67","Custom Vorbis","32000 Hz","1","02-03s","CONVERTED"
"402","Batch_005","4880661.wem","B:\Thief2014_Dubbing\Extracted\th4_000_common_vo\th4_000_common_vo\english(us)\4880661.wem","B:\Thief2014_Dubbing\Work\VoiceAudition\Batch_005\0402_4880661.wav","3427046794","530989381","323299304","4880661","1","2,224","78","Custom Vorbis","32000 Hz","1","02-03s","CONVERTED"
"403","Batch_005","618494245.wem","B:\Thief2014_Dubbing\Extracted\th4_000_common_vo\th4_000_common_vo\english(us)\618494245.wem","B:\Thief2014_Dubbing\Work\VoiceAudition\Batch_005\0403_618494245.wav","298844075","1033809923","995832073","618494245","1","2,227","67","Custom Vorbis","32000 Hz","1","02-03s","CONVERTED"
"404","Batch_005","430911117.wem","B:\Thief2014_Dubbing\Extracted\th4_000_common_vo\th4_000_common_vo\english(us)\430911117.wem","B:\Thief2014_Dubbing\Work\VoiceAudition\Batch_005\0404_430911117.wav","4265195766","1023346379","195703788","430911117","1","2,228","73","Custom Vorbis","32000 Hz","1","02-03s","CONVERTED"
"405","Batch_005","123995673.wem","B:\Thief2014_Dubbing\Extracted\th4_000_common_vo\th4_000_common_vo\english(us)\123995673.wem","B:\Thief2014_Dubbing\Work\VoiceAudition\Batch_005\0405_123995673.wav","1619880322","456669544","973211308","123995673","2","2,23","71","Custom Vorbis","32000 Hz","1","02-03s","CONVERTED"
"406","Batch_005","75859786.wem","B:\Thief2014_Dubbing\Extracted\th4_000_common_vo\th4_000_common_vo\english(us)\75859786.wem","B:\Thief2014_Dubbing\Work\VoiceAudition\Batch_005\0406_75859786.wav","4087100871","673890723","596261299","75859786","1","2,231","69","Custom Vorbis","32000 Hz","1","02-03s","CONVERTED"
"407","Batch_005","776520249.wem","B:\Thief2014_Dubbing\Extracted\th4_000_common_vo\th4_000_common_vo\english(us)\776520249.wem","B:\Thief2014_Dubbing\Work\VoiceAudition\Batch_005\0407_776520249.wav","4089630560","621527043","931891325","776520249","1","2,232","64","Custom Vorbis","32000 Hz","1","02-03s","CONVERTED"
"408","Batch_005","558462656.wem","B:\Thief2014_Dubbing\Extracted\th4_000_common_vo\th4_000_common_vo\english(us)\558462656.wem","B:\Thief2014_Dubbing\Work\VoiceAudition\Batch_005\0408_558462656.wav","159955756","109491825","270720598","558462656","2","2,236","61","Custom Vorbis","32000 Hz","1","02-03s","CONVERTED"
"409","Batch_005","201897175.wem","B:\Thief2014_Dubbing\Extracted\th4_000_common_vo\th4_000_common_vo\english(us)\201897175.wem","B:\Thief2014_Dubbing\Work\VoiceAudition\Batch_005\0409_201897175.wav","2116105528","125362257","85228790","201897175","1","2,24","68","Custom Vorbis","32000 Hz","1","02-03s","CONVERTED"
"410","Batch_005","105622278.wem","B:\Thief2014_Dubbing\Extracted\th4_000_common_vo\th4_000_common_vo\english(us)\105622278.wem","B:\Thief2014_Dubbing\Work\VoiceAudition\Batch_005\0410_105622278.wav","2180151499","248270881","244633615","105622278","1","2,242","79","Custom Vorbis","32000 Hz","1","02-03s","CONVERTED"
"411","Batch_005","336600463.wem","B:\Thief2014_Dubbing\Extracted\th4_000_common_vo\th4_000_common_vo\english(us)\336600463.wem","B:\Thief2014_Dubbing\Work\VoiceAudition\Batch_005\0411_336600463.wav","1351242622","350053389","320504048","336600463","1","2,242","69","Custom Vorbis","32000 Hz","1","02-03s","CONVERTED"
"412","Batch_005","444357559.wem","B:\Thief2014_Dubbing\Extracted\th4_000_common_vo\th4_000_common_vo\english(us)\444357559.wem","B:\Thief2014_Dubbing\Work\VoiceAudition\Batch_005\0412_444357559.wav","1730234253","78573436","434908316","444357559","1","2,247","71","Custom Vorbis","32000 Hz","1","02-03s","CONVERTED"
"413","Batch_005","529146015.wem","B:\Thief2014_Dubbing\Extracted\th4_000_common_vo\th4_000_common_vo\english(us)\529146015.wem","B:\Thief2014_Dubbing\Work\VoiceAudition\Batch_005\0413_529146015.wav","3489971100","861365488","234654256","529146015","1","2,253","84","Custom Vorbis","32000 Hz","1","02-03s","CONVERTED"
"414","Batch_005","376568401.wem","B:\Thief2014_Dubbing\Extracted\th4_000_common_vo\th4_000_common_vo\english(us)\376568401.wem","B:\Thief2014_Dubbing\Work\VoiceAudition\Batch_005\0414_376568401.wav","3004213860","1053228116","36662291","376568401","1","2,265","69","Custom Vorbis","32000 Hz","1","02-03s","CONVERTED"
"415","Batch_005","536489072.wem","B:\Thief2014_Dubbing\Extracted\th4_000_common_vo\th4_000_common_vo\english(us)\536489072.wem","B:\Thief2014_Dubbing\Work\VoiceAudition\Batch_005\0415_536489072.wav","3030332188","639353813","940453610","536489072","1","2,268","70","Custom Vorbis","32000 Hz","1","02-03s","CONVERTED"
"416","Batch_005","16413068.wem","B:\Thief2014_Dubbing\Extracted\th4_000_common_vo\th4_000_common_vo\english(us)\16413068.wem","B:\Thief2014_Dubbing\Work\VoiceAudition\Batch_005\0416_16413068.wav","883889954","723039354","321721880","16413068","1","2,273","64","Custom Vorbis","32000 Hz","1","02-03s","CONVERTED"
"417","Batch_005","336164338.wem","B:\Thief2014_Dubbing\Extracted\th4_000_common_vo\th4_000_common_vo\english(us)\336164338.wem","B:\Thief2014_Dubbing\Work\VoiceAudition\Batch_005\0417_336164338.wav","1460143611","205935179","385351221","336164338","1","2,283","64","Custom Vorbis","32000 Hz","1","02-03s","CONVERTED"
"418","Batch_005","724317941.wem","B:\Thief2014_Dubbing\Extracted\th4_000_common_vo\th4_000_common_vo\english(us)\724317941.wem","B:\Thief2014_Dubbing\Work\VoiceAudition\Batch_005\0418_724317941.wav","1499399721","756736741","625381198","724317941","1","2,301","68","Custom Vorbis","32000 Hz","1","02-03s","CONVERTED"
"419","Batch_005","661524582.wem","B:\Thief2014_Dubbing\Extracted\th4_000_common_vo\th4_000_common_vo\english(us)\661524582.wem","B:\Thief2014_Dubbing\Work\VoiceAudition\Batch_005\0419_661524582.wav","1495675248","655895176","699732404","661524582","1","2,305","64","Custom Vorbis","32000 Hz","1","02-03s","CONVERTED"
"420","Batch_005","676072795.wem","B:\Thief2014_Dubbing\Extracted\th4_000_common_vo\th4_000_common_vo\english(us)\676072795.wem","B:\Thief2014_Dubbing\Work\VoiceAudition\Batch_005\0420_676072795.wav","2642473142","759900453","243971661","676072795","1","2,314","65","Custom Vorbis","32000 Hz","1","02-03s","CONVERTED"
"421","Batch_005","1068184009.wem","B:\Thief2014_Dubbing\Extracted\th4_000_common_vo\th4_000_common_vo\english(us)\1068184009.wem","B:\Thief2014_Dubbing\Work\VoiceAudition\Batch_005\0421_1068184009.wav","532582046","787819237","181976729","1068184009","1","2,315","68","Custom Vorbis","32000 Hz","1","02-03s","CONVERTED"
"422","Batch_005","72599138.wem","B:\Thief2014_Dubbing\Extracted\th4_000_common_vo\th4_000_common_vo\english(us)\72599138.wem","B:\Thief2014_Dubbing\Work\VoiceAudition\Batch_005\0422_72599138.wav","3238798809","1073460608","275966564","72599138","1","2,325","87","Custom Vorbis","32000 Hz","1","02-03s","CONVERTED"
"423","Batch_005","31296218.wem","B:\Thief2014_Dubbing\Extracted\th4_000_common_vo\th4_000_common_vo\english(us)\31296218.wem","B:\Thief2014_Dubbing\Work\VoiceAudition\Batch_005\0423_31296218.wav","3447099962","617480380","970840363","31296218","1","2,326","74","Custom Vorbis","32000 Hz","1","02-03s","CONVERTED"
"424","Batch_005","1042118390.wem","B:\Thief2014_Dubbing\Extracted\th4_000_common_vo\th4_000_common_vo\english(us)\1042118390.wem","B:\Thief2014_Dubbing\Work\VoiceAudition\Batch_005\0424_1042118390.wav","924194555","391399882","739675176","1042118390","1","2,327","84","Custom Vorbis","32000 Hz","1","02-03s","CONVERTED"
"425","Batch_005","688599799.wem","B:\Thief2014_Dubbing\Extracted\th4_000_common_vo\th4_000_common_vo\english(us)\688599799.wem","B:\Thief2014_Dubbing\Work\VoiceAudition\Batch_005\0425_688599799.wav","2925666398","769045348","913829879","688599799","1","2,33","70","Custom Vorbis","32000 Hz","1","02-03s","CONVERTED"
"426","Batch_005","359231875.wem","B:\Thief2014_Dubbing\Extracted\th4_000_common_vo\th4_000_common_vo\english(us)\359231875.wem","B:\Thief2014_Dubbing\Work\VoiceAudition\Batch_005\0426_359231875.wav","1678656149","320709480","30214720","359231875","1","2,332","60","Custom Vorbis","32000 Hz","1","02-03s","CONVERTED"
"427","Batch_005","964945468.wem","B:\Thief2014_Dubbing\Extracted\th4_000_common_vo\th4_000_common_vo\english(us)\964945468.wem","B:\Thief2014_Dubbing\Work\VoiceAudition\Batch_005\0427_964945468.wav","2584526111","47485129","949224210","964945468","1","2,335","67","Custom Vorbis","32000 Hz","1","02-03s","CONVERTED"
"428","Batch_005","1016239674.wem","B:\Thief2014_Dubbing\Extracted\th4_000_common_vo\th4_000_common_vo\english(us)\1016239674.wem","B:\Thief2014_Dubbing\Work\VoiceAudition\Batch_005\0428_1016239674.wav","2150382821","602183481","837089455","1016239674","1","2,341","68","Custom Vorbis","32000 Hz","1","02-03s","CONVERTED"
"429","Batch_005","606607172.wem","B:\Thief2014_Dubbing\Extracted\th4_000_common_vo\th4_000_common_vo\english(us)\606607172.wem","B:\Thief2014_Dubbing\Work\VoiceAudition\Batch_005\0429_606607172.wav","559207374","80678536","653275365","606607172","1","2,343","66","Custom Vorbis","32000 Hz","1","02-03s","CONVERTED"
"430","Batch_005","51534216.wem","B:\Thief2014_Dubbing\Extracted\th4_000_common_vo\th4_000_common_vo\english(us)\51534216.wem","B:\Thief2014_Dubbing\Work\VoiceAudition\Batch_005\0430_51534216.wav","785376192","71422919","503527469","51534216","1","2,346","70","Custom Vorbis","32000 Hz","1","02-03s","CONVERTED"
"431","Batch_005","1064404150.wem","B:\Thief2014_Dubbing\Extracted\th4_000_common_vo\th4_000_common_vo\english(us)\1064404150.wem","B:\Thief2014_Dubbing\Work\VoiceAudition\Batch_005\0431_1064404150.wav","1250519000","144869620","312438050","1064404150","1","2,347","71","Custom Vorbis","32000 Hz","1","02-03s","CONVERTED"
"432","Batch_005","244321865.wem","B:\Thief2014_Dubbing\Extracted\th4_000_common_vo\th4_000_common_vo\english(us)\244321865.wem","B:\Thief2014_Dubbing\Work\VoiceAudition\Batch_005\0432_244321865.wav","1333972682","897543627","629611683","244321865","1","2,352","65","Custom Vorbis","32000 Hz","1","02-03s","CONVERTED"
"433","Batch_005","579137320.wem","B:\Thief2014_Dubbing\Extracted\th4_000_common_vo\th4_000_common_vo\english(us)\579137320.wem","B:\Thief2014_Dubbing\Work\VoiceAudition\Batch_005\0433_579137320.wav","2298320623","518024199","649253422","579137320","1","2,37","78","Custom Vorbis","32000 Hz","1","02-03s","CONVERTED"
"434","Batch_005","344561946.wem","B:\Thief2014_Dubbing\Extracted\th4_000_common_vo\th4_000_common_vo\english(us)\344561946.wem","B:\Thief2014_Dubbing\Work\VoiceAudition\Batch_005\0434_344561946.wav","1810801232","166181361","393884282","344561946","1","2,374","68","Custom Vorbis","32000 Hz","1","02-03s","CONVERTED"
"435","Batch_005","80944288.wem","B:\Thief2014_Dubbing\Extracted\th4_000_common_vo\th4_000_common_vo\english(us)\80944288.wem","B:\Thief2014_Dubbing\Work\VoiceAudition\Batch_005\0435_80944288.wav","1113986245","970350021","823356542","80944288","1","2,383","85","Custom Vorbis","32000 Hz","1","02-03s","CONVERTED"
"436","Batch_005","753076740.wem","B:\Thief2014_Dubbing\Extracted\th4_000_common_vo\th4_000_common_vo\english(us)\753076740.wem","B:\Thief2014_Dubbing\Work\VoiceAudition\Batch_005\0436_753076740.wav","898631400","781021849","1060364789","753076740","1","2,387","66","Custom Vorbis","32000 Hz","1","02-03s","CONVERTED"
"437","Batch_005","128616695.wem","B:\Thief2014_Dubbing\Extracted\th4_000_common_vo\th4_000_common_vo\english(us)\128616695.wem","B:\Thief2014_Dubbing\Work\VoiceAudition\Batch_005\0437_128616695.wav","290900633","64674829","424540536","128616695","1","2,395","69","Custom Vorbis","32000 Hz","1","02-03s","CONVERTED"
"438","Batch_005","715683777.wem","B:\Thief2014_Dubbing\Extracted\th4_000_common_vo\th4_000_common_vo\english(us)\715683777.wem","B:\Thief2014_Dubbing\Work\VoiceAudition\Batch_005\0438_715683777.wav","1116762280","1013882837","258833419","715683777","1","2,398","72","Custom Vorbis","32000 Hz","1","02-03s","CONVERTED"
"439","Batch_005","511031568.wem","B:\Thief2014_Dubbing\Extracted\th4_000_common_vo\th4_000_common_vo\english(us)\511031568.wem","B:\Thief2014_Dubbing\Work\VoiceAudition\Batch_005\0439_511031568.wav","3996237741","54539135","319863373","511031568","1","2,406","63","Custom Vorbis","32000 Hz","1","02-03s","CONVERTED"
"440","Batch_005","540348542.wem","B:\Thief2014_Dubbing\Extracted\th4_000_common_vo\th4_000_common_vo\english(us)\540348542.wem","B:\Thief2014_Dubbing\Work\VoiceAudition\Batch_005\0440_540348542.wav","2390593902","339024071","313378650","540348542","1","2,41","90","Custom Vorbis","32000 Hz","1","02-03s","CONVERTED"
"441","Batch_005","24774449.wem","B:\Thief2014_Dubbing\Extracted\th4_000_common_vo\th4_000_common_vo\english(us)\24774449.wem","B:\Thief2014_Dubbing\Work\VoiceAudition\Batch_005\0441_24774449.wav","188116871","345774950","119052737","24774449","1","2,411","70","Custom Vorbis","32000 Hz","1","02-03s","CONVERTED"
"442","Batch_005","354668928.wem","B:\Thief2014_Dubbing\Extracted\th4_000_common_vo\th4_000_common_vo\english(us)\354668928.wem","B:\Thief2014_Dubbing\Work\VoiceAudition\Batch_005\0442_354668928.wav","3124196736","78103598","37581679","354668928","1","2,412","73","Custom Vorbis","32000 Hz","1","02-03s","CONVERTED"
"443","Batch_005","516151388.wem","B:\Thief2014_Dubbing\Extracted\th4_000_common_vo\th4_000_common_vo\english(us)\516151388.wem","B:\Thief2014_Dubbing\Work\VoiceAudition\Batch_005\0443_516151388.wav","2968484849","816852628","121090276","516151388","1","2,415","73","Custom Vorbis","32000 Hz","1","02-03s","CONVERTED"
"444","Batch_005","230796911.wem","B:\Thief2014_Dubbing\Extracted\th4_000_common_vo\th4_000_common_vo\english(us)\230796911.wem","B:\Thief2014_Dubbing\Work\VoiceAudition\Batch_005\0444_230796911.wav","236789081","58210224","621757154","230796911","1","2,424","71","Custom Vorbis","32000 Hz","1","02-03s","CONVERTED"
"445","Batch_005","979626938.wem","B:\Thief2014_Dubbing\Extracted\th4_000_common_vo\th4_000_common_vo\english(us)\979626938.wem","B:\Thief2014_Dubbing\Work\VoiceAudition\Batch_005\0445_979626938.wav","3397463485","304223564","1021974394","979626938","1","2,427","66","Custom Vorbis","32000 Hz","1","02-03s","CONVERTED"
"446","Batch_005","253103376.wem","B:\Thief2014_Dubbing\Extracted\th4_000_common_vo\th4_000_common_vo\english(us)\253103376.wem","B:\Thief2014_Dubbing\Work\VoiceAudition\Batch_005\0446_253103376.wav","1813957771","1005994450","115584472","253103376","2","2,43","78","Custom Vorbis","32000 Hz","1","02-03s","CONVERTED"
"447","Batch_005","197543547.wem","B:\Thief2014_Dubbing\Extracted\th4_000_common_vo\th4_000_common_vo\english(us)\197543547.wem","B:\Thief2014_Dubbing\Work\VoiceAudition\Batch_005\0447_197543547.wav","3220413139","780470501","540085035","197543547","1","2,431","72","Custom Vorbis","32000 Hz","1","02-03s","CONVERTED"
"448","Batch_005","864723965.wem","B:\Thief2014_Dubbing\Extracted\th4_000_common_vo\th4_000_common_vo\english(us)\864723965.wem","B:\Thief2014_Dubbing\Work\VoiceAudition\Batch_005\0448_864723965.wav","2425029175","879789512","459152143","864723965","1","2,432","77","Custom Vorbis","32000 Hz","1","02-03s","CONVERTED"
"449","Batch_005","528120439.wem","B:\Thief2014_Dubbing\Extracted\th4_000_common_vo\th4_000_common_vo\english(us)\528120439.wem","B:\Thief2014_Dubbing\Work\VoiceAudition\Batch_005\0449_528120439.wav","2489945728","234893302","832648642","528120439","1","2,432","71","Custom Vorbis","32000 Hz","1","02-03s","CONVERTED"
"450","Batch_005","149097461.wem","B:\Thief2014_Dubbing\Extracted\th4_000_common_vo\th4_000_common_vo\english(us)\149097461.wem","B:\Thief2014_Dubbing\Work\VoiceAudition\Batch_005\0450_149097461.wav","282520146","674163862","698471899","149097461","1","2,439","81","Custom Vorbis","32000 Hz","1","02-03s","CONVERTED"
"451","Batch_005","578909285.wem","B:\Thief2014_Dubbing\Extracted\th4_000_common_vo\th4_000_common_vo\english(us)\578909285.wem","B:\Thief2014_Dubbing\Work\VoiceAudition\Batch_005\0451_578909285.wav","1337526250","944977325","582368397","578909285","1","2,45","73","Custom Vorbis","32000 Hz","1","02-03s","CONVERTED"
"452","Batch_005","387708242.wem","B:\Thief2014_Dubbing\Extracted\th4_000_common_vo\th4_000_common_vo\english(us)\387708242.wem","B:\Thief2014_Dubbing\Work\VoiceAudition\Batch_005\0452_387708242.wav","1647420095","331935054","1004268650","387708242","1","2,453","71","Custom Vorbis","32000 Hz","1","02-03s","CONVERTED"
"453","Batch_005","958740332.wem","B:\Thief2014_Dubbing\Extracted\th4_000_common_vo\th4_000_common_vo\english(us)\958740332.wem","B:\Thief2014_Dubbing\Work\VoiceAudition\Batch_005\0453_958740332.wav","1492325161","326843746","760731484","958740332","1","2,457","72","Custom Vorbis","32000 Hz","1","02-03s","CONVERTED"
"454","Batch_005","983217710.wem","B:\Thief2014_Dubbing\Extracted\th4_000_common_vo\th4_000_common_vo\english(us)\983217710.wem","B:\Thief2014_Dubbing\Work\VoiceAudition\Batch_005\0454_983217710.wav","3094265415","527009957","677491422","983217710","1","2,462","67","Custom Vorbis","32000 Hz","1","02-03s","CONVERTED"
"455","Batch_005","161300527.wem","B:\Thief2014_Dubbing\Extracted\th4_000_common_vo\th4_000_common_vo\english(us)\161300527.wem","B:\Thief2014_Dubbing\Work\VoiceAudition\Batch_005\0455_161300527.wav","2790755596","954028334","776675658","161300527","1","2,465","68","Custom Vorbis","32000 Hz","1","02-03s","CONVERTED"
"456","Batch_005","224466364.wem","B:\Thief2014_Dubbing\Extracted\th4_000_common_vo\th4_000_common_vo\english(us)\224466364.wem","B:\Thief2014_Dubbing\Work\VoiceAudition\Batch_005\0456_224466364.wav","2264765321","115570955","513049966","224466364","1","2,467","79","Custom Vorbis","32000 Hz","1","02-03s","CONVERTED"
"457","Batch_005","344949174.wem","B:\Thief2014_Dubbing\Extracted\th4_000_common_vo\th4_000_common_vo\english(us)\344949174.wem","B:\Thief2014_Dubbing\Work\VoiceAudition\Batch_005\0457_344949174.wav","3848373260","552108100","504178454","344949174","1","2,474","81","Custom Vorbis","32000 Hz","1","02-03s","CONVERTED"
"458","Batch_005","1071813657.wem","B:\Thief2014_Dubbing\Extracted\th4_000_common_vo\th4_000_common_vo\english(us)\1071813657.wem","B:\Thief2014_Dubbing\Work\VoiceAudition\Batch_005\0458_1071813657.wav","3517136529","23907833","43161025","1071813657","1","2,477","69","Custom Vorbis","32000 Hz","1","02-03s","CONVERTED"
"459","Batch_005","1004466769.wem","B:\Thief2014_Dubbing\Extracted\th4_000_common_vo\th4_000_common_vo\english(us)\1004466769.wem","B:\Thief2014_Dubbing\Work\VoiceAudition\Batch_005\0459_1004466769.wav","4126474980","816621541","631440037","1004466769","1","2,478","74","Custom Vorbis","32000 Hz","1","02-03s","CONVERTED"
"460","Batch_005","919355035.wem","B:\Thief2014_Dubbing\Extracted\th4_000_common_vo\th4_000_common_vo\english(us)\919355035.wem","B:\Thief2014_Dubbing\Work\VoiceAudition\Batch_005\0460_919355035.wav","2771812905","471837658","486651074","919355035","1","2,479","68","Custom Vorbis","32000 Hz","1","02-03s","CONVERTED"
"461","Batch_005","495764015.wem","B:\Thief2014_Dubbing\Extracted\th4_000_common_vo\th4_000_common_vo\english(us)\495764015.wem","B:\Thief2014_Dubbing\Work\VoiceAudition\Batch_005\0461_495764015.wav","714608406","143003634","753586251","495764015","1","2,495","65","Custom Vorbis","32000 Hz","1","02-03s","CONVERTED"
"462","Batch_005","199511651.wem","B:\Thief2014_Dubbing\Extracted\th4_000_common_vo\th4_000_common_vo\english(us)\199511651.wem","B:\Thief2014_Dubbing\Work\VoiceAudition\Batch_005\0462_199511651.wav","4099717292","232372942","219128123","199511651","1","2,496","69","Custom Vorbis","32000 Hz","1","02-03s","CONVERTED"
"463","Batch_005","841131934.wem","B:\Thief2014_Dubbing\Extracted\th4_000_common_vo\th4_000_common_vo\english(us)\841131934.wem","B:\Thief2014_Dubbing\Work\VoiceAudition\Batch_005\0463_841131934.wav","2879537941","60003323","446225257","841131934","1","2,496","78","Custom Vorbis","32000 Hz","1","02-03s","CONVERTED"
"464","Batch_005","470175939.wem","B:\Thief2014_Dubbing\Extracted\th4_000_common_vo\th4_000_common_vo\english(us)\470175939.wem","B:\Thief2014_Dubbing\Work\VoiceAudition\Batch_005\0464_470175939.wav","1463667292","787319294","300085535","470175939","1","2,499","72","Custom Vorbis","32000 Hz","1","02-03s","CONVERTED"
"465","Batch_005","939132931.wem","B:\Thief2014_Dubbing\Extracted\th4_000_common_vo\th4_000_common_vo\english(us)\939132931.wem","B:\Thief2014_Dubbing\Work\VoiceAudition\Batch_005\0465_939132931.wav","182032149","453269945","763685314","939132931","1","2,505","72","Custom Vorbis","32000 Hz","1","02-03s","CONVERTED"
"466","Batch_005","374069543.wem","B:\Thief2014_Dubbing\Extracted\th4_000_common_vo\th4_000_common_vo\english(us)\374069543.wem","B:\Thief2014_Dubbing\Work\VoiceAudition\Batch_005\0466_374069543.wav","3242901752","713358744","483904343","374069543","1","2,514","71","Custom Vorbis","32000 Hz","1","02-03s","CONVERTED"
"467","Batch_005","670881469.wem","B:\Thief2014_Dubbing\Extracted\th4_000_common_vo\th4_000_common_vo\english(us)\670881469.wem","B:\Thief2014_Dubbing\Work\VoiceAudition\Batch_005\0467_670881469.wav","1871672958","1011949244","1034151084","670881469","1","2,52","64","Custom Vorbis","32000 Hz","1","02-03s","CONVERTED"
"468","Batch_005","428355477.wem","B:\Thief2014_Dubbing\Extracted\th4_000_common_vo\th4_000_common_vo\english(us)\428355477.wem","B:\Thief2014_Dubbing\Work\VoiceAudition\Batch_005\0468_428355477.wav","3114659685","944823873","866051121","428355477","1","2,52","68","Custom Vorbis","32000 Hz","1","02-03s","CONVERTED"
"469","Batch_005","494989785.wem","B:\Thief2014_Dubbing\Extracted\th4_000_common_vo\th4_000_common_vo\english(us)\494989785.wem","B:\Thief2014_Dubbing\Work\VoiceAudition\Batch_005\0469_494989785.wav","896392388","886073168","574033701","494989785","1","2,529","74","Custom Vorbis","32000 Hz","1","02-03s","CONVERTED"
"470","Batch_005","192763684.wem","B:\Thief2014_Dubbing\Extracted\th4_000_common_vo\th4_000_common_vo\english(us)\192763684.wem","B:\Thief2014_Dubbing\Work\VoiceAudition\Batch_005\0470_192763684.wav","3375861117","505814526","1071549018","192763684","1","2,538","69","Custom Vorbis","32000 Hz","1","02-03s","CONVERTED"
"471","Batch_005","796883833.wem","B:\Thief2014_Dubbing\Extracted\th4_000_common_vo\th4_000_common_vo\english(us)\796883833.wem","B:\Thief2014_Dubbing\Work\VoiceAudition\Batch_005\0471_796883833.wav","392409208","352615041","294611282","796883833","1","2,539","72","Custom Vorbis","32000 Hz","1","02-03s","CONVERTED"
"472","Batch_005","843549300.wem","B:\Thief2014_Dubbing\Extracted\th4_000_common_vo\th4_000_common_vo\english(us)\843549300.wem","B:\Thief2014_Dubbing\Work\VoiceAudition\Batch_005\0472_843549300.wav","3883163434","945081688","698875425","843549300","1","2,541","72","Custom Vorbis","32000 Hz","1","02-03s","CONVERTED"
"473","Batch_005","184647666.wem","B:\Thief2014_Dubbing\Extracted\th4_000_common_vo\th4_000_common_vo\english(us)\184647666.wem","B:\Thief2014_Dubbing\Work\VoiceAudition\Batch_005\0473_184647666.wav","2880264342","226295830","329959198","184647666","1","2,545","74","Custom Vorbis","32000 Hz","1","02-03s","CONVERTED"
"474","Batch_005","833910343.wem","B:\Thief2014_Dubbing\Extracted\th4_000_common_vo\th4_000_common_vo\english(us)\833910343.wem","B:\Thief2014_Dubbing\Work\VoiceAudition\Batch_005\0474_833910343.wav","948900277","996932999","618976622","833910343","1","2,549","66","Custom Vorbis","32000 Hz","1","02-03s","CONVERTED"
"475","Batch_005","120459133.wem","B:\Thief2014_Dubbing\Extracted\th4_000_common_vo\th4_000_common_vo\english(us)\120459133.wem","B:\Thief2014_Dubbing\Work\VoiceAudition\Batch_005\0475_120459133.wav","213654886","143765288","582855574","120459133","1","2,56","66","Custom Vorbis","32000 Hz","1","02-03s","CONVERTED"
"476","Batch_005","201433572.wem","B:\Thief2014_Dubbing\Extracted\th4_000_common_vo\th4_000_common_vo\english(us)\201433572.wem","B:\Thief2014_Dubbing\Work\VoiceAudition\Batch_005\0476_201433572.wav","1249509908","977857989","637038126","201433572","2","2,569","69","Custom Vorbis","32000 Hz","1","02-03s","CONVERTED"
"477","Batch_005","509150225.wem","B:\Thief2014_Dubbing\Extracted\th4_000_common_vo\th4_000_common_vo\english(us)\509150225.wem","B:\Thief2014_Dubbing\Work\VoiceAudition\Batch_005\0477_509150225.wav","3863361683","655300175","693240372","509150225","1","2,574","65","Custom Vorbis","32000 Hz","1","02-03s","CONVERTED"
"478","Batch_005","979544947.wem","B:\Thief2014_Dubbing\Extracted\th4_000_common_vo\th4_000_common_vo\english(us)\979544947.wem","B:\Thief2014_Dubbing\Work\VoiceAudition\Batch_005\0478_979544947.wav","472807604","163174556","376261092","979544947","1","2,597","71","Custom Vorbis","32000 Hz","1","02-03s","CONVERTED"
"479","Batch_005","466008262.wem","B:\Thief2014_Dubbing\Extracted\th4_000_common_vo\th4_000_common_vo\english(us)\466008262.wem","B:\Thief2014_Dubbing\Work\VoiceAudition\Batch_005\0479_466008262.wav","3663766269","473154646","772868642","466008262","1","2,599","69","Custom Vorbis","32000 Hz","1","02-03s","CONVERTED"
"480","Batch_005","622342419.wem","B:\Thief2014_Dubbing\Extracted\th4_000_common_vo\th4_000_common_vo\english(us)\622342419.wem","B:\Thief2014_Dubbing\Work\VoiceAudition\Batch_005\0480_622342419.wav","1514642882","414394438","537527083","622342419","1","2,608","80","Custom Vorbis","32000 Hz","1","02-03s","CONVERTED"
"481","Batch_005","742386258.wem","B:\Thief2014_Dubbing\Extracted\th4_000_common_vo\th4_000_common_vo\english(us)\742386258.wem","B:\Thief2014_Dubbing\Work\VoiceAudition\Batch_005\0481_742386258.wav","4241491319","855813577","435806486","742386258","1","2,608","64","Custom Vorbis","32000 Hz","1","02-03s","CONVERTED"
"482","Batch_005","196366528.wem","B:\Thief2014_Dubbing\Extracted\th4_000_common_vo\th4_000_common_vo\english(us)\196366528.wem","B:\Thief2014_Dubbing\Work\VoiceAudition\Batch_005\0482_196366528.wav","1175821568","326223472","337891011","196366528","1","2,619","67","Custom Vorbis","32000 Hz","1","02-03s","CONVERTED"
"483","Batch_005","15806715.wem","B:\Thief2014_Dubbing\Extracted\th4_000_common_vo\th4_000_common_vo\english(us)\15806715.wem","B:\Thief2014_Dubbing\Work\VoiceAudition\Batch_005\0483_15806715.wav","2258699595","50072444","567810603","15806715","1","2,624","68","Custom Vorbis","32000 Hz","1","02-03s","CONVERTED"
"484","Batch_005","882396025.wem","B:\Thief2014_Dubbing\Extracted\th4_000_common_vo\th4_000_common_vo\english(us)\882396025.wem","B:\Thief2014_Dubbing\Work\VoiceAudition\Batch_005\0484_882396025.wav","3746903343","852505034","715412627","882396025","1","2,624","70","Custom Vorbis","32000 Hz","1","02-03s","CONVERTED"
"485","Batch_005","916018735.wem","B:\Thief2014_Dubbing\Extracted\th4_000_common_vo\th4_000_common_vo\english(us)\916018735.wem","B:\Thief2014_Dubbing\Work\VoiceAudition\Batch_005\0485_916018735.wav","1577743092","869991064","804677276","916018735","1","2,625","74","Custom Vorbis","32000 Hz","1","02-03s","CONVERTED"
"486","Batch_005","740908996.wem","B:\Thief2014_Dubbing\Extracted\th4_000_common_vo\th4_000_common_vo\english(us)\740908996.wem","B:\Thief2014_Dubbing\Work\VoiceAudition\Batch_005\0486_740908996.wav","1949797903","808173497","922486242","740908996","1","2,63","71","Custom Vorbis","32000 Hz","1","02-03s","CONVERTED"
"487","Batch_005","1052971964.wem","B:\Thief2014_Dubbing\Extracted\th4_000_common_vo\th4_000_common_vo\english(us)\1052971964.wem","B:\Thief2014_Dubbing\Work\VoiceAudition\Batch_005\0487_1052971964.wav","4038765194","417132472","802506159","1052971964","1","2,633","68","Custom Vorbis","32000 Hz","1","02-03s","CONVERTED"
"488","Batch_005","62506718.wem","B:\Thief2014_Dubbing\Extracted\th4_000_common_vo\th4_000_common_vo\english(us)\62506718.wem","B:\Thief2014_Dubbing\Work\VoiceAudition\Batch_005\0488_62506718.wav","803827908","407076703","319902802","62506718","1","2,65","70","Custom Vorbis","32000 Hz","1","02-03s","CONVERTED"
"489","Batch_005","417658502.wem","B:\Thief2014_Dubbing\Extracted\th4_000_common_vo\th4_000_common_vo\english(us)\417658502.wem","B:\Thief2014_Dubbing\Work\VoiceAudition\Batch_005\0489_417658502.wav","624407467","435747753","21268001","417658502","1","2,65","67","Custom Vorbis","32000 Hz","1","02-03s","CONVERTED"
"490","Batch_005","583113460.wem","B:\Thief2014_Dubbing\Extracted\th4_000_common_vo\th4_000_common_vo\english(us)\583113460.wem","B:\Thief2014_Dubbing\Work\VoiceAudition\Batch_005\0490_583113460.wav","147666893","444084901","593318592","583113460","1","2,656","57","Custom Vorbis","32000 Hz","1","02-03s","CONVERTED"
"491","Batch_005","695226232.wem","B:\Thief2014_Dubbing\Extracted\th4_000_common_vo\th4_000_common_vo\english(us)\695226232.wem","B:\Thief2014_Dubbing\Work\VoiceAudition\Batch_005\0491_695226232.wav","288691043","169327410","934822653","695226232","1","2,685","69","Custom Vorbis","32000 Hz","1","02-03s","CONVERTED"
"492","Batch_005","289770978.wem","B:\Thief2014_Dubbing\Extracted\th4_000_common_vo\th4_000_common_vo\english(us)\289770978.wem","B:\Thief2014_Dubbing\Work\VoiceAudition\Batch_005\0492_289770978.wav","857773442","741853050","470207270","289770978","1","2,685","68","Custom Vorbis","32000 Hz","1","02-03s","CONVERTED"
"493","Batch_005","508042368.wem","B:\Thief2014_Dubbing\Extracted\th4_000_common_vo\th4_000_common_vo\english(us)\508042368.wem","B:\Thief2014_Dubbing\Work\VoiceAudition\Batch_005\0493_508042368.wav","1343733178","337418438","927272582","508042368","1","2,688","75","Custom Vorbis","32000 Hz","1","02-03s","CONVERTED"
"494","Batch_005","327111786.wem","B:\Thief2014_Dubbing\Extracted\th4_000_common_vo\th4_000_common_vo\english(us)\327111786.wem","B:\Thief2014_Dubbing\Work\VoiceAudition\Batch_005\0494_327111786.wav","98497593","384893626","868551262","327111786","1","2,688","70","Custom Vorbis","32000 Hz","1","02-03s","CONVERTED"
"495","Batch_005","1050074967.wem","B:\Thief2014_Dubbing\Extracted\th4_000_common_vo\th4_000_common_vo\english(us)\1050074967.wem","B:\Thief2014_Dubbing\Work\VoiceAudition\Batch_005\0495_1050074967.wav","1861719537","253284594","909884954","1050074967","1","2,693","72","Custom Vorbis","32000 Hz","1","02-03s","CONVERTED"
"496","Batch_005","812339299.wem","B:\Thief2014_Dubbing\Extracted\th4_000_common_vo\th4_000_common_vo\english(us)\812339299.wem","B:\Thief2014_Dubbing\Work\VoiceAudition\Batch_005\0496_812339299.wav","3952962426","1028709076","455996795","812339299","1","2,695","58","Custom Vorbis","32000 Hz","1","02-03s","CONVERTED"
"497","Batch_005","878999912.wem","B:\Thief2014_Dubbing\Extracted\th4_000_common_vo\th4_000_common_vo\english(us)\878999912.wem","B:\Thief2014_Dubbing\Work\VoiceAudition\Batch_005\0497_878999912.wav","1230411843","239157836","21594974","878999912","1","2,701","65","Custom Vorbis","32000 Hz","1","02-03s","CONVERTED"
"498","Batch_005","898001860.wem","B:\Thief2014_Dubbing\Extracted\th4_000_common_vo\th4_000_common_vo\english(us)\898001860.wem","B:\Thief2014_Dubbing\Work\VoiceAudition\Batch_005\0498_898001860.wav","3314509209","872083590","414892240","898001860","2","2,703","66","Custom Vorbis","32000 Hz","1","02-03s","CONVERTED"
"499","Batch_005","403731769.wem","B:\Thief2014_Dubbing\Extracted\th4_000_common_vo\th4_000_common_vo\english(us)\403731769.wem","B:\Thief2014_Dubbing\Work\VoiceAudition\Batch_005\0499_403731769.wav","2970426852","658379738","927939045","403731769","1","2,706","71","Custom Vorbis","32000 Hz","1","02-03s","CONVERTED"
"500","Batch_005","38372339.wem","B:\Thief2014_Dubbing\Extracted\th4_000_common_vo\th4_000_common_vo\english(us)\38372339.wem","B:\Thief2014_Dubbing\Work\VoiceAudition\Batch_005\0500_38372339.wav","3429285047","820908121","427730419","38372339","2","2,708","71","Custom Vorbis","32000 Hz","1","02-03s","CONVERTED"
"501","Batch_006","168165222.wem","B:\Thief2014_Dubbing\Extracted\th4_000_common_vo\th4_000_common_vo\english(us)\168165222.wem","B:\Thief2014_Dubbing\Work\VoiceAudition\Batch_006\0501_168165222.wav","2835669845","444117764","933649772","168165222","1","2,708","76","Custom Vorbis","32000 Hz","1","02-03s","CONVERTED"
"502","Batch_006","366751104.wem","B:\Thief2014_Dubbing\Extracted\th4_000_common_vo\th4_000_common_vo\english(us)\366751104.wem","B:\Thief2014_Dubbing\Work\VoiceAudition\Batch_006\0502_366751104.wav","300711139","242744588","386646869","366751104","1","2,708","59","Custom Vorbis","32000 Hz","1","02-03s","CONVERTED"
"503","Batch_006","936295321.wem","B:\Thief2014_Dubbing\Extracted\th4_000_common_vo\th4_000_common_vo\english(us)\936295321.wem","B:\Thief2014_Dubbing\Work\VoiceAudition\Batch_006\0503_936295321.wav","3278687242","581908100","601743846","936295321","1","2,709","74","Custom Vorbis","32000 Hz","1","02-03s","CONVERTED"
"504","Batch_006","125264452.wem","B:\Thief2014_Dubbing\Extracted\th4_000_common_vo\th4_000_common_vo\english(us)\125264452.wem","B:\Thief2014_Dubbing\Work\VoiceAudition\Batch_006\0504_125264452.wav","1972509326","537897441","1024372567","125264452","1","2,71","67","Custom Vorbis","32000 Hz","1","02-03s","CONVERTED"
"505","Batch_006","975698895.wem","B:\Thief2014_Dubbing\Extracted\th4_000_common_vo\th4_000_common_vo\english(us)\975698895.wem","B:\Thief2014_Dubbing\Work\VoiceAudition\Batch_006\0505_975698895.wav","3975796586","511530878","549011666","975698895","1","2,719","67","Custom Vorbis","32000 Hz","1","02-03s","CONVERTED"
"506","Batch_006","667534222.wem","B:\Thief2014_Dubbing\Extracted\th4_000_common_vo\th4_000_common_vo\english(us)\667534222.wem","B:\Thief2014_Dubbing\Work\VoiceAudition\Batch_006\0506_667534222.wav","2425927065","298434615","968071933","667534222","1","2,72","68","Custom Vorbis","32000 Hz","1","02-03s","CONVERTED"
"507","Batch_006","968419079.wem","B:\Thief2014_Dubbing\Extracted\th4_000_common_vo\th4_000_common_vo\english(us)\968419079.wem","B:\Thief2014_Dubbing\Work\VoiceAudition\Batch_006\0507_968419079.wav","1860011322","177288494","642708577","968419079","1","2,725","70","Custom Vorbis","32000 Hz","1","02-03s","CONVERTED"
"508","Batch_006","18029859.wem","B:\Thief2014_Dubbing\Extracted\th4_000_common_vo\th4_000_common_vo\english(us)\18029859.wem","B:\Thief2014_Dubbing\Work\VoiceAudition\Batch_006\0508_18029859.wav","802631416","694764823","790485450","18029859","1","2,736","71","Custom Vorbis","32000 Hz","1","02-03s","CONVERTED"
"509","Batch_006","240912965.wem","B:\Thief2014_Dubbing\Extracted\th4_000_common_vo\th4_000_common_vo\english(us)\240912965.wem","B:\Thief2014_Dubbing\Work\VoiceAudition\Batch_006\0509_240912965.wav","3931238987","67786355","1022236815","240912965","2","2,737","64","Custom Vorbis","32000 Hz","1","02-03s","CONVERTED"
"510","Batch_006","952069668.wem","B:\Thief2014_Dubbing\Extracted\th4_000_common_vo\th4_000_common_vo\english(us)\952069668.wem","B:\Thief2014_Dubbing\Work\VoiceAudition\Batch_006\0510_952069668.wav","2811078669","575442097","100816364","952069668","1","2,742","60","Custom Vorbis","32000 Hz","1","02-03s","CONVERTED"
"511","Batch_006","1007862950.wem","B:\Thief2014_Dubbing\Extracted\th4_000_common_vo\th4_000_common_vo\english(us)\1007862950.wem","B:\Thief2014_Dubbing\Work\VoiceAudition\Batch_006\0511_1007862950.wav","564717827","341299456","16964629","1007862950","1","2,744","70","Custom Vorbis","32000 Hz","1","02-03s","CONVERTED"
"512","Batch_006","895007152.wem","B:\Thief2014_Dubbing\Extracted\th4_000_common_vo\th4_000_common_vo\english(us)\895007152.wem","B:\Thief2014_Dubbing\Work\VoiceAudition\Batch_006\0512_895007152.wav","3019476070","902071565","166004695","895007152","1","2,75","69","Custom Vorbis","32000 Hz","1","02-03s","CONVERTED"
"513","Batch_006","1011669277.wem","B:\Thief2014_Dubbing\Extracted\th4_000_common_vo\th4_000_common_vo\english(us)\1011669277.wem","B:\Thief2014_Dubbing\Work\VoiceAudition\Batch_006\0513_1011669277.wav","1844330254","894525477","994383035","1011669277","1","2,757","72","Custom Vorbis","32000 Hz","1","02-03s","CONVERTED"
"514","Batch_006","792588876.wem","B:\Thief2014_Dubbing\Extracted\th4_000_common_vo\th4_000_common_vo\english(us)\792588876.wem","B:\Thief2014_Dubbing\Work\VoiceAudition\Batch_006\0514_792588876.wav","298887401","414451237","92536726","792588876","1","2,759","77","Custom Vorbis","32000 Hz","1","02-03s","CONVERTED"
"515","Batch_006","411497555.wem","B:\Thief2014_Dubbing\Extracted\th4_000_common_vo\th4_000_common_vo\english(us)\411497555.wem","B:\Thief2014_Dubbing\Work\VoiceAudition\Batch_006\0515_411497555.wav","1641840456","160327657","441938970","411497555","1","2,761","70","Custom Vorbis","32000 Hz","1","02-03s","CONVERTED"
"516","Batch_006","23618156.wem","B:\Thief2014_Dubbing\Extracted\th4_000_common_vo\th4_000_common_vo\english(us)\23618156.wem","B:\Thief2014_Dubbing\Work\VoiceAudition\Batch_006\0516_23618156.wav","1019406461","443491341","501279652","23618156","1","2,763","72","Custom Vorbis","32000 Hz","1","02-03s","CONVERTED"
"517","Batch_006","625985248.wem","B:\Thief2014_Dubbing\Extracted\th4_000_common_vo\th4_000_common_vo\english(us)\625985248.wem","B:\Thief2014_Dubbing\Work\VoiceAudition\Batch_006\0517_625985248.wav","197552483","144821061","784775452","625985248","1","2,766","74","Custom Vorbis","32000 Hz","1","02-03s","CONVERTED"
"518","Batch_006","448827065.wem","B:\Thief2014_Dubbing\Extracted\th4_000_common_vo\th4_000_common_vo\english(us)\448827065.wem","B:\Thief2014_Dubbing\Work\VoiceAudition\Batch_006\0518_448827065.wav","1236526983","691141048","312914597","448827065","2","2,769","70","Custom Vorbis","32000 Hz","1","02-03s","CONVERTED"
"519","Batch_006","619268756.wem","B:\Thief2014_Dubbing\Extracted\th4_000_common_vo\th4_000_common_vo\english(us)\619268756.wem","B:\Thief2014_Dubbing\Work\VoiceAudition\Batch_006\0519_619268756.wav","921712153","738775511","292070745","619268756","1","2,773","55","Custom Vorbis","32000 Hz","1","02-03s","CONVERTED"
"520","Batch_006","846965701.wem","B:\Thief2014_Dubbing\Extracted\th4_000_common_vo\th4_000_common_vo\english(us)\846965701.wem","B:\Thief2014_Dubbing\Work\VoiceAudition\Batch_006\0520_846965701.wav","190029786","1007140816","878987137","846965701","1","2,784","70","Custom Vorbis","32000 Hz","1","02-03s","CONVERTED"
"521","Batch_006","453883104.wem","B:\Thief2014_Dubbing\Extracted\th4_000_common_vo\th4_000_common_vo\english(us)\453883104.wem","B:\Thief2014_Dubbing\Work\VoiceAudition\Batch_006\0521_453883104.wav","734875933","525715168","871083681","453883104","1","2,784","64","Custom Vorbis","32000 Hz","1","02-03s","CONVERTED"
"522","Batch_006","488360730.wem","B:\Thief2014_Dubbing\Extracted\th4_000_common_vo\th4_000_common_vo\english(us)\488360730.wem","B:\Thief2014_Dubbing\Work\VoiceAudition\Batch_006\0522_488360730.wav","564451442","271472641","1043914911","488360730","1","2,792","69","Custom Vorbis","32000 Hz","1","02-03s","CONVERTED"
"523","Batch_006","669126361.wem","B:\Thief2014_Dubbing\Extracted\th4_000_common_vo\th4_000_common_vo\english(us)\669126361.wem","B:\Thief2014_Dubbing\Work\VoiceAudition\Batch_006\0523_669126361.wav","2596443901","962335104","305520658","669126361","1","2,803","69","Custom Vorbis","32000 Hz","1","02-03s","CONVERTED"
"524","Batch_006","880656504.wem","B:\Thief2014_Dubbing\Extracted\th4_000_common_vo\th4_000_common_vo\english(us)\880656504.wem","B:\Thief2014_Dubbing\Work\VoiceAudition\Batch_006\0524_880656504.wav","3473193513","28085961","458512398","880656504","1","2,806","79","Custom Vorbis","32000 Hz","1","02-03s","CONVERTED"
"525","Batch_006","758290971.wem","B:\Thief2014_Dubbing\Extracted\th4_000_common_vo\th4_000_common_vo\english(us)\758290971.wem","B:\Thief2014_Dubbing\Work\VoiceAudition\Batch_006\0525_758290971.wav","1803499919","646712880","16788436","758290971","1","2,812","72","Custom Vorbis","32000 Hz","1","02-03s","CONVERTED"
"526","Batch_006","262650098.wem","B:\Thief2014_Dubbing\Extracted\th4_000_common_vo\th4_000_common_vo\english(us)\262650098.wem","B:\Thief2014_Dubbing\Work\VoiceAudition\Batch_006\0526_262650098.wav","2859690167","179482489","103576971","262650098","1","2,824","68","Custom Vorbis","32000 Hz","1","02-03s","CONVERTED"
"527","Batch_006","738409400.wem","B:\Thief2014_Dubbing\Extracted\th4_000_common_vo\th4_000_common_vo\english(us)\738409400.wem","B:\Thief2014_Dubbing\Work\VoiceAudition\Batch_006\0527_738409400.wav","4086403663","907947650","647210547","738409400","1","2,838","65","Custom Vorbis","32000 Hz","1","02-03s","CONVERTED"
"528","Batch_006","474078733.wem","B:\Thief2014_Dubbing\Extracted\th4_000_common_vo\th4_000_common_vo\english(us)\474078733.wem","B:\Thief2014_Dubbing\Work\VoiceAudition\Batch_006\0528_474078733.wav","1941845740","224680702","33653772","474078733","1","2,851","77","Custom Vorbis","32000 Hz","1","02-03s","CONVERTED"
"529","Batch_006","145243625.wem","B:\Thief2014_Dubbing\Extracted\th4_000_common_vo\th4_000_common_vo\english(us)\145243625.wem","B:\Thief2014_Dubbing\Work\VoiceAudition\Batch_006\0529_145243625.wav","2686703802","866994893","548337589","145243625","1","2,858","76","Custom Vorbis","32000 Hz","1","02-03s","CONVERTED"
"530","Batch_006","219180708.wem","B:\Thief2014_Dubbing\Extracted\th4_000_common_vo\th4_000_common_vo\english(us)\219180708.wem","B:\Thief2014_Dubbing\Work\VoiceAudition\Batch_006\0530_219180708.wav","2477547673","80120170","899810283","219180708","1","2,859","76","Custom Vorbis","32000 Hz","1","02-03s","CONVERTED"
"531","Batch_006","348670091.wem","B:\Thief2014_Dubbing\Extracted\th4_000_common_vo\th4_000_common_vo\english(us)\348670091.wem","B:\Thief2014_Dubbing\Work\VoiceAudition\Batch_006\0531_348670091.wav","409633238","476159388","577786982","348670091","1","2,859","72","Custom Vorbis","32000 Hz","1","02-03s","CONVERTED"
"532","Batch_006","225139994.wem","B:\Thief2014_Dubbing\Extracted\th4_000_common_vo\th4_000_common_vo\english(us)\225139994.wem","B:\Thief2014_Dubbing\Work\VoiceAudition\Batch_006\0532_225139994.wav","3963117095","540272422","58534220","225139994","1","2,885","63","Custom Vorbis","32000 Hz","1","02-03s","CONVERTED"
"533","Batch_006","290922556.wem","B:\Thief2014_Dubbing\Extracted\th4_000_common_vo\th4_000_common_vo\english(us)\290922556.wem","B:\Thief2014_Dubbing\Work\VoiceAudition\Batch_006\0533_290922556.wav","2614898379","838684050","435229911","290922556","1","2,89","73","Custom Vorbis","32000 Hz","1","02-03s","CONVERTED"
"534","Batch_006","186070293.wem","B:\Thief2014_Dubbing\Extracted\th4_000_common_vo\th4_000_common_vo\english(us)\186070293.wem","B:\Thief2014_Dubbing\Work\VoiceAudition\Batch_006\0534_186070293.wav","1944694042","1001942698","646841222","186070293","1","2,892","68","Custom Vorbis","32000 Hz","1","02-03s","CONVERTED"
"535","Batch_006","394444490.wem","B:\Thief2014_Dubbing\Extracted\th4_000_common_vo\th4_000_common_vo\english(us)\394444490.wem","B:\Thief2014_Dubbing\Work\VoiceAudition\Batch_006\0535_394444490.wav","4098146400","85174057","370695314","394444490","1","2,896","72","Custom Vorbis","32000 Hz","1","02-03s","CONVERTED"
"536","Batch_006","892193187.wem","B:\Thief2014_Dubbing\Extracted\th4_000_common_vo\th4_000_common_vo\english(us)\892193187.wem","B:\Thief2014_Dubbing\Work\VoiceAudition\Batch_006\0536_892193187.wav","4195663230","1047410545","950532402","892193187","1","2,901","79","Custom Vorbis","32000 Hz","1","02-03s","CONVERTED"
"537","Batch_006","621923253.wem","B:\Thief2014_Dubbing\Extracted\th4_000_common_vo\th4_000_common_vo\english(us)\621923253.wem","B:\Thief2014_Dubbing\Work\VoiceAudition\Batch_006\0537_621923253.wav","3743646576","80190433","204338224","621923253","1","2,905","68","Custom Vorbis","32000 Hz","1","02-03s","CONVERTED"
"538","Batch_006","640595667.wem","B:\Thief2014_Dubbing\Extracted\th4_000_common_vo\th4_000_common_vo\english(us)\640595667.wem","B:\Thief2014_Dubbing\Work\VoiceAudition\Batch_006\0538_640595667.wav","2279423190","145310568","817780129","640595667","1","2,907","69","Custom Vorbis","32000 Hz","1","02-03s","CONVERTED"
"539","Batch_006","734903317.wem","B:\Thief2014_Dubbing\Extracted\th4_000_common_vo\th4_000_common_vo\english(us)\734903317.wem","B:\Thief2014_Dubbing\Work\VoiceAudition\Batch_006\0539_734903317.wav","2407260110","765529188","656873678","734903317","1","2,91","68","Custom Vorbis","32000 Hz","1","02-03s","CONVERTED"
"540","Batch_006","115875410.wem","B:\Thief2014_Dubbing\Extracted\th4_000_common_vo\th4_000_common_vo\english(us)\115875410.wem","B:\Thief2014_Dubbing\Work\VoiceAudition\Batch_006\0540_115875410.wav","946331634","494268556","634330574","115875410","2","2,91","66","Custom Vorbis","32000 Hz","1","02-03s","CONVERTED"
"541","Batch_006","764618888.wem","B:\Thief2014_Dubbing\Extracted\th4_000_common_vo\th4_000_common_vo\english(us)\764618888.wem","B:\Thief2014_Dubbing\Work\VoiceAudition\Batch_006\0541_764618888.wav","2381447540","433396676","258452105","764618888","1","2,91","72","Custom Vorbis","32000 Hz","1","02-03s","CONVERTED"
"542","Batch_006","374071736.wem","B:\Thief2014_Dubbing\Extracted\th4_000_common_vo\th4_000_common_vo\english(us)\374071736.wem","B:\Thief2014_Dubbing\Work\VoiceAudition\Batch_006\0542_374071736.wav","705811338","59863403","931664761","374071736","1","2,915","70","Custom Vorbis","32000 Hz","1","02-03s","CONVERTED"
"543","Batch_006","858928381.wem","B:\Thief2014_Dubbing\Extracted\th4_000_common_vo\th4_000_common_vo\english(us)\858928381.wem","B:\Thief2014_Dubbing\Work\VoiceAudition\Batch_006\0543_858928381.wav","1373325719","368020843","260067330","858928381","1","2,916","68","Custom Vorbis","32000 Hz","1","02-03s","CONVERTED"
"544","Batch_006","210412192.wem","B:\Thief2014_Dubbing\Extracted\th4_000_common_vo\th4_000_common_vo\english(us)\210412192.wem","B:\Thief2014_Dubbing\Work\VoiceAudition\Batch_006\0544_210412192.wav","685778101","519645209","740559103","210412192","1","2,927","72","Custom Vorbis","32000 Hz","1","02-03s","CONVERTED"
"545","Batch_006","836859547.wem","B:\Thief2014_Dubbing\Extracted\th4_000_common_vo\th4_000_common_vo\english(us)\836859547.wem","B:\Thief2014_Dubbing\Work\VoiceAudition\Batch_006\0545_836859547.wav","430286511","328787007","968952862","836859547","2","2,936","69","Custom Vorbis","32000 Hz","1","02-03s","CONVERTED"
"546","Batch_006","346829381.wem","B:\Thief2014_Dubbing\Extracted\th4_000_common_vo\th4_000_common_vo\english(us)\346829381.wem","B:\Thief2014_Dubbing\Work\VoiceAudition\Batch_006\0546_346829381.wav","1149751009","1033274283","755064832","346829381","2","2,936","70","Custom Vorbis","32000 Hz","1","02-03s","CONVERTED"
"547","Batch_006","218049326.wem","B:\Thief2014_Dubbing\Extracted\th4_000_common_vo\th4_000_common_vo\english(us)\218049326.wem","B:\Thief2014_Dubbing\Work\VoiceAudition\Batch_006\0547_218049326.wav","1804652044","816258306","140126900","218049326","1","2,938","64","Custom Vorbis","32000 Hz","1","02-03s","CONVERTED"
"548","Batch_006","652307045.wem","B:\Thief2014_Dubbing\Extracted\th4_000_common_vo\th4_000_common_vo\english(us)\652307045.wem","B:\Thief2014_Dubbing\Work\VoiceAudition\Batch_006\0548_652307045.wav","3436101585","682831040","359396336","652307045","1","2,942","69","Custom Vorbis","32000 Hz","1","02-03s","CONVERTED"
"549","Batch_006","1024311381.wem","B:\Thief2014_Dubbing\Extracted\th4_000_common_vo\th4_000_common_vo\english(us)\1024311381.wem","B:\Thief2014_Dubbing\Work\VoiceAudition\Batch_006\0549_1024311381.wav","2084772278","404366928","797942932","1024311381","1","2,948","67","Custom Vorbis","32000 Hz","1","02-03s","CONVERTED"
"550","Batch_006","443826166.wem","B:\Thief2014_Dubbing\Extracted\th4_000_common_vo\th4_000_common_vo\english(us)\443826166.wem","B:\Thief2014_Dubbing\Work\VoiceAudition\Batch_006\0550_443826166.wav","1252065011","545133488","290187465","443826166","1","2,949","58","Custom Vorbis","32000 Hz","1","02-03s","CONVERTED"
"551","Batch_006","175393690.wem","B:\Thief2014_Dubbing\Extracted\th4_000_common_vo\th4_000_common_vo\english(us)\175393690.wem","B:\Thief2014_Dubbing\Work\VoiceAudition\Batch_006\0551_175393690.wav","1477902024","948709598","173918181","175393690","1","2,951","80","Custom Vorbis","32000 Hz","1","02-03s","CONVERTED"
"552","Batch_006","45850526.wem","B:\Thief2014_Dubbing\Extracted\th4_000_common_vo\th4_000_common_vo\english(us)\45850526.wem","B:\Thief2014_Dubbing\Work\VoiceAudition\Batch_006\0552_45850526.wav","1997170894","743394404","195301533","45850526","1","2,961","58","Custom Vorbis","32000 Hz","1","02-03s","CONVERTED"
"553","Batch_006","660666201.wem","B:\Thief2014_Dubbing\Extracted\th4_000_common_vo\th4_000_common_vo\english(us)\660666201.wem","B:\Thief2014_Dubbing\Work\VoiceAudition\Batch_006\0553_660666201.wav","2570146160","743827893","102529807","660666201","1","2,972","67","Custom Vorbis","32000 Hz","1","02-03s","CONVERTED"
"554","Batch_006","176239191.wem","B:\Thief2014_Dubbing\Extracted\th4_000_common_vo\th4_000_common_vo\english(us)\176239191.wem","B:\Thief2014_Dubbing\Work\VoiceAudition\Batch_006\0554_176239191.wav","976714314","892735653","322786594","176239191","1","2,981","77","Custom Vorbis","32000 Hz","1","02-03s","CONVERTED"
"555","Batch_006","302855129.wem","B:\Thief2014_Dubbing\Extracted\th4_000_common_vo\th4_000_common_vo\english(us)\302855129.wem","B:\Thief2014_Dubbing\Work\VoiceAudition\Batch_006\0555_302855129.wav","3298400320","970444226","56498920","302855129","1","2,987","71","Custom Vorbis","32000 Hz","1","02-03s","CONVERTED"
"556","Batch_006","141791397.wem","B:\Thief2014_Dubbing\Extracted\th4_000_common_vo\th4_000_common_vo\english(us)\141791397.wem","B:\Thief2014_Dubbing\Work\VoiceAudition\Batch_006\0556_141791397.wav","3189533682","59351733","1038669707","141791397","1","2,987","68","Custom Vorbis","32000 Hz","1","02-03s","CONVERTED"
"557","Batch_006","580642956.wem","B:\Thief2014_Dubbing\Extracted\th4_000_common_vo\th4_000_common_vo\english(us)\580642956.wem","B:\Thief2014_Dubbing\Work\VoiceAudition\Batch_006\0557_580642956.wav","235656402","838567321","192468081","580642956","1","2,988","69","Custom Vorbis","32000 Hz","1","02-03s","CONVERTED"
"558","Batch_006","305371706.wem","B:\Thief2014_Dubbing\Extracted\th4_000_common_vo\th4_000_common_vo\english(us)\305371706.wem","B:\Thief2014_Dubbing\Work\VoiceAudition\Batch_006\0558_305371706.wav","3132340375","433283396","321425575","305371706","2","2,991","62","Custom Vorbis","32000 Hz","1","02-03s","CONVERTED"
"559","Batch_006","150800374.wem","B:\Thief2014_Dubbing\Extracted\th4_000_common_vo\th4_000_common_vo\english(us)\150800374.wem","B:\Thief2014_Dubbing\Work\VoiceAudition\Batch_006\0559_150800374.wav","3960852780","860477649","630975810","150800374","1","2,992","73","Custom Vorbis","32000 Hz","1","02-03s","CONVERTED"
"560","Batch_006","431294283.wem","B:\Thief2014_Dubbing\Extracted\th4_000_common_vo\th4_000_common_vo\english(us)\431294283.wem","B:\Thief2014_Dubbing\Work\VoiceAudition\Batch_006\0560_431294283.wav","1994858263","680094740","1011153408","431294283","1","2,998","71","Custom Vorbis","32000 Hz","1","02-03s","CONVERTED"
"561","Batch_006","219721614.wem","B:\Thief2014_Dubbing\Extracted\th4_000_common_vo\th4_000_common_vo\english(us)\219721614.wem","B:\Thief2014_Dubbing\Work\VoiceAudition\Batch_006\0561_219721614.wav","828420738","40080207","2039034","219721614","1","3","59","Custom Vorbis","32000 Hz","1","03-05s","CONVERTED"
"562","Batch_006","452907922.wem","B:\Thief2014_Dubbing\Extracted\th4_000_common_vo\th4_000_common_vo\english(us)\452907922.wem","B:\Thief2014_Dubbing\Work\VoiceAudition\Batch_006\0562_452907922.wav","3979850812","514782099","607180145","452907922","1","3","60","Custom Vorbis","32000 Hz","1","03-05s","CONVERTED"
"563","Batch_006","296028953.wem","B:\Thief2014_Dubbing\Extracted\th4_000_common_vo\th4_000_common_vo\english(us)\296028953.wem","B:\Thief2014_Dubbing\Work\VoiceAudition\Batch_006\0563_296028953.wav","4072904601","695578070","194343234","296028953","1","3","58","Custom Vorbis","32000 Hz","1","03-05s","CONVERTED"
"564","Batch_006","581175625.wem","B:\Thief2014_Dubbing\Extracted\th4_000_common_vo\th4_000_common_vo\english(us)\581175625.wem","B:\Thief2014_Dubbing\Work\VoiceAudition\Batch_006\0564_581175625.wav","1780193859","769320702","157758026","581175625","1","3","62","Custom Vorbis","32000 Hz","1","03-05s","CONVERTED"
"565","Batch_006","367584962.wem","B:\Thief2014_Dubbing\Extracted\th4_000_common_vo\th4_000_common_vo\english(us)\367584962.wem","B:\Thief2014_Dubbing\Work\VoiceAudition\Batch_006\0565_367584962.wav","2254319328","126601414","7886798","367584962","1","3","61","Custom Vorbis","32000 Hz","1","03-05s","CONVERTED"
"566","Batch_006","359395123.wem","B:\Thief2014_Dubbing\Extracted\th4_000_common_vo\th4_000_common_vo\english(us)\359395123.wem","B:\Thief2014_Dubbing\Work\VoiceAudition\Batch_006\0566_359395123.wav","2522611136","715571477","335574237","359395123","1","3","60","Custom Vorbis","32000 Hz","1","03-05s","CONVERTED"
"567","Batch_006","187877902.wem","B:\Thief2014_Dubbing\Extracted\th4_000_common_vo\th4_000_common_vo\english(us)\187877902.wem","B:\Thief2014_Dubbing\Work\VoiceAudition\Batch_006\0567_187877902.wav","2020365498","240288780","469538621","187877902","1","3","61","Custom Vorbis","32000 Hz","1","03-05s","CONVERTED"
"568","Batch_006","1027092084.wem","B:\Thief2014_Dubbing\Extracted\th4_000_common_vo\th4_000_common_vo\english(us)\1027092084.wem","B:\Thief2014_Dubbing\Work\VoiceAudition\Batch_006\0568_1027092084.wav","499856114","362913125","872540562","1027092084","1","3,01","68","Custom Vorbis","32000 Hz","1","03-05s","CONVERTED"
"569","Batch_006","14026281.wem","B:\Thief2014_Dubbing\Extracted\th4_000_common_vo\th4_000_common_vo\english(us)\14026281.wem","B:\Thief2014_Dubbing\Work\VoiceAudition\Batch_006\0569_14026281.wav","3125062282","328893647","376404055","14026281","1","3,01","73","Custom Vorbis","32000 Hz","1","03-05s","CONVERTED"
"570","Batch_006","198261962.wem","B:\Thief2014_Dubbing\Extracted\th4_000_common_vo\th4_000_common_vo\english(us)\198261962.wem","B:\Thief2014_Dubbing\Work\VoiceAudition\Batch_006\0570_198261962.wav","1989624878","719753371","865832192","198261962","1","3,022","72","Custom Vorbis","32000 Hz","1","03-05s","CONVERTED"
"571","Batch_006","980652201.wem","B:\Thief2014_Dubbing\Extracted\th4_000_common_vo\th4_000_common_vo\english(us)\980652201.wem","B:\Thief2014_Dubbing\Work\VoiceAudition\Batch_006\0571_980652201.wav","96887312","728346743","709903674","980652201","1","3,023","66","Custom Vorbis","32000 Hz","1","03-05s","CONVERTED"
"572","Batch_006","286377453.wem","B:\Thief2014_Dubbing\Extracted\th4_000_common_vo\th4_000_common_vo\english(us)\286377453.wem","B:\Thief2014_Dubbing\Work\VoiceAudition\Batch_006\0572_286377453.wav","1236597399","559150887","879486849","286377453","1","3,026","67","Custom Vorbis","32000 Hz","1","03-05s","CONVERTED"
"573","Batch_006","876947983.wem","B:\Thief2014_Dubbing\Extracted\th4_000_common_vo\th4_000_common_vo\english(us)\876947983.wem","B:\Thief2014_Dubbing\Work\VoiceAudition\Batch_006\0573_876947983.wav","95586499","169232804","506509550","876947983","1","3,026","74","Custom Vorbis","32000 Hz","1","03-05s","CONVERTED"
"574","Batch_006","565565952.wem","B:\Thief2014_Dubbing\Extracted\th4_000_common_vo\th4_000_common_vo\english(us)\565565952.wem","B:\Thief2014_Dubbing\Work\VoiceAudition\Batch_006\0574_565565952.wav","3755601420","488345522","210575676","565565952","1","3,031","67","Custom Vorbis","32000 Hz","1","03-05s","CONVERTED"
"575","Batch_006","546302932.wem","B:\Thief2014_Dubbing\Extracted\th4_000_common_vo\th4_000_common_vo\english(us)\546302932.wem","B:\Thief2014_Dubbing\Work\VoiceAudition\Batch_006\0575_546302932.wav","1618754524","220215217","228743787","546302932","1","3,036","86","Custom Vorbis","32000 Hz","1","03-05s","CONVERTED"
"576","Batch_006","840654523.wem","B:\Thief2014_Dubbing\Extracted\th4_000_common_vo\th4_000_common_vo\english(us)\840654523.wem","B:\Thief2014_Dubbing\Work\VoiceAudition\Batch_006\0576_840654523.wav","3551984309","78192260","855550521","840654523","1","3,039","78","Custom Vorbis","32000 Hz","1","03-05s","CONVERTED"
"577","Batch_006","557983551.wem","B:\Thief2014_Dubbing\Extracted\th4_000_common_vo\th4_000_common_vo\english(us)\557983551.wem","B:\Thief2014_Dubbing\Work\VoiceAudition\Batch_006\0577_557983551.wav","2290542269","837960197","775939392","557983551","1","3,047","72","Custom Vorbis","32000 Hz","1","03-05s","CONVERTED"
"578","Batch_006","619345926.wem","B:\Thief2014_Dubbing\Extracted\th4_000_common_vo\th4_000_common_vo\english(us)\619345926.wem","B:\Thief2014_Dubbing\Work\VoiceAudition\Batch_006\0578_619345926.wav","3033998857","157565222","732424380","619345926","1","3,063","71","Custom Vorbis","32000 Hz","1","03-05s","CONVERTED"
"579","Batch_006","506775474.wem","B:\Thief2014_Dubbing\Extracted\th4_000_common_vo\th4_000_common_vo\english(us)\506775474.wem","B:\Thief2014_Dubbing\Work\VoiceAudition\Batch_006\0579_506775474.wav","1669087381","984175347","867965916","506775474","1","3,071","87","Custom Vorbis","32000 Hz","1","03-05s","CONVERTED"
"580","Batch_006","751285065.wem","B:\Thief2014_Dubbing\Extracted\th4_000_common_vo\th4_000_common_vo\english(us)\751285065.wem","B:\Thief2014_Dubbing\Work\VoiceAudition\Batch_006\0580_751285065.wav","3304925284","695950868","605209388","751285065","1","3,072","73","Custom Vorbis","32000 Hz","1","03-05s","CONVERTED"
"581","Batch_006","927341555.wem","B:\Thief2014_Dubbing\Extracted\th4_000_common_vo\th4_000_common_vo\english(us)\927341555.wem","B:\Thief2014_Dubbing\Work\VoiceAudition\Batch_006\0581_927341555.wav","819836569","552454079","437778220","927341555","1","3,072","67","Custom Vorbis","32000 Hz","1","03-05s","CONVERTED"
"582","Batch_006","481015795.wem","B:\Thief2014_Dubbing\Extracted\th4_000_common_vo\th4_000_common_vo\english(us)\481015795.wem","B:\Thief2014_Dubbing\Work\VoiceAudition\Batch_006\0582_481015795.wav","1998478979","836706796","125314462","481015795","1","3,072","69","Custom Vorbis","32000 Hz","1","03-05s","CONVERTED"
"583","Batch_006","110570427.wem","B:\Thief2014_Dubbing\Extracted\th4_000_common_vo\th4_000_common_vo\english(us)\110570427.wem","B:\Thief2014_Dubbing\Work\VoiceAudition\Batch_006\0583_110570427.wav","1940083306","1004506336","599985710","110570427","1","3,077","84","Custom Vorbis","32000 Hz","1","03-05s","CONVERTED"
"584","Batch_006","785139564.wem","B:\Thief2014_Dubbing\Extracted\th4_000_common_vo\th4_000_common_vo\english(us)\785139564.wem","B:\Thief2014_Dubbing\Work\VoiceAudition\Batch_006\0584_785139564.wav","3861856991","741328294","400992865","785139564","1","3,079","68","Custom Vorbis","32000 Hz","1","03-05s","CONVERTED"
"585","Batch_006","720617396.wem","B:\Thief2014_Dubbing\Extracted\th4_000_common_vo\th4_000_common_vo\english(us)\720617396.wem","B:\Thief2014_Dubbing\Work\VoiceAudition\Batch_006\0585_720617396.wav","877273515","881512523","457191611","720617396","1","3,08","71","Custom Vorbis","32000 Hz","1","03-05s","CONVERTED"
"586","Batch_006","578164637.wem","B:\Thief2014_Dubbing\Extracted\th4_000_common_vo\th4_000_common_vo\english(us)\578164637.wem","B:\Thief2014_Dubbing\Work\VoiceAudition\Batch_006\0586_578164637.wav","2869907640","756613668","877746291","578164637","1","3,083","76","Custom Vorbis","32000 Hz","1","03-05s","CONVERTED"
"587","Batch_006","753289531.wem","B:\Thief2014_Dubbing\Extracted\th4_000_common_vo\th4_000_common_vo\english(us)\753289531.wem","B:\Thief2014_Dubbing\Work\VoiceAudition\Batch_006\0587_753289531.wav","1643479121","726696648","102423799","753289531","1","3,086","74","Custom Vorbis","32000 Hz","1","03-05s","CONVERTED"
"588","Batch_006","910243833.wem","B:\Thief2014_Dubbing\Extracted\th4_000_common_vo\th4_000_common_vo\english(us)\910243833.wem","B:\Thief2014_Dubbing\Work\VoiceAudition\Batch_006\0588_910243833.wav","1207874832","317894615","228056663","910243833","1","3,088","73","Custom Vorbis","32000 Hz","1","03-05s","CONVERTED"
"589","Batch_006","299312186.wem","B:\Thief2014_Dubbing\Extracted\th4_000_common_vo\th4_000_common_vo\english(us)\299312186.wem","B:\Thief2014_Dubbing\Work\VoiceAudition\Batch_006\0589_299312186.wav","2350668639","662486511","199791706","299312186","1","3,097","72","Custom Vorbis","32000 Hz","1","03-05s","CONVERTED"
"590","Batch_006","104766979.wem","B:\Thief2014_Dubbing\Extracted\th4_000_common_vo\th4_000_common_vo\english(us)\104766979.wem","B:\Thief2014_Dubbing\Work\VoiceAudition\Batch_006\0590_104766979.wav","3474264746","636039829","706861923","104766979","1","3,104","69","Custom Vorbis","32000 Hz","1","03-05s","CONVERTED"
"591","Batch_006","377506577.wem","B:\Thief2014_Dubbing\Extracted\th4_000_common_vo\th4_000_common_vo\english(us)\377506577.wem","B:\Thief2014_Dubbing\Work\VoiceAudition\Batch_006\0591_377506577.wav","288511697","512651552","531855588","377506577","1","3,107","68","Custom Vorbis","32000 Hz","1","03-05s","CONVERTED"
"592","Batch_006","147824665.wem","B:\Thief2014_Dubbing\Extracted\th4_000_common_vo\th4_000_common_vo\english(us)\147824665.wem","B:\Thief2014_Dubbing\Work\VoiceAudition\Batch_006\0592_147824665.wav","3249961414","317431926","846913607","147824665","1","3,125","59","Custom Vorbis","32000 Hz","1","03-05s","CONVERTED"
"593","Batch_006","222265191.wem","B:\Thief2014_Dubbing\Extracted\th4_000_common_vo\th4_000_common_vo\english(us)\222265191.wem","B:\Thief2014_Dubbing\Work\VoiceAudition\Batch_006\0593_222265191.wav","3178332247","485498324","602191726","222265191","1","3,136","72","Custom Vorbis","32000 Hz","1","03-05s","CONVERTED"
"594","Batch_006","212177027.wem","B:\Thief2014_Dubbing\Extracted\th4_000_common_vo\th4_000_common_vo\english(us)\212177027.wem","B:\Thief2014_Dubbing\Work\VoiceAudition\Batch_006\0594_212177027.wav","3956623046","142288905","937387014","212177027","1","3,137","95","Custom Vorbis","32000 Hz","1","03-05s","CONVERTED"
"595","Batch_006","994924645.wem","B:\Thief2014_Dubbing\Extracted\th4_000_common_vo\th4_000_common_vo\english(us)\994924645.wem","B:\Thief2014_Dubbing\Work\VoiceAudition\Batch_006\0595_994924645.wav","2788594733","145436850","912008692","994924645","1","3,142","83","Custom Vorbis","32000 Hz","1","03-05s","CONVERTED"
"596","Batch_006","813163035.wem","B:\Thief2014_Dubbing\Extracted\th4_000_common_vo\th4_000_common_vo\english(us)\813163035.wem","B:\Thief2014_Dubbing\Work\VoiceAudition\Batch_006\0596_813163035.wav","2045784277","197798596","479798742","813163035","1","3,145","70","Custom Vorbis","32000 Hz","1","03-05s","CONVERTED"
"597","Batch_006","929772598.wem","B:\Thief2014_Dubbing\Extracted\th4_000_common_vo\th4_000_common_vo\english(us)\929772598.wem","B:\Thief2014_Dubbing\Work\VoiceAudition\Batch_006\0597_929772598.wav","2909398110","1015695160","834911872","929772598","1","3,145","72","Custom Vorbis","32000 Hz","1","03-05s","CONVERTED"
"598","Batch_006","223275476.wem","B:\Thief2014_Dubbing\Extracted\th4_000_common_vo\th4_000_common_vo\english(us)\223275476.wem","B:\Thief2014_Dubbing\Work\VoiceAudition\Batch_006\0598_223275476.wav","2627370257","824668894","344839582","223275476","1","3,153","67","Custom Vorbis","32000 Hz","1","03-05s","CONVERTED"
"599","Batch_006","638460096.wem","B:\Thief2014_Dubbing\Extracted\th4_000_common_vo\th4_000_common_vo\english(us)\638460096.wem","B:\Thief2014_Dubbing\Work\VoiceAudition\Batch_006\0599_638460096.wav","2231120800","974264761","1073725359","638460096","1","3,163","57","Custom Vorbis","32000 Hz","1","03-05s","CONVERTED"
"600","Batch_006","116769263.wem","B:\Thief2014_Dubbing\Extracted\th4_000_common_vo\th4_000_common_vo\english(us)\116769263.wem","B:\Thief2014_Dubbing\Work\VoiceAudition\Batch_006\0600_116769263.wav","3105144685","552411348","322554093","116769263","1","3,201","71","Custom Vorbis","32000 Hz","1","03-05s","CONVERTED"
"601","Batch_007","272522425.wem","B:\Thief2014_Dubbing\Extracted\th4_000_common_vo\th4_000_common_vo\english(us)\272522425.wem","B:\Thief2014_Dubbing\Work\VoiceAudition\Batch_007\0601_272522425.wav","1125519507","601154151","604785067","272522425","2","3,203","72","Custom Vorbis","32000 Hz","1","03-05s","CONVERTED"
"602","Batch_007","754082385.wem","B:\Thief2014_Dubbing\Extracted\th4_000_common_vo\th4_000_common_vo\english(us)\754082385.wem","B:\Thief2014_Dubbing\Work\VoiceAudition\Batch_007\0602_754082385.wav","136739787","504164402","1033692510","754082385","1","3,206","69","Custom Vorbis","32000 Hz","1","03-05s","CONVERTED"
"603","Batch_007","1001401885.wem","B:\Thief2014_Dubbing\Extracted\th4_000_common_vo\th4_000_common_vo\english(us)\1001401885.wem","B:\Thief2014_Dubbing\Work\VoiceAudition\Batch_007\0603_1001401885.wav","439133687","807301284","751659437","1001401885","1","3,22","74","Custom Vorbis","32000 Hz","1","03-05s","CONVERTED"
"604","Batch_007","231591266.wem","B:\Thief2014_Dubbing\Extracted\th4_000_common_vo\th4_000_common_vo\english(us)\231591266.wem","B:\Thief2014_Dubbing\Work\VoiceAudition\Batch_007\0604_231591266.wav","659623749","427696188","734488198","231591266","1","3,221","58","Custom Vorbis","32000 Hz","1","03-05s","CONVERTED"
"605","Batch_007","183169828.wem","B:\Thief2014_Dubbing\Extracted\th4_000_common_vo\th4_000_common_vo\english(us)\183169828.wem","B:\Thief2014_Dubbing\Work\VoiceAudition\Batch_007\0605_183169828.wav","3053274528","397028150","981927778","183169828","1","3,237","70","Custom Vorbis","32000 Hz","1","03-05s","CONVERTED"
"606","Batch_007","962377788.wem","B:\Thief2014_Dubbing\Extracted\th4_000_common_vo\th4_000_common_vo\english(us)\962377788.wem","B:\Thief2014_Dubbing\Work\VoiceAudition\Batch_007\0606_962377788.wav","322192348","831867244","870323883","962377788","1","3,244","73","Custom Vorbis","32000 Hz","1","03-05s","CONVERTED"
"607","Batch_007","157528075.wem","B:\Thief2014_Dubbing\Extracted\th4_000_common_vo\th4_000_common_vo\english(us)\157528075.wem","B:\Thief2014_Dubbing\Work\VoiceAudition\Batch_007\0607_157528075.wav","3079820893","404774770","804684178","157528075","1","3,246","87","Custom Vorbis","32000 Hz","1","03-05s","CONVERTED"
"608","Batch_007","637882652.wem","B:\Thief2014_Dubbing\Extracted\th4_000_common_vo\th4_000_common_vo\english(us)\637882652.wem","B:\Thief2014_Dubbing\Work\VoiceAudition\Batch_007\0608_637882652.wav","514833756","264084814","361914675","637882652","1","3,248","76","Custom Vorbis","32000 Hz","1","03-05s","CONVERTED"
"609","Batch_007","508384238.wem","B:\Thief2014_Dubbing\Extracted\th4_000_common_vo\th4_000_common_vo\english(us)\508384238.wem","B:\Thief2014_Dubbing\Work\VoiceAudition\Batch_007\0609_508384238.wav","365444518","191122809","726780359","508384238","2","3,261","58","Custom Vorbis","32000 Hz","1","03-05s","CONVERTED"
"610","Batch_007","1059961648.wem","B:\Thief2014_Dubbing\Extracted\th4_000_common_vo\th4_000_common_vo\english(us)\1059961648.wem","B:\Thief2014_Dubbing\Work\VoiceAudition\Batch_007\0610_1059961648.wav","143839951","967150815","204055352","1059961648","1","3,27","69","Custom Vorbis","32000 Hz","1","03-05s","CONVERTED"
"611","Batch_007","871360798.wem","B:\Thief2014_Dubbing\Extracted\th4_000_common_vo\th4_000_common_vo\english(us)\871360798.wem","B:\Thief2014_Dubbing\Work\VoiceAudition\Batch_007\0611_871360798.wav","430148789","515707525","1042257467","871360798","1","3,285","69","Custom Vorbis","32000 Hz","1","03-05s","CONVERTED"
"612","Batch_007","522342351.wem","B:\Thief2014_Dubbing\Extracted\th4_000_common_vo\th4_000_common_vo\english(us)\522342351.wem","B:\Thief2014_Dubbing\Work\VoiceAudition\Batch_007\0612_522342351.wav","2357947842","247972298","884086011","522342351","1","3,297","70","Custom Vorbis","32000 Hz","1","03-05s","CONVERTED"
"613","Batch_007","649348424.wem","B:\Thief2014_Dubbing\Extracted\th4_000_common_vo\th4_000_common_vo\english(us)\649348424.wem","B:\Thief2014_Dubbing\Work\VoiceAudition\Batch_007\0613_649348424.wav","3807777601","242859032","299714851","649348424","1","3,299","70","Custom Vorbis","32000 Hz","1","03-05s","CONVERTED"
"614","Batch_007","934459535.wem","B:\Thief2014_Dubbing\Extracted\th4_000_common_vo\th4_000_common_vo\english(us)\934459535.wem","B:\Thief2014_Dubbing\Work\VoiceAudition\Batch_007\0614_934459535.wav","469420281","773359881","556568230","934459535","1","3,3","61","Custom Vorbis","32000 Hz","1","03-05s","CONVERTED"
"615","Batch_007","914212892.wem","B:\Thief2014_Dubbing\Extracted\th4_000_common_vo\th4_000_common_vo\english(us)\914212892.wem","B:\Thief2014_Dubbing\Work\VoiceAudition\Batch_007\0615_914212892.wav","3041643348","708210324","949241249","914212892","1","3,302","67","Custom Vorbis","32000 Hz","1","03-05s","CONVERTED"
"616","Batch_007","730596321.wem","B:\Thief2014_Dubbing\Extracted\th4_000_common_vo\th4_000_common_vo\english(us)\730596321.wem","B:\Thief2014_Dubbing\Work\VoiceAudition\Batch_007\0616_730596321.wav","2953782666","824648558","345970100","730596321","1","3,316","71","Custom Vorbis","32000 Hz","1","03-05s","CONVERTED"
"617","Batch_007","809202668.wem","B:\Thief2014_Dubbing\Extracted\th4_000_common_vo\th4_000_common_vo\english(us)\809202668.wem","B:\Thief2014_Dubbing\Work\VoiceAudition\Batch_007\0617_809202668.wav","2541491532","310537009","202923190","809202668","1","3,316","66","Custom Vorbis","32000 Hz","1","03-05s","CONVERTED"
"618","Batch_007","937859725.wem","B:\Thief2014_Dubbing\Extracted\th4_000_common_vo\th4_000_common_vo\english(us)\937859725.wem","B:\Thief2014_Dubbing\Work\VoiceAudition\Batch_007\0618_937859725.wav","2517422018","758071889","47293031","937859725","1","3,325","69","Custom Vorbis","32000 Hz","1","03-05s","CONVERTED"
"619","Batch_007","947703177.wem","B:\Thief2014_Dubbing\Extracted\th4_000_common_vo\th4_000_common_vo\english(us)\947703177.wem","B:\Thief2014_Dubbing\Work\VoiceAudition\Batch_007\0619_947703177.wav","3889328532","418038040","273972783","947703177","1","3,327","69","Custom Vorbis","32000 Hz","1","03-05s","CONVERTED"
"620","Batch_007","713057920.wem","B:\Thief2014_Dubbing\Extracted\th4_000_common_vo\th4_000_common_vo\english(us)\713057920.wem","B:\Thief2014_Dubbing\Work\VoiceAudition\Batch_007\0620_713057920.wav","3291525357","836315365","334086011","713057920","2","3,343","61","Custom Vorbis","32000 Hz","1","03-05s","CONVERTED"
"621","Batch_007","439818420.wem","B:\Thief2014_Dubbing\Extracted\th4_000_common_vo\th4_000_common_vo\english(us)\439818420.wem","B:\Thief2014_Dubbing\Work\VoiceAudition\Batch_007\0621_439818420.wav","974394456","675431224","228287153","439818420","1","3,346","67","Custom Vorbis","32000 Hz","1","03-05s","CONVERTED"
"622","Batch_007","131593931.wem","B:\Thief2014_Dubbing\Extracted\th4_000_common_vo\th4_000_common_vo\english(us)\131593931.wem","B:\Thief2014_Dubbing\Work\VoiceAudition\Batch_007\0622_131593931.wav","1938329411","567450022","758146636","131593931","1","3,357","79","Custom Vorbis","32000 Hz","1","03-05s","CONVERTED"
"623","Batch_007","357489160.wem","B:\Thief2014_Dubbing\Extracted\th4_000_common_vo\th4_000_common_vo\english(us)\357489160.wem","B:\Thief2014_Dubbing\Work\VoiceAudition\Batch_007\0623_357489160.wav","1497286621","128065732","1042806552","357489160","1","3,359","71","Custom Vorbis","32000 Hz","1","03-05s","CONVERTED"
"624","Batch_007","609442118.wem","B:\Thief2014_Dubbing\Extracted\th4_000_common_vo\th4_000_common_vo\english(us)\609442118.wem","B:\Thief2014_Dubbing\Work\VoiceAudition\Batch_007\0624_609442118.wav","621626967","470033827","583130529","609442118","1","3,363","67","Custom Vorbis","32000 Hz","1","03-05s","CONVERTED"
"625","Batch_007","262509221.wem","B:\Thief2014_Dubbing\Extracted\th4_000_common_vo\th4_000_common_vo\english(us)\262509221.wem","B:\Thief2014_Dubbing\Work\VoiceAudition\Batch_007\0625_262509221.wav","722932579","46833015","484374052","262509221","1","3,363","64","Custom Vorbis","32000 Hz","1","03-05s","CONVERTED"
"626","Batch_007","499650297.wem","B:\Thief2014_Dubbing\Extracted\th4_000_common_vo\th4_000_common_vo\english(us)\499650297.wem","B:\Thief2014_Dubbing\Work\VoiceAudition\Batch_007\0626_499650297.wav","1503649457","98354924","650450056","499650297","1","3,364","63","Custom Vorbis","32000 Hz","1","03-05s","CONVERTED"
"627","Batch_007","724109307.wem","B:\Thief2014_Dubbing\Extracted\th4_000_common_vo\th4_000_common_vo\english(us)\724109307.wem","B:\Thief2014_Dubbing\Work\VoiceAudition\Batch_007\0627_724109307.wav","2978642124","30662481","705785050","724109307","1","3,371","70","Custom Vorbis","32000 Hz","1","03-05s","CONVERTED"
"628","Batch_007","492451819.wem","B:\Thief2014_Dubbing\Extracted\th4_000_common_vo\th4_000_common_vo\english(us)\492451819.wem","B:\Thief2014_Dubbing\Work\VoiceAudition\Batch_007\0628_492451819.wav","2281971384","948641052","985621077","492451819","1","3,371","67","Custom Vorbis","32000 Hz","1","03-05s","CONVERTED"
"629","Batch_007","786785770.wem","B:\Thief2014_Dubbing\Extracted\th4_000_common_vo\th4_000_common_vo\english(us)\786785770.wem","B:\Thief2014_Dubbing\Work\VoiceAudition\Batch_007\0629_786785770.wav","2031079174","1047086543","1066162635","786785770","1","3,371","69","Custom Vorbis","32000 Hz","1","03-05s","CONVERTED"
"630","Batch_007","803570338.wem","B:\Thief2014_Dubbing\Extracted\th4_000_common_vo\th4_000_common_vo\english(us)\803570338.wem","B:\Thief2014_Dubbing\Work\VoiceAudition\Batch_007\0630_803570338.wav","127341612","144477204","461646817","803570338","1","3,376","66","Custom Vorbis","32000 Hz","1","03-05s","CONVERTED"
"631","Batch_007","996950021.wem","B:\Thief2014_Dubbing\Extracted\th4_000_common_vo\th4_000_common_vo\english(us)\996950021.wem","B:\Thief2014_Dubbing\Work\VoiceAudition\Batch_007\0631_996950021.wav","1940251724","275874313","36377255","996950021","1","3,383","69","Custom Vorbis","32000 Hz","1","03-05s","CONVERTED"
"632","Batch_007","843034458.wem","B:\Thief2014_Dubbing\Extracted\th4_000_common_vo\th4_000_common_vo\english(us)\843034458.wem","B:\Thief2014_Dubbing\Work\VoiceAudition\Batch_007\0632_843034458.wav","917395916","176807702","166230512","843034458","1","3,387","66","Custom Vorbis","32000 Hz","1","03-05s","CONVERTED"
"633","Batch_007","808784971.wem","B:\Thief2014_Dubbing\Extracted\th4_000_common_vo\th4_000_common_vo\english(us)\808784971.wem","B:\Thief2014_Dubbing\Work\VoiceAudition\Batch_007\0633_808784971.wav","2372161051","912930695","328787228","808784971","1","3,388","57","Custom Vorbis","32000 Hz","1","03-05s","CONVERTED"
"634","Batch_007","291791478.wem","B:\Thief2014_Dubbing\Extracted\th4_000_common_vo\th4_000_common_vo\english(us)\291791478.wem","B:\Thief2014_Dubbing\Work\VoiceAudition\Batch_007\0634_291791478.wav","3728268265","828963377","856388464","291791478","1","3,39","69","Custom Vorbis","32000 Hz","1","03-05s","CONVERTED"
"635","Batch_007","598109044.wem","B:\Thief2014_Dubbing\Extracted\th4_000_common_vo\th4_000_common_vo\english(us)\598109044.wem","B:\Thief2014_Dubbing\Work\VoiceAudition\Batch_007\0635_598109044.wav","3850325852","663376194","963372051","598109044","1","3,392","60","Custom Vorbis","32000 Hz","1","03-05s","CONVERTED"
"636","Batch_007","705917216.wem","B:\Thief2014_Dubbing\Extracted\th4_000_common_vo\th4_000_common_vo\english(us)\705917216.wem","B:\Thief2014_Dubbing\Work\VoiceAudition\Batch_007\0636_705917216.wav","2192477699","974974992","215032603","705917216","1","3,393","69","Custom Vorbis","32000 Hz","1","03-05s","CONVERTED"
"637","Batch_007","1026098211.wem","B:\Thief2014_Dubbing\Extracted\th4_000_common_vo\th4_000_common_vo\english(us)\1026098211.wem","B:\Thief2014_Dubbing\Work\VoiceAudition\Batch_007\0637_1026098211.wav","1714209092","645973793","166959151","1026098211","1","3,403","68","Custom Vorbis","32000 Hz","1","03-05s","CONVERTED"
"638","Batch_007","481223653.wem","B:\Thief2014_Dubbing\Extracted\th4_000_common_vo\th4_000_common_vo\english(us)\481223653.wem","B:\Thief2014_Dubbing\Work\VoiceAudition\Batch_007\0638_481223653.wav","1433688653","44802052","236350761","481223653","1","3,413","67","Custom Vorbis","32000 Hz","1","03-05s","CONVERTED"
"639","Batch_007","134051271.wem","B:\Thief2014_Dubbing\Extracted\th4_000_common_vo\th4_000_common_vo\english(us)\134051271.wem","B:\Thief2014_Dubbing\Work\VoiceAudition\Batch_007\0639_134051271.wav","3723090864","198739567","597396105","134051271","1","3,425","68","Custom Vorbis","32000 Hz","1","03-05s","CONVERTED"
"640","Batch_007","162031974.wem","B:\Thief2014_Dubbing\Extracted\th4_000_common_vo\th4_000_common_vo\english(us)\162031974.wem","B:\Thief2014_Dubbing\Work\VoiceAudition\Batch_007\0640_162031974.wav","82386634","277069325","594313523","162031974","1","3,434","68","Custom Vorbis","32000 Hz","1","03-05s","CONVERTED"
"641","Batch_007","21967293.wem","B:\Thief2014_Dubbing\Extracted\th4_000_common_vo\th4_000_common_vo\english(us)\21967293.wem","B:\Thief2014_Dubbing\Work\VoiceAudition\Batch_007\0641_21967293.wav","1998947918","907058655","670825254","21967293","1","3,435","81","Custom Vorbis","32000 Hz","1","03-05s","CONVERTED"
"642","Batch_007","483044510.wem","B:\Thief2014_Dubbing\Extracted\th4_000_common_vo\th4_000_common_vo\english(us)\483044510.wem","B:\Thief2014_Dubbing\Work\VoiceAudition\Batch_007\0642_483044510.wav","2684472406","982703692","63874210","483044510","1","3,438","71","Custom Vorbis","32000 Hz","1","03-05s","CONVERTED"
"643","Batch_007","470716356.wem","B:\Thief2014_Dubbing\Extracted\th4_000_common_vo\th4_000_common_vo\english(us)\470716356.wem","B:\Thief2014_Dubbing\Work\VoiceAudition\Batch_007\0643_470716356.wav","2661400488","660685501","629940060","470716356","1","3,439","58","Custom Vorbis","32000 Hz","1","03-05s","CONVERTED"
"644","Batch_007","452233968.wem","B:\Thief2014_Dubbing\Extracted\th4_000_common_vo\th4_000_common_vo\english(us)\452233968.wem","B:\Thief2014_Dubbing\Work\VoiceAudition\Batch_007\0644_452233968.wav","638557300","87355320","455134188","452233968","1","3,445","73","Custom Vorbis","32000 Hz","1","03-05s","CONVERTED"
"645","Batch_007","365060074.wem","B:\Thief2014_Dubbing\Extracted\th4_000_common_vo\th4_000_common_vo\english(us)\365060074.wem","B:\Thief2014_Dubbing\Work\VoiceAudition\Batch_007\0645_365060074.wav","4096176545","804329181","437292393","365060074","1","3,446","73","Custom Vorbis","32000 Hz","1","03-05s","CONVERTED"
"646","Batch_007","167560200.wem","B:\Thief2014_Dubbing\Extracted\th4_000_common_vo\th4_000_common_vo\english(us)\167560200.wem","B:\Thief2014_Dubbing\Work\VoiceAudition\Batch_007\0646_167560200.wav","3242356929","94611735","786932822","167560200","1","3,449","65","Custom Vorbis","32000 Hz","1","03-05s","CONVERTED"
"647","Batch_007","708939688.wem","B:\Thief2014_Dubbing\Extracted\th4_000_common_vo\th4_000_common_vo\english(us)\708939688.wem","B:\Thief2014_Dubbing\Work\VoiceAudition\Batch_007\0647_708939688.wav","3145078346","505655258","831057410","708939688","1","3,455","71","Custom Vorbis","32000 Hz","1","03-05s","CONVERTED"
"648","Batch_007","181324910.wem","B:\Thief2014_Dubbing\Extracted\th4_000_common_vo\th4_000_common_vo\english(us)\181324910.wem","B:\Thief2014_Dubbing\Work\VoiceAudition\Batch_007\0648_181324910.wav","169273295","346206699","432798228","181324910","1","3,463","69","Custom Vorbis","32000 Hz","1","03-05s","CONVERTED"
"649","Batch_007","204876013.wem","B:\Thief2014_Dubbing\Extracted\th4_000_common_vo\th4_000_common_vo\english(us)\204876013.wem","B:\Thief2014_Dubbing\Work\VoiceAudition\Batch_007\0649_204876013.wav","4099172628","882675558","877269556","204876013","1","3,465","69","Custom Vorbis","32000 Hz","1","03-05s","CONVERTED"
"650","Batch_007","148095223.wem","B:\Thief2014_Dubbing\Extracted\th4_000_common_vo\th4_000_common_vo\english(us)\148095223.wem","B:\Thief2014_Dubbing\Work\VoiceAudition\Batch_007\0650_148095223.wav","3628366633","550507698","92514553","148095223","1","3,48","63","Custom Vorbis","32000 Hz","1","03-05s","CONVERTED"
"651","Batch_007","545688649.wem","B:\Thief2014_Dubbing\Extracted\th4_000_common_vo\th4_000_common_vo\english(us)\545688649.wem","B:\Thief2014_Dubbing\Work\VoiceAudition\Batch_007\0651_545688649.wav","183070853","954755627","350874972","545688649","1","3,501","71","Custom Vorbis","32000 Hz","1","03-05s","CONVERTED"
"652","Batch_007","664929149.wem","B:\Thief2014_Dubbing\Extracted\th4_000_common_vo\th4_000_common_vo\english(us)\664929149.wem","B:\Thief2014_Dubbing\Work\VoiceAudition\Batch_007\0652_664929149.wav","443344513","814270652","860883835","664929149","1","3,503","59","Custom Vorbis","32000 Hz","1","03-05s","CONVERTED"
"653","Batch_007","287207942.wem","B:\Thief2014_Dubbing\Extracted\th4_000_common_vo\th4_000_common_vo\english(us)\287207942.wem","B:\Thief2014_Dubbing\Work\VoiceAudition\Batch_007\0653_287207942.wav","2732940784","555081241","786517469","287207942","1","3,508","72","Custom Vorbis","32000 Hz","1","03-05s","CONVERTED"
"654","Batch_007","162811341.wem","B:\Thief2014_Dubbing\Extracted\th4_000_common_vo\th4_000_common_vo\english(us)\162811341.wem","B:\Thief2014_Dubbing\Work\VoiceAudition\Batch_007\0654_162811341.wav","992571404","580202707","18983951","162811341","1","3,514","75","Custom Vorbis","32000 Hz","1","03-05s","CONVERTED"
"655","Batch_007","894548271.wem","B:\Thief2014_Dubbing\Extracted\th4_000_common_vo\th4_000_common_vo\english(us)\894548271.wem","B:\Thief2014_Dubbing\Work\VoiceAudition\Batch_007\0655_894548271.wav","1352144180","704120089","669372916","894548271","1","3,515","64","Custom Vorbis","32000 Hz","1","03-05s","CONVERTED"
"656","Batch_007","196991802.wem","B:\Thief2014_Dubbing\Extracted\th4_000_common_vo\th4_000_common_vo\english(us)\196991802.wem","B:\Thief2014_Dubbing\Work\VoiceAudition\Batch_007\0656_196991802.wav","2422494377","66453600","188247809","196991802","1","3,517","68","Custom Vorbis","32000 Hz","1","03-05s","CONVERTED"
"657","Batch_007","295197945.wem","B:\Thief2014_Dubbing\Extracted\th4_000_common_vo\th4_000_common_vo\english(us)\295197945.wem","B:\Thief2014_Dubbing\Work\VoiceAudition\Batch_007\0657_295197945.wav","1976077404","15861634","691603999","295197945","2","3,519","55","Custom Vorbis","32000 Hz","1","03-05s","CONVERTED"
"658","Batch_007","990263916.wem","B:\Thief2014_Dubbing\Extracted\th4_000_common_vo\th4_000_common_vo\english(us)\990263916.wem","B:\Thief2014_Dubbing\Work\VoiceAudition\Batch_007\0658_990263916.wav","2698788672","324837614","926509475","990263916","1","3,525","71","Custom Vorbis","32000 Hz","1","03-05s","CONVERTED"
"659","Batch_007","530181021.wem","B:\Thief2014_Dubbing\Extracted\th4_000_common_vo\th4_000_common_vo\english(us)\530181021.wem","B:\Thief2014_Dubbing\Work\VoiceAudition\Batch_007\0659_530181021.wav","3847058768","890950815","849567082","530181021","1","3,533","58","Custom Vorbis","32000 Hz","1","03-05s","CONVERTED"
"660","Batch_007","496330691.wem","B:\Thief2014_Dubbing\Extracted\th4_000_common_vo\th4_000_common_vo\english(us)\496330691.wem","B:\Thief2014_Dubbing\Work\VoiceAudition\Batch_007\0660_496330691.wav","3325265034","293778651","811602040","496330691","1","3,534","59","Custom Vorbis","32000 Hz","1","03-05s","CONVERTED"
"661","Batch_007","336643644.wem","B:\Thief2014_Dubbing\Extracted\th4_000_common_vo\th4_000_common_vo\english(us)\336643644.wem","B:\Thief2014_Dubbing\Work\VoiceAudition\Batch_007\0661_336643644.wav","4188982040","757895466","535882845","336643644","1","3,538","75","Custom Vorbis","32000 Hz","1","03-05s","CONVERTED"
"662","Batch_007","282305378.wem","B:\Thief2014_Dubbing\Extracted\th4_000_common_vo\th4_000_common_vo\english(us)\282305378.wem","B:\Thief2014_Dubbing\Work\VoiceAudition\Batch_007\0662_282305378.wav","3962173152","141993388","219769053","282305378","1","3,542","70","Custom Vorbis","32000 Hz","1","03-05s","CONVERTED"
"663","Batch_007","127735755.wem","B:\Thief2014_Dubbing\Extracted\th4_000_common_vo\th4_000_common_vo\english(us)\127735755.wem","B:\Thief2014_Dubbing\Work\VoiceAudition\Batch_007\0663_127735755.wav","2465047953","544599743","380690990","127735755","1","3,544","65","Custom Vorbis","32000 Hz","1","03-05s","CONVERTED"
"664","Batch_007","820023170.wem","B:\Thief2014_Dubbing\Extracted\th4_000_common_vo\th4_000_common_vo\english(us)\820023170.wem","B:\Thief2014_Dubbing\Work\VoiceAudition\Batch_007\0664_820023170.wav","139847862","339863669","484649340","820023170","1","3,548","64","Custom Vorbis","32000 Hz","1","03-05s","CONVERTED"
"665","Batch_007","854370586.wem","B:\Thief2014_Dubbing\Extracted\th4_000_common_vo\th4_000_common_vo\english(us)\854370586.wem","B:\Thief2014_Dubbing\Work\VoiceAudition\Batch_007\0665_854370586.wav","2661574759","955378424","531718375","854370586","1","3,553","67","Custom Vorbis","32000 Hz","1","03-05s","CONVERTED"
"666","Batch_007","338807096.wem","B:\Thief2014_Dubbing\Extracted\th4_000_common_vo\th4_000_common_vo\english(us)\338807096.wem","B:\Thief2014_Dubbing\Work\VoiceAudition\Batch_007\0666_338807096.wav","536891249","182088830","390275823","338807096","1","3,555","68","Custom Vorbis","32000 Hz","1","03-05s","CONVERTED"
"667","Batch_007","170803105.wem","B:\Thief2014_Dubbing\Extracted\th4_000_common_vo\th4_000_common_vo\english(us)\170803105.wem","B:\Thief2014_Dubbing\Work\VoiceAudition\Batch_007\0667_170803105.wav","1802874610","764500767","374593863","170803105","1","3,555","69","Custom Vorbis","32000 Hz","1","03-05s","CONVERTED"
"668","Batch_007","166581581.wem","B:\Thief2014_Dubbing\Extracted\th4_000_common_vo\th4_000_common_vo\english(us)\166581581.wem","B:\Thief2014_Dubbing\Work\VoiceAudition\Batch_007\0668_166581581.wav","1131517247","133049835","176181447","166581581","1","3,561","67","Custom Vorbis","32000 Hz","1","03-05s","CONVERTED"
"669","Batch_007","712654566.wem","B:\Thief2014_Dubbing\Extracted\th4_000_common_vo\th4_000_common_vo\english(us)\712654566.wem","B:\Thief2014_Dubbing\Work\VoiceAudition\Batch_007\0669_712654566.wav","2315919225","810022185","285906802","712654566","2","3,568","56","Custom Vorbis","32000 Hz","1","03-05s","CONVERTED"
"670","Batch_007","589192513.wem","B:\Thief2014_Dubbing\Extracted\th4_000_common_vo\th4_000_common_vo\english(us)\589192513.wem","B:\Thief2014_Dubbing\Work\VoiceAudition\Batch_007\0670_589192513.wav","897629957","818887915","820342832","589192513","1","3,589","70","Custom Vorbis","32000 Hz","1","03-05s","CONVERTED"
"671","Batch_007","994952825.wem","B:\Thief2014_Dubbing\Extracted\th4_000_common_vo\th4_000_common_vo\english(us)\994952825.wem","B:\Thief2014_Dubbing\Work\VoiceAudition\Batch_007\0671_994952825.wav","2792667481","409212010","680405612","994952825","1","3,589","63","Custom Vorbis","32000 Hz","1","03-05s","CONVERTED"
"672","Batch_007","822250269.wem","B:\Thief2014_Dubbing\Extracted\th4_000_common_vo\th4_000_common_vo\english(us)\822250269.wem","B:\Thief2014_Dubbing\Work\VoiceAudition\Batch_007\0672_822250269.wav","1352333665","364004938","1043455568","822250269","1","3,593","65","Custom Vorbis","32000 Hz","1","03-05s","CONVERTED"
"673","Batch_007","520292044.wem","B:\Thief2014_Dubbing\Extracted\th4_000_common_vo\th4_000_common_vo\english(us)\520292044.wem","B:\Thief2014_Dubbing\Work\VoiceAudition\Batch_007\0673_520292044.wav","3063645708","1041902263","227785352","520292044","1","3,595","65","Custom Vorbis","32000 Hz","1","03-05s","CONVERTED"
"674","Batch_007","561127797.wem","B:\Thief2014_Dubbing\Extracted\th4_000_common_vo\th4_000_common_vo\english(us)\561127797.wem","B:\Thief2014_Dubbing\Work\VoiceAudition\Batch_007\0674_561127797.wav","2820893646","339918404","856251009","561127797","1","3,6","71","Custom Vorbis","32000 Hz","1","03-05s","CONVERTED"
"675","Batch_007","191772834.wem","B:\Thief2014_Dubbing\Extracted\th4_000_common_vo\th4_000_common_vo\english(us)\191772834.wem","B:\Thief2014_Dubbing\Work\VoiceAudition\Batch_007\0675_191772834.wav","3311955968","680752309","658297895","191772834","1","3,601","72","Custom Vorbis","32000 Hz","1","03-05s","CONVERTED"
"676","Batch_007","903880128.wem","B:\Thief2014_Dubbing\Extracted\th4_000_common_vo\th4_000_common_vo\english(us)\903880128.wem","B:\Thief2014_Dubbing\Work\VoiceAudition\Batch_007\0676_903880128.wav","4031323964","1034835650","548817883","903880128","1","3,61","68","Custom Vorbis","32000 Hz","1","03-05s","CONVERTED"
"677","Batch_007","884181245.wem","B:\Thief2014_Dubbing\Extracted\th4_000_common_vo\th4_000_common_vo\english(us)\884181245.wem","B:\Thief2014_Dubbing\Work\VoiceAudition\Batch_007\0677_884181245.wav","1347458514","186615950","101003551","884181245","1","3,616","67","Custom Vorbis","32000 Hz","1","03-05s","CONVERTED"
"678","Batch_007","1010472104.wem","B:\Thief2014_Dubbing\Extracted\th4_000_common_vo\th4_000_common_vo\english(us)\1010472104.wem","B:\Thief2014_Dubbing\Work\VoiceAudition\Batch_007\0678_1010472104.wav","1049614177","108896294","115093971","1010472104","1","3,622","71","Custom Vorbis","32000 Hz","1","03-05s","CONVERTED"
"679","Batch_007","1015723236.wem","B:\Thief2014_Dubbing\Extracted\th4_000_common_vo\th4_000_common_vo\english(us)\1015723236.wem","B:\Thief2014_Dubbing\Work\VoiceAudition\Batch_007\0679_1015723236.wav","291272750","970145691","371972919","1015723236","1","3,628","71","Custom Vorbis","32000 Hz","1","03-05s","CONVERTED"
"680","Batch_007","1002909437.wem","B:\Thief2014_Dubbing\Extracted\th4_000_common_vo\th4_000_common_vo\english(us)\1002909437.wem","B:\Thief2014_Dubbing\Work\VoiceAudition\Batch_007\0680_1002909437.wav","2332944445","572115189","1036006087","1002909437","1","3,63","72","Custom Vorbis","32000 Hz","1","03-05s","CONVERTED"
"681","Batch_007","585691051.wem","B:\Thief2014_Dubbing\Extracted\th4_000_common_vo\th4_000_common_vo\english(us)\585691051.wem","B:\Thief2014_Dubbing\Work\VoiceAudition\Batch_007\0681_585691051.wav","1652309794","868005192","609326816","585691051","1","3,651","85","Custom Vorbis","32000 Hz","1","03-05s","CONVERTED"
"682","Batch_007","1016515822.wem","B:\Thief2014_Dubbing\Extracted\th4_000_common_vo\th4_000_common_vo\english(us)\1016515822.wem","B:\Thief2014_Dubbing\Work\VoiceAudition\Batch_007\0682_1016515822.wav","3132505799","793688024","348838841","1016515822","1","3,652","68","Custom Vorbis","32000 Hz","1","03-05s","CONVERTED"
"683","Batch_007","228038233.wem","B:\Thief2014_Dubbing\Extracted\th4_000_common_vo\th4_000_common_vo\english(us)\228038233.wem","B:\Thief2014_Dubbing\Work\VoiceAudition\Batch_007\0683_228038233.wav","892407898","410518979","543135872","228038233","1","3,655","68","Custom Vorbis","32000 Hz","1","03-05s","CONVERTED"
"684","Batch_007","513712278.wem","B:\Thief2014_Dubbing\Extracted\th4_000_common_vo\th4_000_common_vo\english(us)\513712278.wem","B:\Thief2014_Dubbing\Work\VoiceAudition\Batch_007\0684_513712278.wav","1803377177","619012009","294067781","513712278","1","3,669","70","Custom Vorbis","32000 Hz","1","03-05s","CONVERTED"
"685","Batch_007","475146708.wem","B:\Thief2014_Dubbing\Extracted\th4_000_common_vo\th4_000_common_vo\english(us)\475146708.wem","B:\Thief2014_Dubbing\Work\VoiceAudition\Batch_007\0685_475146708.wav","2344137550","244565837","659883931","475146708","1","3,675","68","Custom Vorbis","32000 Hz","1","03-05s","CONVERTED"
"686","Batch_007","666889927.wem","B:\Thief2014_Dubbing\Extracted\th4_000_common_vo\th4_000_common_vo\english(us)\666889927.wem","B:\Thief2014_Dubbing\Work\VoiceAudition\Batch_007\0686_666889927.wav","1622641652","602445161","259359669","666889927","1","3,675","68","Custom Vorbis","32000 Hz","1","03-05s","CONVERTED"
"687","Batch_007","948823182.wem","B:\Thief2014_Dubbing\Extracted\th4_000_common_vo\th4_000_common_vo\english(us)\948823182.wem","B:\Thief2014_Dubbing\Work\VoiceAudition\Batch_007\0687_948823182.wav","2890782109","110818890","821837423","948823182","1","3,69","69","Custom Vorbis","32000 Hz","1","03-05s","CONVERTED"
"688","Batch_007","300764624.wem","B:\Thief2014_Dubbing\Extracted\th4_000_common_vo\th4_000_common_vo\english(us)\300764624.wem","B:\Thief2014_Dubbing\Work\VoiceAudition\Batch_007\0688_300764624.wav","1051333534","996584893","922199512","300764624","1","3,701","77","Custom Vorbis","32000 Hz","1","03-05s","CONVERTED"
"689","Batch_007","465789938.wem","B:\Thief2014_Dubbing\Extracted\th4_000_common_vo\th4_000_common_vo\english(us)\465789938.wem","B:\Thief2014_Dubbing\Work\VoiceAudition\Batch_007\0689_465789938.wav","1002245071","304837812","742844861","465789938","1","3,719","69","Custom Vorbis","32000 Hz","1","03-05s","CONVERTED"
"690","Batch_007","840613763.wem","B:\Thief2014_Dubbing\Extracted\th4_000_common_vo\th4_000_common_vo\english(us)\840613763.wem","B:\Thief2014_Dubbing\Work\VoiceAudition\Batch_007\0690_840613763.wav","616096848","1013584678","823005612","840613763","1","3,723","56","Custom Vorbis","32000 Hz","1","03-05s","CONVERTED"
"691","Batch_007","564398809.wem","B:\Thief2014_Dubbing\Extracted\th4_000_common_vo\th4_000_common_vo\english(us)\564398809.wem","B:\Thief2014_Dubbing\Work\VoiceAudition\Batch_007\0691_564398809.wav","337681072","425096244","280142996","564398809","1","3,723","72","Custom Vorbis","32000 Hz","1","03-05s","CONVERTED"
"692","Batch_007","461263734.wem","B:\Thief2014_Dubbing\Extracted\th4_000_common_vo\th4_000_common_vo\english(us)\461263734.wem","B:\Thief2014_Dubbing\Work\VoiceAudition\Batch_007\0692_461263734.wav","1023816105","71788913","896754212","461263734","1","3,723","69","Custom Vorbis","32000 Hz","1","03-05s","CONVERTED"
"693","Batch_007","777986001.wem","B:\Thief2014_Dubbing\Extracted\th4_000_common_vo\th4_000_common_vo\english(us)\777986001.wem","B:\Thief2014_Dubbing\Work\VoiceAudition\Batch_007\0693_777986001.wav","4219419473","100341852","1002367186","777986001","1","3,726","68","Custom Vorbis","32000 Hz","1","03-05s","CONVERTED"
"694","Batch_007","702029865.wem","B:\Thief2014_Dubbing\Extracted\th4_000_common_vo\th4_000_common_vo\english(us)\702029865.wem","B:\Thief2014_Dubbing\Work\VoiceAudition\Batch_007\0694_702029865.wav","3196710711","648829821","163495378","702029865","1","3,737","69","Custom Vorbis","32000 Hz","1","03-05s","CONVERTED"
"695","Batch_007","751516442.wem","B:\Thief2014_Dubbing\Extracted\th4_000_common_vo\th4_000_common_vo\english(us)\751516442.wem","B:\Thief2014_Dubbing\Work\VoiceAudition\Batch_007\0695_751516442.wav","1522166924","133277949","734909783","751516442","1","3,74","70","Custom Vorbis","32000 Hz","1","03-05s","CONVERTED"
"696","Batch_007","850488335.wem","B:\Thief2014_Dubbing\Extracted\th4_000_common_vo\th4_000_common_vo\english(us)\850488335.wem","B:\Thief2014_Dubbing\Work\VoiceAudition\Batch_007\0696_850488335.wav","1633037808","709815240","529382662","850488335","1","3,755","62","Custom Vorbis","32000 Hz","1","03-05s","CONVERTED"
"697","Batch_007","345019061.wem","B:\Thief2014_Dubbing\Extracted\th4_000_common_vo\th4_000_common_vo\english(us)\345019061.wem","B:\Thief2014_Dubbing\Work\VoiceAudition\Batch_007\0697_345019061.wav","2847151629","479179942","906225843","345019061","1","3,755","69","Custom Vorbis","32000 Hz","1","03-05s","CONVERTED"
"698","Batch_007","914637809.wem","B:\Thief2014_Dubbing\Extracted\th4_000_common_vo\th4_000_common_vo\english(us)\914637809.wem","B:\Thief2014_Dubbing\Work\VoiceAudition\Batch_007\0698_914637809.wav","4034131053","909621462","693061900","914637809","1","3,759","73","Custom Vorbis","32000 Hz","1","03-05s","CONVERTED"
"699","Batch_007","722799325.wem","B:\Thief2014_Dubbing\Extracted\th4_000_common_vo\th4_000_common_vo\english(us)\722799325.wem","B:\Thief2014_Dubbing\Work\VoiceAudition\Batch_007\0699_722799325.wav","1829882579","387463766","913804586","722799325","1","3,773","66","Custom Vorbis","32000 Hz","1","03-05s","CONVERTED"
"700","Batch_007","776471683.wem","B:\Thief2014_Dubbing\Extracted\th4_000_common_vo\th4_000_common_vo\english(us)\776471683.wem","B:\Thief2014_Dubbing\Work\VoiceAudition\Batch_007\0700_776471683.wav","3675640674","316817249","1021213910","776471683","1","3,773","68","Custom Vorbis","32000 Hz","1","03-05s","CONVERTED"
"701","Batch_008","1051914724.wem","B:\Thief2014_Dubbing\Extracted\th4_000_common_vo\th4_000_common_vo\english(us)\1051914724.wem","B:\Thief2014_Dubbing\Work\VoiceAudition\Batch_008\0701_1051914724.wav","2662259499","479884815","124356807","1051914724","1","3,784","69","Custom Vorbis","32000 Hz","1","03-05s","CONVERTED"
"702","Batch_008","530397980.wem","B:\Thief2014_Dubbing\Extracted\th4_000_common_vo\th4_000_common_vo\english(us)\530397980.wem","B:\Thief2014_Dubbing\Work\VoiceAudition\Batch_008\0702_530397980.wav","4035670479","657586407","854030120","530397980","1","3,808","67","Custom Vorbis","32000 Hz","1","03-05s","CONVERTED"
"703","Batch_008","120129487.wem","B:\Thief2014_Dubbing\Extracted\th4_000_common_vo\th4_000_common_vo\english(us)\120129487.wem","B:\Thief2014_Dubbing\Work\VoiceAudition\Batch_008\0703_120129487.wav","3160093545","538676215","799240744","120129487","1","3,816","76","Custom Vorbis","32000 Hz","1","03-05s","CONVERTED"
"704","Batch_008","739960959.wem","B:\Thief2014_Dubbing\Extracted\th4_000_common_vo\th4_000_common_vo\english(us)\739960959.wem","B:\Thief2014_Dubbing\Work\VoiceAudition\Batch_008\0704_739960959.wav","810527948","701062725","866886943","739960959","2","3,82","57","Custom Vorbis","32000 Hz","1","03-05s","CONVERTED"
"705","Batch_008","182563901.wem","B:\Thief2014_Dubbing\Extracted\th4_000_common_vo\th4_000_common_vo\english(us)\182563901.wem","B:\Thief2014_Dubbing\Work\VoiceAudition\Batch_008\0705_182563901.wav","2981546119","954524131","606764739","182563901","1","3,821","66","Custom Vorbis","32000 Hz","1","03-05s","CONVERTED"
"706","Batch_008","361924852.wem","B:\Thief2014_Dubbing\Extracted\th4_000_common_vo\th4_000_common_vo\english(us)\361924852.wem","B:\Thief2014_Dubbing\Work\VoiceAudition\Batch_008\0706_361924852.wav","2048458047","387548517","1045310339","361924852","1","3,822","59","Custom Vorbis","32000 Hz","1","03-05s","CONVERTED"
"707","Batch_008","860778881.wem","B:\Thief2014_Dubbing\Extracted\th4_000_common_vo\th4_000_common_vo\english(us)\860778881.wem","B:\Thief2014_Dubbing\Work\VoiceAudition\Batch_008\0707_860778881.wav","2518913913","368057932","829265289","860778881","1","3,823","70","Custom Vorbis","32000 Hz","1","03-05s","CONVERTED"
"708","Batch_008","28006126.wem","B:\Thief2014_Dubbing\Extracted\th4_000_common_vo\th4_000_common_vo\english(us)\28006126.wem","B:\Thief2014_Dubbing\Work\VoiceAudition\Batch_008\0708_28006126.wav","898631403","448464765","147618033","28006126","1","3,83","67","Custom Vorbis","32000 Hz","1","03-05s","CONVERTED"
"709","Batch_008","366831874.wem","B:\Thief2014_Dubbing\Extracted\th4_000_common_vo\th4_000_common_vo\english(us)\366831874.wem","B:\Thief2014_Dubbing\Work\VoiceAudition\Batch_008\0709_366831874.wav","328531425","629743421","743133992","366831874","2","3,837","67","Custom Vorbis","32000 Hz","1","03-05s","CONVERTED"
"710","Batch_008","481209477.wem","B:\Thief2014_Dubbing\Extracted\th4_000_common_vo\th4_000_common_vo\english(us)\481209477.wem","B:\Thief2014_Dubbing\Work\VoiceAudition\Batch_008\0710_481209477.wav","3853064718","29415032","101334184","481209477","1","3,837","70","Custom Vorbis","32000 Hz","1","03-05s","CONVERTED"
"711","Batch_008","288149885.wem","B:\Thief2014_Dubbing\Extracted\th4_000_common_vo\th4_000_common_vo\english(us)\288149885.wem","B:\Thief2014_Dubbing\Work\VoiceAudition\Batch_008\0711_288149885.wav","3993663415","156307247","27463364","288149885","1","3,84","74","Custom Vorbis","32000 Hz","1","03-05s","CONVERTED"
"712","Batch_008","206482288.wem","B:\Thief2014_Dubbing\Extracted\th4_000_common_vo\th4_000_common_vo\english(us)\206482288.wem","B:\Thief2014_Dubbing\Work\VoiceAudition\Batch_008\0712_206482288.wav","1963702333","88445794","723056549","206482288","1","3,841","71","Custom Vorbis","32000 Hz","1","03-05s","CONVERTED"
"713","Batch_008","293295906.wem","B:\Thief2014_Dubbing\Extracted\th4_000_common_vo\th4_000_common_vo\english(us)\293295906.wem","B:\Thief2014_Dubbing\Work\VoiceAudition\Batch_008\0713_293295906.wav","3258244090","547776979","796702502","293295906","1","3,857","69","Custom Vorbis","32000 Hz","1","03-05s","CONVERTED"
"714","Batch_008","618025199.wem","B:\Thief2014_Dubbing\Extracted\th4_000_common_vo\th4_000_common_vo\english(us)\618025199.wem","B:\Thief2014_Dubbing\Work\VoiceAudition\Batch_008\0714_618025199.wav","1638473133","525176844","163143708","618025199","1","3,867","68","Custom Vorbis","32000 Hz","1","03-05s","CONVERTED"
"715","Batch_008","546071994.wem","B:\Thief2014_Dubbing\Extracted\th4_000_common_vo\th4_000_common_vo\english(us)\546071994.wem","B:\Thief2014_Dubbing\Work\VoiceAudition\Batch_008\0715_546071994.wav","3915152166","322562867","358834867","546071994","1","3,878","69","Custom Vorbis","32000 Hz","1","03-05s","CONVERTED"
"716","Batch_008","512180737.wem","B:\Thief2014_Dubbing\Extracted\th4_000_common_vo\th4_000_common_vo\english(us)\512180737.wem","B:\Thief2014_Dubbing\Work\VoiceAudition\Batch_008\0716_512180737.wav","2308372584","129481853","419987509","512180737","1","3,88","69","Custom Vorbis","32000 Hz","1","03-05s","CONVERTED"
"717","Batch_008","545435231.wem","B:\Thief2014_Dubbing\Extracted\th4_000_common_vo\th4_000_common_vo\english(us)\545435231.wem","B:\Thief2014_Dubbing\Work\VoiceAudition\Batch_008\0717_545435231.wav","3653153386","1002636204","383659468","545435231","1","3,893","69","Custom Vorbis","32000 Hz","1","03-05s","CONVERTED"
"718","Batch_008","289836723.wem","B:\Thief2014_Dubbing\Extracted\th4_000_common_vo\th4_000_common_vo\english(us)\289836723.wem","B:\Thief2014_Dubbing\Work\VoiceAudition\Batch_008\0718_289836723.wav","4136989120","58758370","858630126","289836723","2","3,9","67","Custom Vorbis","32000 Hz","1","03-05s","CONVERTED"
"719","Batch_008","446263000.wem","B:\Thief2014_Dubbing\Extracted\th4_000_common_vo\th4_000_common_vo\english(us)\446263000.wem","B:\Thief2014_Dubbing\Work\VoiceAudition\Batch_008\0719_446263000.wav","3685996630","254178215","933665394","446263000","1","3,904","71","Custom Vorbis","32000 Hz","1","03-05s","CONVERTED"
"720","Batch_008","410268385.wem","B:\Thief2014_Dubbing\Extracted\th4_000_common_vo\th4_000_common_vo\english(us)\410268385.wem","B:\Thief2014_Dubbing\Work\VoiceAudition\Batch_008\0720_410268385.wav","390402342","454107951","331902469","410268385","2","3,904","74","Custom Vorbis","32000 Hz","1","03-05s","CONVERTED"
"721","Batch_008","463698316.wem","B:\Thief2014_Dubbing\Extracted\th4_000_common_vo\th4_000_common_vo\english(us)\463698316.wem","B:\Thief2014_Dubbing\Work\VoiceAudition\Batch_008\0721_463698316.wav","3041205926","635149215","991705527","463698316","1","3,904","73","Custom Vorbis","32000 Hz","1","03-05s","CONVERTED"
"722","Batch_008","882258407.wem","B:\Thief2014_Dubbing\Extracted\th4_000_common_vo\th4_000_common_vo\english(us)\882258407.wem","B:\Thief2014_Dubbing\Work\VoiceAudition\Batch_008\0722_882258407.wav","3850588505","70497771","613357147","882258407","1","3,919","67","Custom Vorbis","32000 Hz","1","03-05s","CONVERTED"
"723","Batch_008","127357609.wem","B:\Thief2014_Dubbing\Extracted\th4_000_common_vo\th4_000_common_vo\english(us)\127357609.wem","B:\Thief2014_Dubbing\Work\VoiceAudition\Batch_008\0723_127357609.wav","2274820042","796908199","255545802","127357609","1","3,927","69","Custom Vorbis","32000 Hz","1","03-05s","CONVERTED"
"724","Batch_008","548195936.wem","B:\Thief2014_Dubbing\Extracted\th4_000_common_vo\th4_000_common_vo\english(us)\548195936.wem","B:\Thief2014_Dubbing\Work\VoiceAudition\Batch_008\0724_548195936.wav","3322048120","848087512","599410777","548195936","1","3,929","66","Custom Vorbis","32000 Hz","1","03-05s","CONVERTED"
"725","Batch_008","866332544.wem","B:\Thief2014_Dubbing\Extracted\th4_000_common_vo\th4_000_common_vo\english(us)\866332544.wem","B:\Thief2014_Dubbing\Work\VoiceAudition\Batch_008\0725_866332544.wav","2255500328","544423684","523399982","866332544","1","3,933","71","Custom Vorbis","32000 Hz","1","03-05s","CONVERTED"
"726","Batch_008","359297207.wem","B:\Thief2014_Dubbing\Extracted\th4_000_common_vo\th4_000_common_vo\english(us)\359297207.wem","B:\Thief2014_Dubbing\Work\VoiceAudition\Batch_008\0726_359297207.wav","4180734828","428172928","51216869","359297207","1","3,934","77","Custom Vorbis","32000 Hz","1","03-05s","CONVERTED"
"727","Batch_008","11743198.wem","B:\Thief2014_Dubbing\Extracted\th4_000_common_vo\th4_000_common_vo\english(us)\11743198.wem","B:\Thief2014_Dubbing\Work\VoiceAudition\Batch_008\0727_11743198.wav","2385992378","180095592","839344046","11743198","1","3,937","83","Custom Vorbis","32000 Hz","1","03-05s","CONVERTED"
"728","Batch_008","637936669.wem","B:\Thief2014_Dubbing\Extracted\th4_000_common_vo\th4_000_common_vo\english(us)\637936669.wem","B:\Thief2014_Dubbing\Work\VoiceAudition\Batch_008\0728_637936669.wav","4215094191","676582836","65821097","637936669","1","3,944","74","Custom Vorbis","32000 Hz","1","03-05s","CONVERTED"
"729","Batch_008","301281303.wem","B:\Thief2014_Dubbing\Extracted\th4_000_common_vo\th4_000_common_vo\english(us)\301281303.wem","B:\Thief2014_Dubbing\Work\VoiceAudition\Batch_008\0729_301281303.wav","1773988251","312924734","31699722","301281303","1","3,95","69","Custom Vorbis","32000 Hz","1","03-05s","CONVERTED"
"730","Batch_008","451636995.wem","B:\Thief2014_Dubbing\Extracted\th4_000_common_vo\th4_000_common_vo\english(us)\451636995.wem","B:\Thief2014_Dubbing\Work\VoiceAudition\Batch_008\0730_451636995.wav","4171190778","808085775","157811843","451636995","1","3,952","72","Custom Vorbis","32000 Hz","1","03-05s","CONVERTED"
"731","Batch_008","372538656.wem","B:\Thief2014_Dubbing\Extracted\th4_000_common_vo\th4_000_common_vo\english(us)\372538656.wem","B:\Thief2014_Dubbing\Work\VoiceAudition\Batch_008\0731_372538656.wav","557415264","1001606178","301081133","372538656","1","3,954","68","Custom Vorbis","32000 Hz","1","03-05s","CONVERTED"
"732","Batch_008","27985417.wem","B:\Thief2014_Dubbing\Extracted\th4_000_common_vo\th4_000_common_vo\english(us)\27985417.wem","B:\Thief2014_Dubbing\Work\VoiceAudition\Batch_008\0732_27985417.wav","3929961970","308025054","213205006","27985417","1","3,966","68","Custom Vorbis","32000 Hz","1","03-05s","CONVERTED"
"733","Batch_008","382335453.wem","B:\Thief2014_Dubbing\Extracted\th4_000_common_vo\th4_000_common_vo\english(us)\382335453.wem","B:\Thief2014_Dubbing\Work\VoiceAudition\Batch_008\0733_382335453.wav","1998134427","861671967","761970447","382335453","1","3,983","63","Custom Vorbis","32000 Hz","1","03-05s","CONVERTED"
"734","Batch_008","54151231.wem","B:\Thief2014_Dubbing\Extracted\th4_000_common_vo\th4_000_common_vo\english(us)\54151231.wem","B:\Thief2014_Dubbing\Work\VoiceAudition\Batch_008\0734_54151231.wav","1037781457","564605524","265300516","54151231","1","3,986","72","Custom Vorbis","32000 Hz","1","03-05s","CONVERTED"
"735","Batch_008","793708866.wem","B:\Thief2014_Dubbing\Extracted\th4_000_common_vo\th4_000_common_vo\english(us)\793708866.wem","B:\Thief2014_Dubbing\Work\VoiceAudition\Batch_008\0735_793708866.wav","2454000597","289426750","511937155","793708866","1","3,991","66","Custom Vorbis","32000 Hz","1","03-05s","CONVERTED"
"736","Batch_008","233358959.wem","B:\Thief2014_Dubbing\Extracted\th4_000_common_vo\th4_000_common_vo\english(us)\233358959.wem","B:\Thief2014_Dubbing\Work\VoiceAudition\Batch_008\0736_233358959.wav","1300393513","224936983","945672588","233358959","1","4,005","70","Custom Vorbis","32000 Hz","1","03-05s","CONVERTED"
"737","Batch_008","613385637.wem","B:\Thief2014_Dubbing\Extracted\th4_000_common_vo\th4_000_common_vo\english(us)\613385637.wem","B:\Thief2014_Dubbing\Work\VoiceAudition\Batch_008\0737_613385637.wav","2176191947","310966579","925360585","613385637","1","4,006","65","Custom Vorbis","32000 Hz","1","03-05s","CONVERTED"
"738","Batch_008","338048439.wem","B:\Thief2014_Dubbing\Extracted\th4_000_common_vo\th4_000_common_vo\english(us)\338048439.wem","B:\Thief2014_Dubbing\Work\VoiceAudition\Batch_008\0738_338048439.wav","1058333261","850774174","484642107","338048439","1","4,011","68","Custom Vorbis","32000 Hz","1","03-05s","CONVERTED"
"739","Batch_008","779278000.wem","B:\Thief2014_Dubbing\Extracted\th4_000_common_vo\th4_000_common_vo\english(us)\779278000.wem","B:\Thief2014_Dubbing\Work\VoiceAudition\Batch_008\0739_779278000.wav","4092550239","298785601","527051793","779278000","1","4,015","64","Custom Vorbis","32000 Hz","1","03-05s","CONVERTED"
"740","Batch_008","415979427.wem","B:\Thief2014_Dubbing\Extracted\th4_000_common_vo\th4_000_common_vo\english(us)\415979427.wem","B:\Thief2014_Dubbing\Work\VoiceAudition\Batch_008\0740_415979427.wav","3586116088","828004921","892165785","415979427","1","4,025","85","Custom Vorbis","32000 Hz","1","03-05s","CONVERTED"
"741","Batch_008","371295396.wem","B:\Thief2014_Dubbing\Extracted\th4_000_common_vo\th4_000_common_vo\english(us)\371295396.wem","B:\Thief2014_Dubbing\Work\VoiceAudition\Batch_008\0741_371295396.wav","2902861785","693207772","898427731","371295396","1","4,027","68","Custom Vorbis","32000 Hz","1","03-05s","CONVERTED"
"742","Batch_008","335569914.wem","B:\Thief2014_Dubbing\Extracted\th4_000_common_vo\th4_000_common_vo\english(us)\335569914.wem","B:\Thief2014_Dubbing\Work\VoiceAudition\Batch_008\0742_335569914.wav","2179394245","462659","222183788","335569914","1","4,055","69","Custom Vorbis","32000 Hz","1","03-05s","CONVERTED"
"743","Batch_008","393759497.wem","B:\Thief2014_Dubbing\Extracted\th4_000_common_vo\th4_000_common_vo\english(us)\393759497.wem","B:\Thief2014_Dubbing\Work\VoiceAudition\Batch_008\0743_393759497.wav","51427270","134248600","780746062","393759497","1","4,077","90","Custom Vorbis","32000 Hz","1","03-05s","CONVERTED"
"744","Batch_008","538302831.wem","B:\Thief2014_Dubbing\Extracted\th4_000_common_vo\th4_000_common_vo\english(us)\538302831.wem","B:\Thief2014_Dubbing\Work\VoiceAudition\Batch_008\0744_538302831.wav","1426591463","786579461","956460793","538302831","1","4,083","67","Custom Vorbis","32000 Hz","1","03-05s","CONVERTED"
"745","Batch_008","549141893.wem","B:\Thief2014_Dubbing\Extracted\th4_000_common_vo\th4_000_common_vo\english(us)\549141893.wem","B:\Thief2014_Dubbing\Work\VoiceAudition\Batch_008\0745_549141893.wav","2240133296","818915967","644162243","549141893","1","4,084","66","Custom Vorbis","32000 Hz","1","03-05s","CONVERTED"
"746","Batch_008","276506526.wem","B:\Thief2014_Dubbing\Extracted\th4_000_common_vo\th4_000_common_vo\english(us)\276506526.wem","B:\Thief2014_Dubbing\Work\VoiceAudition\Batch_008\0746_276506526.wav","3100553236","978917118","802781260","276506526","2","4,086","51","Custom Vorbis","32000 Hz","1","03-05s","CONVERTED"
"747","Batch_008","268025381.wem","B:\Thief2014_Dubbing\Extracted\th4_000_common_vo\th4_000_common_vo\english(us)\268025381.wem","B:\Thief2014_Dubbing\Work\VoiceAudition\Batch_008\0747_268025381.wav","3899459450","84224305","933122973","268025381","1","4,095","67","Custom Vorbis","32000 Hz","1","03-05s","CONVERTED"
"748","Batch_008","93325588.wem","B:\Thief2014_Dubbing\Extracted\th4_000_common_vo\th4_000_common_vo\english(us)\93325588.wem","B:\Thief2014_Dubbing\Work\VoiceAudition\Batch_008\0748_93325588.wav","4000692579","950474304","686853706","93325588","1","4,095","58","Custom Vorbis","32000 Hz","1","03-05s","CONVERTED"
"749","Batch_008","706545110.wem","B:\Thief2014_Dubbing\Extracted\th4_000_common_vo\th4_000_common_vo\english(us)\706545110.wem","B:\Thief2014_Dubbing\Work\VoiceAudition\Batch_008\0749_706545110.wav","1623751964","586383912","41998588","706545110","1","4,109","64","Custom Vorbis","32000 Hz","1","03-05s","CONVERTED"
"750","Batch_008","688166578.wem","B:\Thief2014_Dubbing\Extracted\th4_000_common_vo\th4_000_common_vo\english(us)\688166578.wem","B:\Thief2014_Dubbing\Work\VoiceAudition\Batch_008\0750_688166578.wav","1426877476","844588223","618740437","688166578","1","4,11","71","Custom Vorbis","32000 Hz","1","03-05s","CONVERTED"
"751","Batch_008","474328726.wem","B:\Thief2014_Dubbing\Extracted\th4_000_common_vo\th4_000_common_vo\english(us)\474328726.wem","B:\Thief2014_Dubbing\Work\VoiceAudition\Batch_008\0751_474328726.wav","4118503156","105792638","626792830","474328726","1","4,116","67","Custom Vorbis","32000 Hz","1","03-05s","CONVERTED"
"752","Batch_008","102436360.wem","B:\Thief2014_Dubbing\Extracted\th4_000_common_vo\th4_000_common_vo\english(us)\102436360.wem","B:\Thief2014_Dubbing\Work\VoiceAudition\Batch_008\0752_102436360.wav","2484133173","539367414","72321886","102436360","1","4,117","69","Custom Vorbis","32000 Hz","1","03-05s","CONVERTED"
"753","Batch_008","763581127.wem","B:\Thief2014_Dubbing\Extracted\th4_000_common_vo\th4_000_common_vo\english(us)\763581127.wem","B:\Thief2014_Dubbing\Work\VoiceAudition\Batch_008\0753_763581127.wav","3451013194","99510254","52315637","763581127","1","4,12","68","Custom Vorbis","32000 Hz","1","03-05s","CONVERTED"
"754","Batch_008","54204748.wem","B:\Thief2014_Dubbing\Extracted\th4_000_common_vo\th4_000_common_vo\english(us)\54204748.wem","B:\Thief2014_Dubbing\Work\VoiceAudition\Batch_008\0754_54204748.wav","1477756927","950272388","587799451","54204748","1","4,128","69","Custom Vorbis","32000 Hz","1","03-05s","CONVERTED"
"755","Batch_008","920068327.wem","B:\Thief2014_Dubbing\Extracted\th4_000_common_vo\th4_000_common_vo\english(us)\920068327.wem","B:\Thief2014_Dubbing\Work\VoiceAudition\Batch_008\0755_920068327.wav","3250133774","608600397","60461893","920068327","1","4,128","69","Custom Vorbis","32000 Hz","1","03-05s","CONVERTED"
"756","Batch_008","376272801.wem","B:\Thief2014_Dubbing\Extracted\th4_000_common_vo\th4_000_common_vo\english(us)\376272801.wem","B:\Thief2014_Dubbing\Work\VoiceAudition\Batch_008\0756_376272801.wav","2438119800","1015906646","854189880","376272801","1","4,129","62","Custom Vorbis","32000 Hz","1","03-05s","CONVERTED"
"757","Batch_008","939038798.wem","B:\Thief2014_Dubbing\Extracted\th4_000_common_vo\th4_000_common_vo\english(us)\939038798.wem","B:\Thief2014_Dubbing\Work\VoiceAudition\Batch_008\0757_939038798.wav","3372015199","904260975","958361494","939038798","1","4,134","73","Custom Vorbis","32000 Hz","1","03-05s","CONVERTED"
"758","Batch_008","36771323.wem","B:\Thief2014_Dubbing\Extracted\th4_000_common_vo\th4_000_common_vo\english(us)\36771323.wem","B:\Thief2014_Dubbing\Work\VoiceAudition\Batch_008\0758_36771323.wav","3899815136","173804479","531281062","36771323","1","4,135","63","Custom Vorbis","32000 Hz","1","03-05s","CONVERTED"
"759","Batch_008","505575962.wem","B:\Thief2014_Dubbing\Extracted\th4_000_common_vo\th4_000_common_vo\english(us)\505575962.wem","B:\Thief2014_Dubbing\Work\VoiceAudition\Batch_008\0759_505575962.wav","176639534","185855875","675390096","505575962","1","4,142","70","Custom Vorbis","32000 Hz","1","03-05s","CONVERTED"
"760","Batch_008","987869067.wem","B:\Thief2014_Dubbing\Extracted\th4_000_common_vo\th4_000_common_vo\english(us)\987869067.wem","B:\Thief2014_Dubbing\Work\VoiceAudition\Batch_008\0760_987869067.wav","466064885","458623902","397778134","987869067","1","4,144","67","Custom Vorbis","32000 Hz","1","03-05s","CONVERTED"
"761","Batch_008","107594310.wem","B:\Thief2014_Dubbing\Extracted\th4_000_common_vo\th4_000_common_vo\english(us)\107594310.wem","B:\Thief2014_Dubbing\Work\VoiceAudition\Batch_008\0761_107594310.wav","3059834227","233322638","919823191","107594310","1","4,145","70","Custom Vorbis","32000 Hz","1","03-05s","CONVERTED"
"762","Batch_008","322706511.wem","B:\Thief2014_Dubbing\Extracted\th4_000_common_vo\th4_000_common_vo\english(us)\322706511.wem","B:\Thief2014_Dubbing\Work\VoiceAudition\Batch_008\0762_322706511.wav","1839952075","541623177","197630926","322706511","2","4,146","64","Custom Vorbis","32000 Hz","1","03-05s","CONVERTED"
"763","Batch_008","265251714.wem","B:\Thief2014_Dubbing\Extracted\th4_000_common_vo\th4_000_common_vo\english(us)\265251714.wem","B:\Thief2014_Dubbing\Work\VoiceAudition\Batch_008\0763_265251714.wav","3953852459","880045577","19154704","265251714","1","4,149","72","Custom Vorbis","32000 Hz","1","03-05s","CONVERTED"
"764","Batch_008","162530994.wem","B:\Thief2014_Dubbing\Extracted\th4_000_common_vo\th4_000_common_vo\english(us)\162530994.wem","B:\Thief2014_Dubbing\Work\VoiceAudition\Batch_008\0764_162530994.wav","496774474","740625598","245719918","162530994","1","4,152","66","Custom Vorbis","32000 Hz","1","03-05s","CONVERTED"
"765","Batch_008","646898170.wem","B:\Thief2014_Dubbing\Extracted\th4_000_common_vo\th4_000_common_vo\english(us)\646898170.wem","B:\Thief2014_Dubbing\Work\VoiceAudition\Batch_008\0765_646898170.wav","1064408926","645333464","143840629","646898170","1","4,155","72","Custom Vorbis","32000 Hz","1","03-05s","CONVERTED"
"766","Batch_008","474969243.wem","B:\Thief2014_Dubbing\Extracted\th4_000_common_vo\th4_000_common_vo\english(us)\474969243.wem","B:\Thief2014_Dubbing\Work\VoiceAudition\Batch_008\0766_474969243.wav","1608268017","439317907","452741127","474969243","1","4,16","72","Custom Vorbis","32000 Hz","1","03-05s","CONVERTED"
"767","Batch_008","743470628.wem","B:\Thief2014_Dubbing\Extracted\th4_000_common_vo\th4_000_common_vo\english(us)\743470628.wem","B:\Thief2014_Dubbing\Work\VoiceAudition\Batch_008\0767_743470628.wav","2554253173","623088887","438729264","743470628","1","4,161","74","Custom Vorbis","32000 Hz","1","03-05s","CONVERTED"
"768","Batch_008","1019241950.wem","B:\Thief2014_Dubbing\Extracted\th4_000_common_vo\th4_000_common_vo\english(us)\1019241950.wem","B:\Thief2014_Dubbing\Work\VoiceAudition\Batch_008\0768_1019241950.wav","3886353419","767713177","826360276","1019241950","1","4,171","68","Custom Vorbis","32000 Hz","1","03-05s","CONVERTED"
"769","Batch_008","822386335.wem","B:\Thief2014_Dubbing\Extracted\th4_000_common_vo\th4_000_common_vo\english(us)\822386335.wem","B:\Thief2014_Dubbing\Work\VoiceAudition\Batch_008\0769_822386335.wav","2345778810","458180099","612492065","822386335","2","4,171","61","Custom Vorbis","32000 Hz","1","03-05s","CONVERTED"
"770","Batch_008","890121176.wem","B:\Thief2014_Dubbing\Extracted\th4_000_common_vo\th4_000_common_vo\english(us)\890121176.wem","B:\Thief2014_Dubbing\Work\VoiceAudition\Batch_008\0770_890121176.wav","773998049","687023767","364268165","890121176","1","4,178","68","Custom Vorbis","32000 Hz","1","03-05s","CONVERTED"
"771","Batch_008","16526771.wem","B:\Thief2014_Dubbing\Extracted\th4_000_common_vo\th4_000_common_vo\english(us)\16526771.wem","B:\Thief2014_Dubbing\Work\VoiceAudition\Batch_008\0771_16526771.wav","2002073954","17647476","120599715","16526771","1","4,181","77","Custom Vorbis","32000 Hz","1","03-05s","CONVERTED"
"772","Batch_008","966190588.wem","B:\Thief2014_Dubbing\Extracted\th4_000_common_vo\th4_000_common_vo\english(us)\966190588.wem","B:\Thief2014_Dubbing\Work\VoiceAudition\Batch_008\0772_966190588.wav","543797147","351769556","1065786895","966190588","1","4,188","67","Custom Vorbis","32000 Hz","1","03-05s","CONVERTED"
"773","Batch_008","651223136.wem","B:\Thief2014_Dubbing\Extracted\th4_000_common_vo\th4_000_common_vo\english(us)\651223136.wem","B:\Thief2014_Dubbing\Work\VoiceAudition\Batch_008\0773_651223136.wav","784526517","468595252","47553081","651223136","1","4,203","66","Custom Vorbis","32000 Hz","1","03-05s","CONVERTED"
"774","Batch_008","111213177.wem","B:\Thief2014_Dubbing\Extracted\th4_000_common_vo\th4_000_common_vo\english(us)\111213177.wem","B:\Thief2014_Dubbing\Work\VoiceAudition\Batch_008\0774_111213177.wav","1785910087","853629253","519535934","111213177","1","4,203","66","Custom Vorbis","32000 Hz","1","03-05s","CONVERTED"
"775","Batch_008","895500184.wem","B:\Thief2014_Dubbing\Extracted\th4_000_common_vo\th4_000_common_vo\english(us)\895500184.wem","B:\Thief2014_Dubbing\Work\VoiceAudition\Batch_008\0775_895500184.wav","2832647578","670621262","1044794715","895500184","1","4,218","79","Custom Vorbis","32000 Hz","1","03-05s","CONVERTED"
"776","Batch_008","784706505.wem","B:\Thief2014_Dubbing\Extracted\th4_000_common_vo\th4_000_common_vo\english(us)\784706505.wem","B:\Thief2014_Dubbing\Work\VoiceAudition\Batch_008\0776_784706505.wav","3241396690","413741820","308534648","784706505","1","4,222","67","Custom Vorbis","32000 Hz","1","03-05s","CONVERTED"
"777","Batch_008","216677552.wem","B:\Thief2014_Dubbing\Extracted\th4_000_common_vo\th4_000_common_vo\english(us)\216677552.wem","B:\Thief2014_Dubbing\Work\VoiceAudition\Batch_008\0777_216677552.wav","3482841388","984677752","400468789","216677552","1","4,235","59","Custom Vorbis","32000 Hz","1","03-05s","CONVERTED"
"778","Batch_008","860084154.wem","B:\Thief2014_Dubbing\Extracted\th4_000_common_vo\th4_000_common_vo\english(us)\860084154.wem","B:\Thief2014_Dubbing\Work\VoiceAudition\Batch_008\0778_860084154.wav","2138555756","265369006","1046109848","860084154","2","4,238","68","Custom Vorbis","32000 Hz","1","03-05s","CONVERTED"
"779","Batch_008","876965456.wem","B:\Thief2014_Dubbing\Extracted\th4_000_common_vo\th4_000_common_vo\english(us)\876965456.wem","B:\Thief2014_Dubbing\Work\VoiceAudition\Batch_008\0779_876965456.wav","1147976870","583036020","168299508","876965456","1","4,245","67","Custom Vorbis","32000 Hz","1","03-05s","CONVERTED"
"780","Batch_008","606911486.wem","B:\Thief2014_Dubbing\Extracted\th4_000_common_vo\th4_000_common_vo\english(us)\606911486.wem","B:\Thief2014_Dubbing\Work\VoiceAudition\Batch_008\0780_606911486.wav","3632571986","814576078","297975133","606911486","1","4,268","69","Custom Vorbis","32000 Hz","1","03-05s","CONVERTED"
"781","Batch_008","836270660.wem","B:\Thief2014_Dubbing\Extracted\th4_000_common_vo\th4_000_common_vo\english(us)\836270660.wem","B:\Thief2014_Dubbing\Work\VoiceAudition\Batch_008\0781_836270660.wav","2141212667","156308355","444092858","836270660","1","4,275","72","Custom Vorbis","32000 Hz","1","03-05s","CONVERTED"
"782","Batch_008","702374114.wem","B:\Thief2014_Dubbing\Extracted\th4_000_common_vo\th4_000_common_vo\english(us)\702374114.wem","B:\Thief2014_Dubbing\Work\VoiceAudition\Batch_008\0782_702374114.wav","2351029671","459155939","589155701","702374114","1","4,277","77","Custom Vorbis","32000 Hz","1","03-05s","CONVERTED"
"783","Batch_008","548631672.wem","B:\Thief2014_Dubbing\Extracted\th4_000_common_vo\th4_000_common_vo\english(us)\548631672.wem","B:\Thief2014_Dubbing\Work\VoiceAudition\Batch_008\0783_548631672.wav","961366360","926753534","336151759","548631672","1","4,299","67","Custom Vorbis","32000 Hz","1","03-05s","CONVERTED"
"784","Batch_008","810336999.wem","B:\Thief2014_Dubbing\Extracted\th4_000_common_vo\th4_000_common_vo\english(us)\810336999.wem","B:\Thief2014_Dubbing\Work\VoiceAudition\Batch_008\0784_810336999.wav","576853596","760931534","694321162","810336999","1","4,3","66","Custom Vorbis","32000 Hz","1","03-05s","CONVERTED"
"785","Batch_008","586977885.wem","B:\Thief2014_Dubbing\Extracted\th4_000_common_vo\th4_000_common_vo\english(us)\586977885.wem","B:\Thief2014_Dubbing\Work\VoiceAudition\Batch_008\0785_586977885.wav","3918231942","616200977","127612013","586977885","1","4,309","68","Custom Vorbis","32000 Hz","1","03-05s","CONVERTED"
"786","Batch_008","38896854.wem","B:\Thief2014_Dubbing\Extracted\th4_000_common_vo\th4_000_common_vo\english(us)\38896854.wem","B:\Thief2014_Dubbing\Work\VoiceAudition\Batch_008\0786_38896854.wav","1758358581","686170800","382245291","38896854","1","4,314","69","Custom Vorbis","32000 Hz","1","03-05s","CONVERTED"
"787","Batch_008","123921731.wem","B:\Thief2014_Dubbing\Extracted\th4_000_common_vo\th4_000_common_vo\english(us)\123921731.wem","B:\Thief2014_Dubbing\Work\VoiceAudition\Batch_008\0787_123921731.wav","370890959","617082004","123421981","123921731","1","4,323","67","Custom Vorbis","32000 Hz","1","03-05s","CONVERTED"
"788","Batch_008","1065946615.wem","B:\Thief2014_Dubbing\Extracted\th4_000_common_vo\th4_000_common_vo\english(us)\1065946615.wem","B:\Thief2014_Dubbing\Work\VoiceAudition\Batch_008\0788_1065946615.wav","2367855121","666181230","252867102","1065946615","1","4,341","67","Custom Vorbis","32000 Hz","1","03-05s","CONVERTED"
"789","Batch_008","297588063.wem","B:\Thief2014_Dubbing\Extracted\th4_000_common_vo\th4_000_common_vo\english(us)\297588063.wem","B:\Thief2014_Dubbing\Work\VoiceAudition\Batch_008\0789_297588063.wav","1789921568","429373065","1008459272","297588063","1","4,341","71","Custom Vorbis","32000 Hz","1","03-05s","CONVERTED"
"790","Batch_008","974306733.wem","B:\Thief2014_Dubbing\Extracted\th4_000_common_vo\th4_000_common_vo\english(us)\974306733.wem","B:\Thief2014_Dubbing\Work\VoiceAudition\Batch_008\0790_974306733.wav","322549181","359063730","259448703","974306733","1","4,341","70","Custom Vorbis","32000 Hz","1","03-05s","CONVERTED"
"791","Batch_008","859504379.wem","B:\Thief2014_Dubbing\Extracted\th4_000_common_vo\th4_000_common_vo\english(us)\859504379.wem","B:\Thief2014_Dubbing\Work\VoiceAudition\Batch_008\0791_859504379.wav","1594075579","877751170","298667061","859504379","1","4,369","67","Custom Vorbis","32000 Hz","1","03-05s","CONVERTED"
"792","Batch_008","441969863.wem","B:\Thief2014_Dubbing\Extracted\th4_000_common_vo\th4_000_common_vo\english(us)\441969863.wem","B:\Thief2014_Dubbing\Work\VoiceAudition\Batch_008\0792_441969863.wav","1343018128","922101443","548914766","441969863","1","4,383","76","Custom Vorbis","32000 Hz","1","03-05s","CONVERTED"
"793","Batch_008","295402180.wem","B:\Thief2014_Dubbing\Extracted\th4_000_common_vo\th4_000_common_vo\english(us)\295402180.wem","B:\Thief2014_Dubbing\Work\VoiceAudition\Batch_008\0793_295402180.wav","3178225616","909906155","963425142","295402180","1","4,384","69","Custom Vorbis","32000 Hz","1","03-05s","CONVERTED"
"794","Batch_008","122381597.wem","B:\Thief2014_Dubbing\Extracted\th4_000_common_vo\th4_000_common_vo\english(us)\122381597.wem","B:\Thief2014_Dubbing\Work\VoiceAudition\Batch_008\0794_122381597.wav","2288032229","110693190","659695047","122381597","1","4,389","73","Custom Vorbis","32000 Hz","1","03-05s","CONVERTED"
"795","Batch_008","619319587.wem","B:\Thief2014_Dubbing\Extracted\th4_000_common_vo\th4_000_common_vo\english(us)\619319587.wem","B:\Thief2014_Dubbing\Work\VoiceAudition\Batch_008\0795_619319587.wav","315063253","607829869","530474755","619319587","1","4,39","71","Custom Vorbis","32000 Hz","1","03-05s","CONVERTED"
"796","Batch_008","634150988.wem","B:\Thief2014_Dubbing\Extracted\th4_000_common_vo\th4_000_common_vo\english(us)\634150988.wem","B:\Thief2014_Dubbing\Work\VoiceAudition\Batch_008\0796_634150988.wav","4199303464","581690625","166973140","634150988","1","4,394","69","Custom Vorbis","32000 Hz","1","03-05s","CONVERTED"
"797","Batch_008","677551103.wem","B:\Thief2014_Dubbing\Extracted\th4_000_common_vo\th4_000_common_vo\english(us)\677551103.wem","B:\Thief2014_Dubbing\Work\VoiceAudition\Batch_008\0797_677551103.wav","4064669406","439861703","847858363","677551103","1","4,402","68","Custom Vorbis","32000 Hz","1","03-05s","CONVERTED"
"798","Batch_008","681273938.wem","B:\Thief2014_Dubbing\Extracted\th4_000_common_vo\th4_000_common_vo\english(us)\681273938.wem","B:\Thief2014_Dubbing\Work\VoiceAudition\Batch_008\0798_681273938.wav","3482353277","729633226","410663328","681273938","1","4,403","68","Custom Vorbis","32000 Hz","1","03-05s","CONVERTED"
"799","Batch_008","252257032.wem","B:\Thief2014_Dubbing\Extracted\th4_000_common_vo\th4_000_common_vo\english(us)\252257032.wem","B:\Thief2014_Dubbing\Work\VoiceAudition\Batch_008\0799_252257032.wav","4237386718","899436648","549533426","252257032","1","4,416","70","Custom Vorbis","32000 Hz","1","03-05s","CONVERTED"
"800","Batch_008","312358803.wem","B:\Thief2014_Dubbing\Extracted\th4_000_common_vo\th4_000_common_vo\english(us)\312358803.wem","B:\Thief2014_Dubbing\Work\VoiceAudition\Batch_008\0800_312358803.wav","4113554739","243781063","379770640","312358803","1","4,426","70","Custom Vorbis","32000 Hz","1","03-05s","CONVERTED"
"801","Batch_009","739612169.wem","B:\Thief2014_Dubbing\Extracted\th4_000_common_vo\th4_000_common_vo\english(us)\739612169.wem","B:\Thief2014_Dubbing\Work\VoiceAudition\Batch_009\0801_739612169.wav","3064175506","46751181","90621619","739612169","1","4,427","70","Custom Vorbis","32000 Hz","1","03-05s","CONVERTED"
"802","Batch_009","1035824601.wem","B:\Thief2014_Dubbing\Extracted\th4_000_common_vo\th4_000_common_vo\english(us)\1035824601.wem","B:\Thief2014_Dubbing\Work\VoiceAudition\Batch_009\0802_1035824601.wav","26469050","401939776","771562498","1035824601","1","4,428","67","Custom Vorbis","32000 Hz","1","03-05s","CONVERTED"
"803","Batch_009","142501603.wem","B:\Thief2014_Dubbing\Extracted\th4_000_common_vo\th4_000_common_vo\english(us)\142501603.wem","B:\Thief2014_Dubbing\Work\VoiceAudition\Batch_009\0803_142501603.wav","2359788130","706680686","345183286","142501603","2","4,438","61","Custom Vorbis","32000 Hz","1","03-05s","CONVERTED"
"804","Batch_009","1019119805.wem","B:\Thief2014_Dubbing\Extracted\th4_000_common_vo\th4_000_common_vo\english(us)\1019119805.wem","B:\Thief2014_Dubbing\Work\VoiceAudition\Batch_009\0804_1019119805.wav","1795884759","494647886","890943570","1019119805","1","4,442","58","Custom Vorbis","32000 Hz","1","03-05s","CONVERTED"
"805","Batch_009","213762010.wem","B:\Thief2014_Dubbing\Extracted\th4_000_common_vo\th4_000_common_vo\english(us)\213762010.wem","B:\Thief2014_Dubbing\Work\VoiceAudition\Batch_009\0805_213762010.wav","2664002317","351187368","1044185358","213762010","1","4,444","60","Custom Vorbis","32000 Hz","1","03-05s","CONVERTED"
"806","Batch_009","849736638.wem","B:\Thief2014_Dubbing\Extracted\th4_000_common_vo\th4_000_common_vo\english(us)\849736638.wem","B:\Thief2014_Dubbing\Work\VoiceAudition\Batch_009\0806_849736638.wav","452339529","848367069","770527150","849736638","1","4,449","80","Custom Vorbis","32000 Hz","1","03-05s","CONVERTED"
"807","Batch_009","147747681.wem","B:\Thief2014_Dubbing\Extracted\th4_000_common_vo\th4_000_common_vo\english(us)\147747681.wem","B:\Thief2014_Dubbing\Work\VoiceAudition\Batch_009\0807_147747681.wav","3082062299","1027399461","278513699","147747681","1","4,463","61","Custom Vorbis","32000 Hz","1","03-05s","CONVERTED"
"808","Batch_009","404788835.wem","B:\Thief2014_Dubbing\Extracted\th4_000_common_vo\th4_000_common_vo\english(us)\404788835.wem","B:\Thief2014_Dubbing\Work\VoiceAudition\Batch_009\0808_404788835.wav","2954378006","72523283","173613983","404788835","1","4,464","69","Custom Vorbis","32000 Hz","1","03-05s","CONVERTED"
"809","Batch_009","307942064.wem","B:\Thief2014_Dubbing\Extracted\th4_000_common_vo\th4_000_common_vo\english(us)\307942064.wem","B:\Thief2014_Dubbing\Work\VoiceAudition\Batch_009\0809_307942064.wav","4049253815","77189668","294086864","307942064","1","4,475","69","Custom Vorbis","32000 Hz","1","03-05s","CONVERTED"
"810","Batch_009","656128884.wem","B:\Thief2014_Dubbing\Extracted\th4_000_common_vo\th4_000_common_vo\english(us)\656128884.wem","B:\Thief2014_Dubbing\Work\VoiceAudition\Batch_009\0810_656128884.wav","3158607891","923164948","88238200","656128884","1","4,475","68","Custom Vorbis","32000 Hz","1","03-05s","CONVERTED"
"811","Batch_009","836242656.wem","B:\Thief2014_Dubbing\Extracted\th4_000_common_vo\th4_000_common_vo\english(us)\836242656.wem","B:\Thief2014_Dubbing\Work\VoiceAudition\Batch_009\0811_836242656.wav","993420852","881982948","242094586","836242656","1","4,478","74","Custom Vorbis","32000 Hz","1","03-05s","CONVERTED"
"812","Batch_009","659204516.wem","B:\Thief2014_Dubbing\Extracted\th4_000_common_vo\th4_000_common_vo\english(us)\659204516.wem","B:\Thief2014_Dubbing\Work\VoiceAudition\Batch_009\0812_659204516.wav","1791293920","338238921","6644698","659204516","1","4,487","71","Custom Vorbis","32000 Hz","1","03-05s","CONVERTED"
"813","Batch_009","687952756.wem","B:\Thief2014_Dubbing\Extracted\th4_000_common_vo\th4_000_common_vo\english(us)\687952756.wem","B:\Thief2014_Dubbing\Work\VoiceAudition\Batch_009\0813_687952756.wav","30263741","723617978","859770189","687952756","1","4,512","84","Custom Vorbis","32000 Hz","1","03-05s","CONVERTED"
"814","Batch_009","788169647.wem","B:\Thief2014_Dubbing\Extracted\th4_000_common_vo\th4_000_common_vo\english(us)\788169647.wem","B:\Thief2014_Dubbing\Work\VoiceAudition\Batch_009\0814_788169647.wav","1270361140","283979803","472143845","788169647","1","4,52","68","Custom Vorbis","32000 Hz","1","03-05s","CONVERTED"
"815","Batch_009","3425580.wem","B:\Thief2014_Dubbing\Extracted\th4_000_common_vo\th4_000_common_vo\english(us)\3425580.wem","B:\Thief2014_Dubbing\Work\VoiceAudition\Batch_009\0815_3425580.wav","3098908705","133087753","56891956","3425580","2","4,52","65","Custom Vorbis","32000 Hz","1","03-05s","CONVERTED"
"816","Batch_009","842102351.wem","B:\Thief2014_Dubbing\Extracted\th4_000_common_vo\th4_000_common_vo\english(us)\842102351.wem","B:\Thief2014_Dubbing\Work\VoiceAudition\Batch_009\0816_842102351.wav","157576115","536449944","161155323","842102351","1","4,523","71","Custom Vorbis","32000 Hz","1","03-05s","CONVERTED"
"817","Batch_009","20696694.wem","B:\Thief2014_Dubbing\Extracted\th4_000_common_vo\th4_000_common_vo\english(us)\20696694.wem","B:\Thief2014_Dubbing\Work\VoiceAudition\Batch_009\0817_20696694.wav","1213289082","391161149","714851924","20696694","2","4,526","59","Custom Vorbis","32000 Hz","1","03-05s","CONVERTED"
"818","Batch_009","14140737.wem","B:\Thief2014_Dubbing\Extracted\th4_000_common_vo\th4_000_common_vo\english(us)\14140737.wem","B:\Thief2014_Dubbing\Work\VoiceAudition\Batch_009\0818_14140737.wav","2141487084","241039959","709171732","14140737","1","4,531","63","Custom Vorbis","32000 Hz","1","03-05s","CONVERTED"
"819","Batch_009","984367350.wem","B:\Thief2014_Dubbing\Extracted\th4_000_common_vo\th4_000_common_vo\english(us)\984367350.wem","B:\Thief2014_Dubbing\Work\VoiceAudition\Batch_009\0819_984367350.wav","67663027","808018788","218754862","984367350","1","4,533","71","Custom Vorbis","32000 Hz","1","03-05s","CONVERTED"
"820","Batch_009","1011213518.wem","B:\Thief2014_Dubbing\Extracted\th4_000_common_vo\th4_000_common_vo\english(us)\1011213518.wem","B:\Thief2014_Dubbing\Work\VoiceAudition\Batch_009\0820_1011213518.wav","4277974997","268038337","723520379","1011213518","1","4,533","78","Custom Vorbis","32000 Hz","1","03-05s","CONVERTED"
"821","Batch_009","98552437.wem","B:\Thief2014_Dubbing\Extracted\th4_000_common_vo\th4_000_common_vo\english(us)\98552437.wem","B:\Thief2014_Dubbing\Work\VoiceAudition\Batch_009\0821_98552437.wav","1074146810","344433556","994218871","98552437","1","4,577","67","Custom Vorbis","32000 Hz","1","03-05s","CONVERTED"
"822","Batch_009","233546027.wem","B:\Thief2014_Dubbing\Extracted\th4_000_common_vo\th4_000_common_vo\english(us)\233546027.wem","B:\Thief2014_Dubbing\Work\VoiceAudition\Batch_009\0822_233546027.wav","1092904881","953086152","523817968","233546027","1","4,578","66","Custom Vorbis","32000 Hz","1","03-05s","CONVERTED"
"823","Batch_009","677559673.wem","B:\Thief2014_Dubbing\Extracted\th4_000_common_vo\th4_000_common_vo\english(us)\677559673.wem","B:\Thief2014_Dubbing\Work\VoiceAudition\Batch_009\0823_677559673.wav","2936382455","1049261664","288908823","677559673","1","4,581","66","Custom Vorbis","32000 Hz","1","03-05s","CONVERTED"
"824","Batch_009","485350741.wem","B:\Thief2014_Dubbing\Extracted\th4_000_common_vo\th4_000_common_vo\english(us)\485350741.wem","B:\Thief2014_Dubbing\Work\VoiceAudition\Batch_009\0824_485350741.wav","2300763553","552646575","190956361","485350741","1","4,581","70","Custom Vorbis","32000 Hz","1","03-05s","CONVERTED"
"825","Batch_009","664790396.wem","B:\Thief2014_Dubbing\Extracted\th4_000_common_vo\th4_000_common_vo\english(us)\664790396.wem","B:\Thief2014_Dubbing\Work\VoiceAudition\Batch_009\0825_664790396.wav","2106127640","86973129","18157117","664790396","1","4,597","75","Custom Vorbis","32000 Hz","1","03-05s","CONVERTED"
"826","Batch_009","439504169.wem","B:\Thief2014_Dubbing\Extracted\th4_000_common_vo\th4_000_common_vo\english(us)\439504169.wem","B:\Thief2014_Dubbing\Work\VoiceAudition\Batch_009\0826_439504169.wav","2617860108","642223327","717555436","439504169","1","4,602","72","Custom Vorbis","32000 Hz","1","03-05s","CONVERTED"
"827","Batch_009","883334655.wem","B:\Thief2014_Dubbing\Extracted\th4_000_common_vo\th4_000_common_vo\english(us)\883334655.wem","B:\Thief2014_Dubbing\Work\VoiceAudition\Batch_009\0827_883334655.wav","15524057","22341881","820328157","883334655","1","4,609","73","Custom Vorbis","32000 Hz","1","03-05s","CONVERTED"
"828","Batch_009","556011718.wem","B:\Thief2014_Dubbing\Extracted\th4_000_common_vo\th4_000_common_vo\english(us)\556011718.wem","B:\Thief2014_Dubbing\Work\VoiceAudition\Batch_009\0828_556011718.wav","1153101288","1007007993","120729097","556011718","1","4,611","69","Custom Vorbis","32000 Hz","1","03-05s","CONVERTED"
"829","Batch_009","620639237.wem","B:\Thief2014_Dubbing\Extracted\th4_000_common_vo\th4_000_common_vo\english(us)\620639237.wem","B:\Thief2014_Dubbing\Work\VoiceAudition\Batch_009\0829_620639237.wav","2905455963","706393658","738574398","620639237","1","4,616","69","Custom Vorbis","32000 Hz","1","03-05s","CONVERTED"
"830","Batch_009","460416727.wem","B:\Thief2014_Dubbing\Extracted\th4_000_common_vo\th4_000_common_vo\english(us)\460416727.wem","B:\Thief2014_Dubbing\Work\VoiceAudition\Batch_009\0830_460416727.wav","715266223","83417245","796738641","460416727","1","4,675","71","Custom Vorbis","32000 Hz","1","03-05s","CONVERTED"
"831","Batch_009","287830862.wem","B:\Thief2014_Dubbing\Extracted\th4_000_common_vo\th4_000_common_vo\english(us)\287830862.wem","B:\Thief2014_Dubbing\Work\VoiceAudition\Batch_009\0831_287830862.wav","2538218920","512806896","577175757","287830862","1","4,694","66","Custom Vorbis","32000 Hz","1","03-05s","CONVERTED"
"832","Batch_009","493722911.wem","B:\Thief2014_Dubbing\Extracted\th4_000_common_vo\th4_000_common_vo\english(us)\493722911.wem","B:\Thief2014_Dubbing\Work\VoiceAudition\Batch_009\0832_493722911.wav","929252235","139077089","215231176","493722911","1","4,694","75","Custom Vorbis","32000 Hz","1","03-05s","CONVERTED"
"833","Batch_009","176314973.wem","B:\Thief2014_Dubbing\Extracted\th4_000_common_vo\th4_000_common_vo\english(us)\176314973.wem","B:\Thief2014_Dubbing\Work\VoiceAudition\Batch_009\0833_176314973.wav","2272354181","1054670987","326090636","176314973","1","4,697","69","Custom Vorbis","32000 Hz","1","03-05s","CONVERTED"
"834","Batch_009","770679657.wem","B:\Thief2014_Dubbing\Extracted\th4_000_common_vo\th4_000_common_vo\english(us)\770679657.wem","B:\Thief2014_Dubbing\Work\VoiceAudition\Batch_009\0834_770679657.wav","791690232","144700501","653534574","770679657","1","4,699","75","Custom Vorbis","32000 Hz","1","03-05s","CONVERTED"
"835","Batch_009","846936539.wem","B:\Thief2014_Dubbing\Extracted\th4_000_common_vo\th4_000_common_vo\english(us)\846936539.wem","B:\Thief2014_Dubbing\Work\VoiceAudition\Batch_009\0835_846936539.wav","1036583518","36118526","732053180","846936539","1","4,721","67","Custom Vorbis","32000 Hz","1","03-05s","CONVERTED"
"836","Batch_009","956882359.wem","B:\Thief2014_Dubbing\Extracted\th4_000_common_vo\th4_000_common_vo\english(us)\956882359.wem","B:\Thief2014_Dubbing\Work\VoiceAudition\Batch_009\0836_956882359.wav","727153423","415060198","368332598","956882359","1","4,729","67","Custom Vorbis","32000 Hz","1","03-05s","CONVERTED"
"837","Batch_009","631317220.wem","B:\Thief2014_Dubbing\Extracted\th4_000_common_vo\th4_000_common_vo\english(us)\631317220.wem","B:\Thief2014_Dubbing\Work\VoiceAudition\Batch_009\0837_631317220.wav","1537684813","740483147","835605372","631317220","1","4,736","74","Custom Vorbis","32000 Hz","1","03-05s","CONVERTED"
"838","Batch_009","866777626.wem","B:\Thief2014_Dubbing\Extracted\th4_000_common_vo\th4_000_common_vo\english(us)\866777626.wem","B:\Thief2014_Dubbing\Work\VoiceAudition\Batch_009\0838_866777626.wav","1930439428","66161166","859486199","866777626","1","4,738","66","Custom Vorbis","32000 Hz","1","03-05s","CONVERTED"
"839","Batch_009","175489343.wem","B:\Thief2014_Dubbing\Extracted\th4_000_common_vo\th4_000_common_vo\english(us)\175489343.wem","B:\Thief2014_Dubbing\Work\VoiceAudition\Batch_009\0839_175489343.wav","4152934995","288504288","302873959","175489343","1","4,738","72","Custom Vorbis","32000 Hz","1","03-05s","CONVERTED"
"840","Batch_009","643106928.wem","B:\Thief2014_Dubbing\Extracted\th4_000_common_vo\th4_000_common_vo\english(us)\643106928.wem","B:\Thief2014_Dubbing\Work\VoiceAudition\Batch_009\0840_643106928.wav","3807544649","838639429","683865752","643106928","1","4,753","65","Custom Vorbis","32000 Hz","1","03-05s","CONVERTED"
"841","Batch_009","630611290.wem","B:\Thief2014_Dubbing\Extracted\th4_000_common_vo\th4_000_common_vo\english(us)\630611290.wem","B:\Thief2014_Dubbing\Work\VoiceAudition\Batch_009\0841_630611290.wav","2045505234","313260858","436289009","630611290","1","4,755","69","Custom Vorbis","32000 Hz","1","03-05s","CONVERTED"
"842","Batch_009","864627047.wem","B:\Thief2014_Dubbing\Extracted\th4_000_common_vo\th4_000_common_vo\english(us)\864627047.wem","B:\Thief2014_Dubbing\Work\VoiceAudition\Batch_009\0842_864627047.wav","2346547009","408920005","930575479","864627047","1","4,764","66","Custom Vorbis","32000 Hz","1","03-05s","CONVERTED"
"843","Batch_009","6407439.wem","B:\Thief2014_Dubbing\Extracted\th4_000_common_vo\th4_000_common_vo\english(us)\6407439.wem","B:\Thief2014_Dubbing\Work\VoiceAudition\Batch_009\0843_6407439.wav","2519060418","910703238","876698212","6407439","1","4,774","67","Custom Vorbis","32000 Hz","1","03-05s","CONVERTED"
"844","Batch_009","958186655.wem","B:\Thief2014_Dubbing\Extracted\th4_000_common_vo\th4_000_common_vo\english(us)\958186655.wem","B:\Thief2014_Dubbing\Work\VoiceAudition\Batch_009\0844_958186655.wav","962791485","339693481","721661854","958186655","1","4,787","69","Custom Vorbis","32000 Hz","1","03-05s","CONVERTED"
"845","Batch_009","394844575.wem","B:\Thief2014_Dubbing\Extracted\th4_000_common_vo\th4_000_common_vo\english(us)\394844575.wem","B:\Thief2014_Dubbing\Work\VoiceAudition\Batch_009\0845_394844575.wav","1134550596","481443289","77120452","394844575","1","4,793","67","Custom Vorbis","32000 Hz","1","03-05s","CONVERTED"
"846","Batch_009","264429072.wem","B:\Thief2014_Dubbing\Extracted\th4_000_common_vo\th4_000_common_vo\english(us)\264429072.wem","B:\Thief2014_Dubbing\Work\VoiceAudition\Batch_009\0846_264429072.wav","4254817407","813007085","629324952","264429072","1","4,796","69","Custom Vorbis","32000 Hz","1","03-05s","CONVERTED"
"847","Batch_009","904508579.wem","B:\Thief2014_Dubbing\Extracted\th4_000_common_vo\th4_000_common_vo\english(us)\904508579.wem","B:\Thief2014_Dubbing\Work\VoiceAudition\Batch_009\0847_904508579.wav","3472596609","598556963","937322468","904508579","1","4,8","67","Custom Vorbis","32000 Hz","1","03-05s","CONVERTED"
"848","Batch_009","116629131.wem","B:\Thief2014_Dubbing\Extracted\th4_000_common_vo\th4_000_common_vo\english(us)\116629131.wem","B:\Thief2014_Dubbing\Work\VoiceAudition\Batch_009\0848_116629131.wav","1717726313","844438549","254486690","116629131","1","4,823","69","Custom Vorbis","32000 Hz","1","03-05s","CONVERTED"
"849","Batch_009","336743785.wem","B:\Thief2014_Dubbing\Extracted\th4_000_common_vo\th4_000_common_vo\english(us)\336743785.wem","B:\Thief2014_Dubbing\Work\VoiceAudition\Batch_009\0849_336743785.wav","2188338835","324718724","688079221","336743785","1","4,824","60","Custom Vorbis","32000 Hz","1","03-05s","CONVERTED"
"850","Batch_009","185799516.wem","B:\Thief2014_Dubbing\Extracted\th4_000_common_vo\th4_000_common_vo\english(us)\185799516.wem","B:\Thief2014_Dubbing\Work\VoiceAudition\Batch_009\0850_185799516.wav","1126614114","1040170917","942563278","185799516","1","4,847","68","Custom Vorbis","32000 Hz","1","03-05s","CONVERTED"
"851","Batch_009","608002897.wem","B:\Thief2014_Dubbing\Extracted\th4_000_common_vo\th4_000_common_vo\english(us)\608002897.wem","B:\Thief2014_Dubbing\Work\VoiceAudition\Batch_009\0851_608002897.wav","2499600490","780665079","91419247","608002897","1","4,864","69","Custom Vorbis","32000 Hz","1","03-05s","CONVERTED"
"852","Batch_009","874935267.wem","B:\Thief2014_Dubbing\Extracted\th4_000_common_vo\th4_000_common_vo\english(us)\874935267.wem","B:\Thief2014_Dubbing\Work\VoiceAudition\Batch_009\0852_874935267.wav","629627779","990040243","599798216","874935267","2","4,869","62","Custom Vorbis","32000 Hz","1","03-05s","CONVERTED"
"853","Batch_009","1032521899.wem","B:\Thief2014_Dubbing\Extracted\th4_000_common_vo\th4_000_common_vo\english(us)\1032521899.wem","B:\Thief2014_Dubbing\Work\VoiceAudition\Batch_009\0853_1032521899.wav","1493056630","641044259","847070882","1032521899","1","4,872","72","Custom Vorbis","32000 Hz","1","03-05s","CONVERTED"
"854","Batch_009","1008196753.wem","B:\Thief2014_Dubbing\Extracted\th4_000_common_vo\th4_000_common_vo\english(us)\1008196753.wem","B:\Thief2014_Dubbing\Work\VoiceAudition\Batch_009\0854_1008196753.wav","212496226","276285837","722094028","1008196753","1","4,872","68","Custom Vorbis","32000 Hz","1","03-05s","CONVERTED"
"855","Batch_009","551136483.wem","B:\Thief2014_Dubbing\Extracted\th4_000_common_vo\th4_000_common_vo\english(us)\551136483.wem","B:\Thief2014_Dubbing\Work\VoiceAudition\Batch_009\0855_551136483.wav","1887777798","123807708","580776382","551136483","1","4,873","69","Custom Vorbis","32000 Hz","1","03-05s","CONVERTED"
"856","Batch_009","681387595.wem","B:\Thief2014_Dubbing\Extracted\th4_000_common_vo\th4_000_common_vo\english(us)\681387595.wem","B:\Thief2014_Dubbing\Work\VoiceAudition\Batch_009\0856_681387595.wav","1735195633","429733557","267818785","681387595","1","4,88","74","Custom Vorbis","32000 Hz","1","03-05s","CONVERTED"
"857","Batch_009","490282974.wem","B:\Thief2014_Dubbing\Extracted\th4_000_common_vo\th4_000_common_vo\english(us)\490282974.wem","B:\Thief2014_Dubbing\Work\VoiceAudition\Batch_009\0857_490282974.wav","3668016913","528110645","361289234","490282974","1","4,881","67","Custom Vorbis","32000 Hz","1","03-05s","CONVERTED"
"858","Batch_009","83349338.wem","B:\Thief2014_Dubbing\Extracted\th4_000_common_vo\th4_000_common_vo\english(us)\83349338.wem","B:\Thief2014_Dubbing\Work\VoiceAudition\Batch_009\0858_83349338.wav","3562805937","209361308","401021872","83349338","1","4,883","68","Custom Vorbis","32000 Hz","1","03-05s","CONVERTED"
"859","Batch_009","1030164003.wem","B:\Thief2014_Dubbing\Extracted\th4_000_common_vo\th4_000_common_vo\english(us)\1030164003.wem","B:\Thief2014_Dubbing\Work\VoiceAudition\Batch_009\0859_1030164003.wav","4083146248","8403707","418517734","1030164003","1","4,889","71","Custom Vorbis","32000 Hz","1","03-05s","CONVERTED"
"860","Batch_009","192113431.wem","B:\Thief2014_Dubbing\Extracted\th4_000_common_vo\th4_000_common_vo\english(us)\192113431.wem","B:\Thief2014_Dubbing\Work\VoiceAudition\Batch_009\0860_192113431.wav","2658140653","312663576","952119059","192113431","1","4,889","72","Custom Vorbis","32000 Hz","1","03-05s","CONVERTED"
"861","Batch_009","755540062.wem","B:\Thief2014_Dubbing\Extracted\th4_000_common_vo\th4_000_common_vo\english(us)\755540062.wem","B:\Thief2014_Dubbing\Work\VoiceAudition\Batch_009\0861_755540062.wav","3416827058","615308723","275604950","755540062","1","4,907","68","Custom Vorbis","32000 Hz","1","03-05s","CONVERTED"
"862","Batch_009","820152014.wem","B:\Thief2014_Dubbing\Extracted\th4_000_common_vo\th4_000_common_vo\english(us)\820152014.wem","B:\Thief2014_Dubbing\Work\VoiceAudition\Batch_009\0862_820152014.wav","692046863","177542508","137229156","820152014","1","4,918","71","Custom Vorbis","32000 Hz","1","03-05s","CONVERTED"
"863","Batch_009","688622186.wem","B:\Thief2014_Dubbing\Extracted\th4_000_common_vo\th4_000_common_vo\english(us)\688622186.wem","B:\Thief2014_Dubbing\Work\VoiceAudition\Batch_009\0863_688622186.wav","2473794624","490975876","119773558","688622186","1","4,933","67","Custom Vorbis","32000 Hz","1","03-05s","CONVERTED"
"864","Batch_009","620304233.wem","B:\Thief2014_Dubbing\Extracted\th4_000_common_vo\th4_000_common_vo\english(us)\620304233.wem","B:\Thief2014_Dubbing\Work\VoiceAudition\Batch_009\0864_620304233.wav","3716023168","134491677","284285436","620304233","1","4,962","74","Custom Vorbis","32000 Hz","1","03-05s","CONVERTED"
"865","Batch_009","303752298.wem","B:\Thief2014_Dubbing\Extracted\th4_000_common_vo\th4_000_common_vo\english(us)\303752298.wem","B:\Thief2014_Dubbing\Work\VoiceAudition\Batch_009\0865_303752298.wav","2365126115","160886553","109526083","303752298","1","4,963","65","Custom Vorbis","32000 Hz","1","03-05s","CONVERTED"
"866","Batch_009","86008251.wem","B:\Thief2014_Dubbing\Extracted\th4_000_common_vo\th4_000_common_vo\english(us)\86008251.wem","B:\Thief2014_Dubbing\Work\VoiceAudition\Batch_009\0866_86008251.wav","1467204419","218565073","267389728","86008251","1","4,974","69","Custom Vorbis","32000 Hz","1","03-05s","CONVERTED"
"867","Batch_009","38505124.wem","B:\Thief2014_Dubbing\Extracted\th4_000_common_vo\th4_000_common_vo\english(us)\38505124.wem","B:\Thief2014_Dubbing\Work\VoiceAudition\Batch_009\0867_38505124.wav","1906860155","618667253","724606175","38505124","1","4,981","72","Custom Vorbis","32000 Hz","1","03-05s","CONVERTED"
"868","Batch_009","475355609.wem","B:\Thief2014_Dubbing\Extracted\th4_000_common_vo\th4_000_common_vo\english(us)\475355609.wem","B:\Thief2014_Dubbing\Work\VoiceAudition\Batch_009\0868_475355609.wav","3722097342","1058195344","488326372","475355609","1","4,983","68","Custom Vorbis","32000 Hz","1","03-05s","CONVERTED"
"869","Batch_009","1056241236.wem","B:\Thief2014_Dubbing\Extracted\th4_000_common_vo\th4_000_common_vo\english(us)\1056241236.wem","B:\Thief2014_Dubbing\Work\VoiceAudition\Batch_009\0869_1056241236.wav","3193117353","842035104","988653907","1056241236","1","4,984","66","Custom Vorbis","32000 Hz","1","03-05s","CONVERTED"
"870","Batch_009","206607860.wem","B:\Thief2014_Dubbing\Extracted\th4_000_common_vo\th4_000_common_vo\english(us)\206607860.wem","B:\Thief2014_Dubbing\Work\VoiceAudition\Batch_009\0870_206607860.wav","3916310647","919809908","16605200","206607860","1","4,985","66","Custom Vorbis","32000 Hz","1","03-05s","CONVERTED"
"871","Batch_009","384020408.wem","B:\Thief2014_Dubbing\Extracted\th4_000_common_vo\th4_000_common_vo\english(us)\384020408.wem","B:\Thief2014_Dubbing\Work\VoiceAudition\Batch_009\0871_384020408.wav","952301461","541919175","838947076","384020408","1","4,988","69","Custom Vorbis","32000 Hz","1","03-05s","CONVERTED"
"872","Batch_009","231986273.wem","B:\Thief2014_Dubbing\Extracted\th4_000_common_vo\th4_000_common_vo\english(us)\231986273.wem","B:\Thief2014_Dubbing\Work\VoiceAudition\Batch_009\0872_231986273.wav","2036711722","180633126","92415574","231986273","1","4,992","67","Custom Vorbis","32000 Hz","1","03-05s","CONVERTED"
"873","Batch_009","507868355.wem","B:\Thief2014_Dubbing\Extracted\th4_000_common_vo\th4_000_common_vo\english(us)\507868355.wem","B:\Thief2014_Dubbing\Work\VoiceAudition\Batch_009\0873_507868355.wav","3016619489","878720335","448285965","507868355","1","5","61","Custom Vorbis","32000 Hz","1","05-10s","CONVERTED"
"874","Batch_009","65816721.wem","B:\Thief2014_Dubbing\Extracted\th4_000_common_vo\th4_000_common_vo\english(us)\65816721.wem","B:\Thief2014_Dubbing\Work\VoiceAudition\Batch_009\0874_65816721.wav","373633978","217254183","101784772","65816721","1","5","62","Custom Vorbis","32000 Hz","1","05-10s","CONVERTED"
"875","Batch_009","396856693.wem","B:\Thief2014_Dubbing\Extracted\th4_000_common_vo\th4_000_common_vo\english(us)\396856693.wem","B:\Thief2014_Dubbing\Work\VoiceAudition\Batch_009\0875_396856693.wav","2955162213","997398706","1039244062","396856693","1","5","60","Custom Vorbis","32000 Hz","1","05-10s","CONVERTED"
"876","Batch_009","718567021.wem","B:\Thief2014_Dubbing\Extracted\th4_000_common_vo\th4_000_common_vo\english(us)\718567021.wem","B:\Thief2014_Dubbing\Work\VoiceAudition\Batch_009\0876_718567021.wav","2740913428","12442089","282039142","718567021","1","5,006","70","Custom Vorbis","32000 Hz","1","05-10s","CONVERTED"
"877","Batch_009","503484683.wem","B:\Thief2014_Dubbing\Extracted\th4_000_common_vo\th4_000_common_vo\english(us)\503484683.wem","B:\Thief2014_Dubbing\Work\VoiceAudition\Batch_009\0877_503484683.wav","2348459300","779699267","38117020","503484683","1","5,012","66","Custom Vorbis","32000 Hz","1","05-10s","CONVERTED"
"878","Batch_009","726089987.wem","B:\Thief2014_Dubbing\Extracted\th4_000_common_vo\th4_000_common_vo\english(us)\726089987.wem","B:\Thief2014_Dubbing\Work\VoiceAudition\Batch_009\0878_726089987.wav","37023884","1003340774","56078658","726089987","1","5,025","83","Custom Vorbis","32000 Hz","1","05-10s","CONVERTED"
"879","Batch_009","1016042812.wem","B:\Thief2014_Dubbing\Extracted\th4_000_common_vo\th4_000_common_vo\english(us)\1016042812.wem","B:\Thief2014_Dubbing\Work\VoiceAudition\Batch_009\0879_1016042812.wav","797081514","669172539","856573065","1016042812","1","5,032","68","Custom Vorbis","32000 Hz","1","05-10s","CONVERTED"
"880","Batch_009","564389244.wem","B:\Thief2014_Dubbing\Extracted\th4_000_common_vo\th4_000_common_vo\english(us)\564389244.wem","B:\Thief2014_Dubbing\Work\VoiceAudition\Batch_009\0880_564389244.wav","4268665587","433083335","517308290","564389244","1","5,034","67","Custom Vorbis","32000 Hz","1","05-10s","CONVERTED"
"881","Batch_009","607257319.wem","B:\Thief2014_Dubbing\Extracted\th4_000_common_vo\th4_000_common_vo\english(us)\607257319.wem","B:\Thief2014_Dubbing\Work\VoiceAudition\Batch_009\0881_607257319.wav","1232370383","919574694","969254776","607257319","1","5,056","69","Custom Vorbis","32000 Hz","1","05-10s","CONVERTED"
"882","Batch_009","1019216425.wem","B:\Thief2014_Dubbing\Extracted\th4_000_common_vo\th4_000_common_vo\english(us)\1019216425.wem","B:\Thief2014_Dubbing\Work\VoiceAudition\Batch_009\0882_1019216425.wav","1192026671","314103222","668081205","1019216425","1","5,073","65","Custom Vorbis","32000 Hz","1","05-10s","CONVERTED"
"883","Batch_009","150649308.wem","B:\Thief2014_Dubbing\Extracted\th4_000_common_vo\th4_000_common_vo\english(us)\150649308.wem","B:\Thief2014_Dubbing\Work\VoiceAudition\Batch_009\0883_150649308.wav","1434959409","202874251","472137787","150649308","1","5,076","63","Custom Vorbis","32000 Hz","1","05-10s","CONVERTED"
"884","Batch_009","607237120.wem","B:\Thief2014_Dubbing\Extracted\th4_000_common_vo\th4_000_common_vo\english(us)\607237120.wem","B:\Thief2014_Dubbing\Work\VoiceAudition\Batch_009\0884_607237120.wav","3734191343","716363581","751633344","607237120","1","5,079","72","Custom Vorbis","32000 Hz","1","05-10s","CONVERTED"
"885","Batch_009","192194498.wem","B:\Thief2014_Dubbing\Extracted\th4_000_common_vo\th4_000_common_vo\english(us)\192194498.wem","B:\Thief2014_Dubbing\Work\VoiceAudition\Batch_009\0885_192194498.wav","459810690","1037732648","428424277","192194498","1","5,083","65","Custom Vorbis","32000 Hz","1","05-10s","CONVERTED"
"886","Batch_009","243616231.wem","B:\Thief2014_Dubbing\Extracted\th4_000_common_vo\th4_000_common_vo\english(us)\243616231.wem","B:\Thief2014_Dubbing\Work\VoiceAudition\Batch_009\0886_243616231.wav","264492210","948614272","113777530","243616231","1","5,108","76","Custom Vorbis","32000 Hz","1","05-10s","CONVERTED"
"887","Batch_009","184262414.wem","B:\Thief2014_Dubbing\Extracted\th4_000_common_vo\th4_000_common_vo\english(us)\184262414.wem","B:\Thief2014_Dubbing\Work\VoiceAudition\Batch_009\0887_184262414.wav","4091220511","352045557","983828701","184262414","1","5,115","70","Custom Vorbis","32000 Hz","1","05-10s","CONVERTED"
"888","Batch_009","478782204.wem","B:\Thief2014_Dubbing\Extracted\th4_000_common_vo\th4_000_common_vo\english(us)\478782204.wem","B:\Thief2014_Dubbing\Work\VoiceAudition\Batch_009\0888_478782204.wav","1395982077","793160162","750376927","478782204","1","5,118","72","Custom Vorbis","32000 Hz","1","05-10s","CONVERTED"
"889","Batch_009","410655110.wem","B:\Thief2014_Dubbing\Extracted\th4_000_common_vo\th4_000_common_vo\english(us)\410655110.wem","B:\Thief2014_Dubbing\Work\VoiceAudition\Batch_009\0889_410655110.wav","1015092084","675543373","744084639","410655110","1","5,121","68","Custom Vorbis","32000 Hz","1","05-10s","CONVERTED"
"890","Batch_009","169992522.wem","B:\Thief2014_Dubbing\Extracted\th4_000_common_vo\th4_000_common_vo\english(us)\169992522.wem","B:\Thief2014_Dubbing\Work\VoiceAudition\Batch_009\0890_169992522.wav","2580604493","289027545","481013096","169992522","1","5,131","74","Custom Vorbis","32000 Hz","1","05-10s","CONVERTED"
"891","Batch_009","212234175.wem","B:\Thief2014_Dubbing\Extracted\th4_000_common_vo\th4_000_common_vo\english(us)\212234175.wem","B:\Thief2014_Dubbing\Work\VoiceAudition\Batch_009\0891_212234175.wav","1504815003","25101986","366616315","212234175","1","5,157","58","Custom Vorbis","32000 Hz","1","05-10s","CONVERTED"
"892","Batch_009","760776751.wem","B:\Thief2014_Dubbing\Extracted\th4_000_common_vo\th4_000_common_vo\english(us)\760776751.wem","B:\Thief2014_Dubbing\Work\VoiceAudition\Batch_009\0892_760776751.wav","1168415400","160586201","740703839","760776751","1","5,165","70","Custom Vorbis","32000 Hz","1","05-10s","CONVERTED"
"893","Batch_009","742914976.wem","B:\Thief2014_Dubbing\Extracted\th4_000_common_vo\th4_000_common_vo\english(us)\742914976.wem","B:\Thief2014_Dubbing\Work\VoiceAudition\Batch_009\0893_742914976.wav","2525512531","642971320","366670215","742914976","1","5,2","68","Custom Vorbis","32000 Hz","1","05-10s","CONVERTED"
"894","Batch_009","779318320.wem","B:\Thief2014_Dubbing\Extracted\th4_000_common_vo\th4_000_common_vo\english(us)\779318320.wem","B:\Thief2014_Dubbing\Work\VoiceAudition\Batch_009\0894_779318320.wav","3829729102","113500154","325472263","779318320","1","5,211","65","Custom Vorbis","32000 Hz","1","05-10s","CONVERTED"
"895","Batch_009","739343470.wem","B:\Thief2014_Dubbing\Extracted\th4_000_common_vo\th4_000_common_vo\english(us)\739343470.wem","B:\Thief2014_Dubbing\Work\VoiceAudition\Batch_009\0895_739343470.wav","1134099512","728299103","503277845","739343470","1","5,224","68","Custom Vorbis","32000 Hz","1","05-10s","CONVERTED"
"896","Batch_009","137581498.wem","B:\Thief2014_Dubbing\Extracted\th4_000_common_vo\th4_000_common_vo\english(us)\137581498.wem","B:\Thief2014_Dubbing\Work\VoiceAudition\Batch_009\0896_137581498.wav","718132085","398703830","411771121","137581498","1","5,227","67","Custom Vorbis","32000 Hz","1","05-10s","CONVERTED"
"897","Batch_009","511045932.wem","B:\Thief2014_Dubbing\Extracted\th4_000_common_vo\th4_000_common_vo\english(us)\511045932.wem","B:\Thief2014_Dubbing\Work\VoiceAudition\Batch_009\0897_511045932.wav","1312168736","395795933","701034815","511045932","1","5,241","67","Custom Vorbis","32000 Hz","1","05-10s","CONVERTED"
"898","Batch_009","326337733.wem","B:\Thief2014_Dubbing\Extracted\th4_000_common_vo\th4_000_common_vo\english(us)\326337733.wem","B:\Thief2014_Dubbing\Work\VoiceAudition\Batch_009\0898_326337733.wav","1253117252","977360908","101371365","326337733","1","5,245","67","Custom Vorbis","32000 Hz","1","05-10s","CONVERTED"
"899","Batch_009","529627824.wem","B:\Thief2014_Dubbing\Extracted\th4_000_common_vo\th4_000_common_vo\english(us)\529627824.wem","B:\Thief2014_Dubbing\Work\VoiceAudition\Batch_009\0899_529627824.wav","2664776366","1063831631","28335878","529627824","1","5,246","67","Custom Vorbis","32000 Hz","1","05-10s","CONVERTED"
"900","Batch_009","103162336.wem","B:\Thief2014_Dubbing\Extracted\th4_000_common_vo\th4_000_common_vo\english(us)\103162336.wem","B:\Thief2014_Dubbing\Work\VoiceAudition\Batch_009\0900_103162336.wav","2620796913","864881930","543057014","103162336","1","5,261","68","Custom Vorbis","32000 Hz","1","05-10s","CONVERTED"
"901","Batch_010","735720766.wem","B:\Thief2014_Dubbing\Extracted\th4_000_common_vo\th4_000_common_vo\english(us)\735720766.wem","B:\Thief2014_Dubbing\Work\VoiceAudition\Batch_010\0901_735720766.wav","3753047800","662890105","690767395","735720766","1","5,267","75","Custom Vorbis","32000 Hz","1","05-10s","CONVERTED"
"902","Batch_010","846917398.wem","B:\Thief2014_Dubbing\Extracted\th4_000_common_vo\th4_000_common_vo\english(us)\846917398.wem","B:\Thief2014_Dubbing\Work\VoiceAudition\Batch_010\0902_846917398.wav","1344103095","576496048","960943702","846917398","2","5,267","55","Custom Vorbis","32000 Hz","1","05-10s","CONVERTED"
"903","Batch_010","50572807.wem","B:\Thief2014_Dubbing\Extracted\th4_000_common_vo\th4_000_common_vo\english(us)\50572807.wem","B:\Thief2014_Dubbing\Work\VoiceAudition\Batch_010\0903_50572807.wav","4039136822","417031377","841810925","50572807","1","5,295","68","Custom Vorbis","32000 Hz","1","05-10s","CONVERTED"
"904","Batch_010","916594557.wem","B:\Thief2014_Dubbing\Extracted\th4_000_common_vo\th4_000_common_vo\english(us)\916594557.wem","B:\Thief2014_Dubbing\Work\VoiceAudition\Batch_010\0904_916594557.wav","3087475729","973577341","500794153","916594557","1","5,296","69","Custom Vorbis","32000 Hz","1","05-10s","CONVERTED"
"905","Batch_010","219835625.wem","B:\Thief2014_Dubbing\Extracted\th4_000_common_vo\th4_000_common_vo\english(us)\219835625.wem","B:\Thief2014_Dubbing\Work\VoiceAudition\Batch_010\0905_219835625.wav","291141652","571944126","860983115","219835625","1","5,32","68","Custom Vorbis","32000 Hz","1","05-10s","CONVERTED"
"906","Batch_010","1018412350.wem","B:\Thief2014_Dubbing\Extracted\th4_000_common_vo\th4_000_common_vo\english(us)\1018412350.wem","B:\Thief2014_Dubbing\Work\VoiceAudition\Batch_010\0906_1018412350.wav","1390311530","738812322","319887933","1018412350","1","5,33","72","Custom Vorbis","32000 Hz","1","05-10s","CONVERTED"
"907","Batch_010","366957376.wem","B:\Thief2014_Dubbing\Extracted\th4_000_common_vo\th4_000_common_vo\english(us)\366957376.wem","B:\Thief2014_Dubbing\Work\VoiceAudition\Batch_010\0907_366957376.wav","3569155239","961165312","233041791","366957376","1","5,332","67","Custom Vorbis","32000 Hz","1","05-10s","CONVERTED"
"908","Batch_010","86754495.wem","B:\Thief2014_Dubbing\Extracted\th4_000_common_vo\th4_000_common_vo\english(us)\86754495.wem","B:\Thief2014_Dubbing\Work\VoiceAudition\Batch_010\0908_86754495.wav","3101685905","653965402","777605706","86754495","1","5,347","71","Custom Vorbis","32000 Hz","1","05-10s","CONVERTED"
"909","Batch_010","433222527.wem","B:\Thief2014_Dubbing\Extracted\th4_000_common_vo\th4_000_common_vo\english(us)\433222527.wem","B:\Thief2014_Dubbing\Work\VoiceAudition\Batch_010\0909_433222527.wav","985175208","359260679","276726676","433222527","1","5,347","68","Custom Vorbis","32000 Hz","1","05-10s","CONVERTED"
"910","Batch_010","449583122.wem","B:\Thief2014_Dubbing\Extracted\th4_000_common_vo\th4_000_common_vo\english(us)\449583122.wem","B:\Thief2014_Dubbing\Work\VoiceAudition\Batch_010\0910_449583122.wav","3550161132","277899670","740693975","449583122","1","5,348","69","Custom Vorbis","32000 Hz","1","05-10s","CONVERTED"
"911","Batch_010","2575341.wem","B:\Thief2014_Dubbing\Extracted\th4_000_common_vo\th4_000_common_vo\english(us)\2575341.wem","B:\Thief2014_Dubbing\Work\VoiceAudition\Batch_010\0911_2575341.wav","1449448340","263856076","1036449577","2575341","1","5,349","66","Custom Vorbis","32000 Hz","1","05-10s","CONVERTED"
"912","Batch_010","92198627.wem","B:\Thief2014_Dubbing\Extracted\th4_000_common_vo\th4_000_common_vo\english(us)\92198627.wem","B:\Thief2014_Dubbing\Work\VoiceAudition\Batch_010\0912_92198627.wav","4182485301","486493815","542662749","92198627","1","5,372","74","Custom Vorbis","32000 Hz","1","05-10s","CONVERTED"
"913","Batch_010","473254968.wem","B:\Thief2014_Dubbing\Extracted\th4_000_common_vo\th4_000_common_vo\english(us)\473254968.wem","B:\Thief2014_Dubbing\Work\VoiceAudition\Batch_010\0913_473254968.wav","538553527","958893593","340289213","473254968","1","5,384","70","Custom Vorbis","32000 Hz","1","05-10s","CONVERTED"
"914","Batch_010","777512750.wem","B:\Thief2014_Dubbing\Extracted\th4_000_common_vo\th4_000_common_vo\english(us)\777512750.wem","B:\Thief2014_Dubbing\Work\VoiceAudition\Batch_010\0914_777512750.wav","1273019539","278999721","202487759","777512750","1","5,4","71","Custom Vorbis","32000 Hz","1","05-10s","CONVERTED"
"915","Batch_010","107137317.wem","B:\Thief2014_Dubbing\Extracted\th4_000_common_vo\th4_000_common_vo\english(us)\107137317.wem","B:\Thief2014_Dubbing\Work\VoiceAudition\Batch_010\0915_107137317.wav","2225380438","748666220","911474382","107137317","1","5,411","68","Custom Vorbis","32000 Hz","1","05-10s","CONVERTED"
"916","Batch_010","486401047.wem","B:\Thief2014_Dubbing\Extracted\th4_000_common_vo\th4_000_common_vo\english(us)\486401047.wem","B:\Thief2014_Dubbing\Work\VoiceAudition\Batch_010\0916_486401047.wav","4185062212","259592355","317464616","486401047","1","5,413","67","Custom Vorbis","32000 Hz","1","05-10s","CONVERTED"
"917","Batch_010","800696960.wem","B:\Thief2014_Dubbing\Extracted\th4_000_common_vo\th4_000_common_vo\english(us)\800696960.wem","B:\Thief2014_Dubbing\Work\VoiceAudition\Batch_010\0917_800696960.wav","808574123","629352567","1051400346","800696960","1","5,413","69","Custom Vorbis","32000 Hz","1","05-10s","CONVERTED"
"918","Batch_010","930831490.wem","B:\Thief2014_Dubbing\Extracted\th4_000_common_vo\th4_000_common_vo\english(us)\930831490.wem","B:\Thief2014_Dubbing\Work\VoiceAudition\Batch_010\0918_930831490.wav","1902089781","844605453","360822654","930831490","1","5,438","66","Custom Vorbis","32000 Hz","1","05-10s","CONVERTED"
"919","Batch_010","969023310.wem","B:\Thief2014_Dubbing\Extracted\th4_000_common_vo\th4_000_common_vo\english(us)\969023310.wem","B:\Thief2014_Dubbing\Work\VoiceAudition\Batch_010\0919_969023310.wav","2876192162","333340310","684649077","969023310","2","5,439","61","Custom Vorbis","32000 Hz","1","05-10s","CONVERTED"
"920","Batch_010","405488693.wem","B:\Thief2014_Dubbing\Extracted\th4_000_common_vo\th4_000_common_vo\english(us)\405488693.wem","B:\Thief2014_Dubbing\Work\VoiceAudition\Batch_010\0920_405488693.wav","3476673361","883554388","25112106","405488693","1","5,442","66","Custom Vorbis","32000 Hz","1","05-10s","CONVERTED"
"921","Batch_010","295484415.wem","B:\Thief2014_Dubbing\Extracted\th4_000_common_vo\th4_000_common_vo\english(us)\295484415.wem","B:\Thief2014_Dubbing\Work\VoiceAudition\Batch_010\0921_295484415.wav","4132081626","805882330","82706509","295484415","1","5,448","68","Custom Vorbis","32000 Hz","1","05-10s","CONVERTED"
"922","Batch_010","757009109.wem","B:\Thief2014_Dubbing\Extracted\th4_000_common_vo\th4_000_common_vo\english(us)\757009109.wem","B:\Thief2014_Dubbing\Work\VoiceAudition\Batch_010\0922_757009109.wav","842795069","823387283","996552317","757009109","1","5,454","67","Custom Vorbis","32000 Hz","1","05-10s","CONVERTED"
"923","Batch_010","375133198.wem","B:\Thief2014_Dubbing\Extracted\th4_000_common_vo\th4_000_common_vo\english(us)\375133198.wem","B:\Thief2014_Dubbing\Work\VoiceAudition\Batch_010\0923_375133198.wav","2080917968","505100376","989650904","375133198","1","5,461","69","Custom Vorbis","32000 Hz","1","05-10s","CONVERTED"
"924","Batch_010","70106595.wem","B:\Thief2014_Dubbing\Extracted\th4_000_common_vo\th4_000_common_vo\english(us)\70106595.wem","B:\Thief2014_Dubbing\Work\VoiceAudition\Batch_010\0924_70106595.wav","193351199","342704997","831564288","70106595","1","5,473","67","Custom Vorbis","32000 Hz","1","05-10s","CONVERTED"
"925","Batch_010","27512562.wem","B:\Thief2014_Dubbing\Extracted\th4_000_common_vo\th4_000_common_vo\english(us)\27512562.wem","B:\Thief2014_Dubbing\Work\VoiceAudition\Batch_010\0925_27512562.wav","4203819135","692325295","30745212","27512562","1","5,484","68","Custom Vorbis","32000 Hz","1","05-10s","CONVERTED"
"926","Batch_010","567927241.wem","B:\Thief2014_Dubbing\Extracted\th4_000_common_vo\th4_000_common_vo\english(us)\567927241.wem","B:\Thief2014_Dubbing\Work\VoiceAudition\Batch_010\0926_567927241.wav","4085672706","838063337","175202371","567927241","1","5,486","68","Custom Vorbis","32000 Hz","1","05-10s","CONVERTED"
"927","Batch_010","258541100.wem","B:\Thief2014_Dubbing\Extracted\th4_000_common_vo\th4_000_common_vo\english(us)\258541100.wem","B:\Thief2014_Dubbing\Work\VoiceAudition\Batch_010\0927_258541100.wav","1276233748","856415100","84044586","258541100","1","5,487","72","Custom Vorbis","32000 Hz","1","05-10s","CONVERTED"
"928","Batch_010","990676790.wem","B:\Thief2014_Dubbing\Extracted\th4_000_common_vo\th4_000_common_vo\english(us)\990676790.wem","B:\Thief2014_Dubbing\Work\VoiceAudition\Batch_010\0928_990676790.wav","1999882942","794217752","415584878","990676790","1","5,49","65","Custom Vorbis","32000 Hz","1","05-10s","CONVERTED"
"929","Batch_010","900975517.wem","B:\Thief2014_Dubbing\Extracted\th4_000_common_vo\th4_000_common_vo\english(us)\900975517.wem","B:\Thief2014_Dubbing\Work\VoiceAudition\Batch_010\0929_900975517.wav","3394785282","359251216","17658365","900975517","1","5,493","68","Custom Vorbis","32000 Hz","1","05-10s","CONVERTED"
"930","Batch_010","700711985.wem","B:\Thief2014_Dubbing\Extracted\th4_000_common_vo\th4_000_common_vo\english(us)\700711985.wem","B:\Thief2014_Dubbing\Work\VoiceAudition\Batch_010\0930_700711985.wav","1784868865","331032502","1012368390","700711985","1","5,521","66","Custom Vorbis","32000 Hz","1","05-10s","CONVERTED"
"931","Batch_010","1040216574.wem","B:\Thief2014_Dubbing\Extracted\th4_000_common_vo\th4_000_common_vo\english(us)\1040216574.wem","B:\Thief2014_Dubbing\Work\VoiceAudition\Batch_010\0931_1040216574.wav","3209565980","73954323","700269304","1040216574","1","5,523","68","Custom Vorbis","32000 Hz","1","05-10s","CONVERTED"
"932","Batch_010","731194467.wem","B:\Thief2014_Dubbing\Extracted\th4_000_common_vo\th4_000_common_vo\english(us)\731194467.wem","B:\Thief2014_Dubbing\Work\VoiceAudition\Batch_010\0932_731194467.wav","1032886942","398313346","188229006","731194467","1","5,534","67","Custom Vorbis","32000 Hz","1","05-10s","CONVERTED"
"933","Batch_010","491564024.wem","B:\Thief2014_Dubbing\Extracted\th4_000_common_vo\th4_000_common_vo\english(us)\491564024.wem","B:\Thief2014_Dubbing\Work\VoiceAudition\Batch_010\0933_491564024.wav","4255974394","232325316","978995997","491564024","1","5,563","76","Custom Vorbis","32000 Hz","1","05-10s","CONVERTED"
"934","Batch_010","1050251054.wem","B:\Thief2014_Dubbing\Extracted\th4_000_common_vo\th4_000_common_vo\english(us)\1050251054.wem","B:\Thief2014_Dubbing\Work\VoiceAudition\Batch_010\0934_1050251054.wav","1258724443","238134403","79167144","1050251054","1","5,6","72","Custom Vorbis","32000 Hz","1","05-10s","CONVERTED"
"935","Batch_010","917585991.wem","B:\Thief2014_Dubbing\Extracted\th4_000_common_vo\th4_000_common_vo\english(us)\917585991.wem","B:\Thief2014_Dubbing\Work\VoiceAudition\Batch_010\0935_917585991.wav","3242189316","387354500","998452030","917585991","1","5,601","66","Custom Vorbis","32000 Hz","1","05-10s","CONVERTED"
"936","Batch_010","25842541.wem","B:\Thief2014_Dubbing\Extracted\th4_000_common_vo\th4_000_common_vo\english(us)\25842541.wem","B:\Thief2014_Dubbing\Work\VoiceAudition\Batch_010\0936_25842541.wav","552504920","730966312","97372912","25842541","1","5,617","69","Custom Vorbis","32000 Hz","1","05-10s","CONVERTED"
"937","Batch_010","329734131.wem","B:\Thief2014_Dubbing\Extracted\th4_000_common_vo\th4_000_common_vo\english(us)\329734131.wem","B:\Thief2014_Dubbing\Work\VoiceAudition\Batch_010\0937_329734131.wav","408058706","85614022","724083785","329734131","1","5,618","69","Custom Vorbis","32000 Hz","1","05-10s","CONVERTED"
"938","Batch_010","561179109.wem","B:\Thief2014_Dubbing\Extracted\th4_000_common_vo\th4_000_common_vo\english(us)\561179109.wem","B:\Thief2014_Dubbing\Work\VoiceAudition\Batch_010\0938_561179109.wav","1181181451","145569852","408759120","561179109","1","5,643","68","Custom Vorbis","32000 Hz","1","05-10s","CONVERTED"
"939","Batch_010","872314379.wem","B:\Thief2014_Dubbing\Extracted\th4_000_common_vo\th4_000_common_vo\english(us)\872314379.wem","B:\Thief2014_Dubbing\Work\VoiceAudition\Batch_010\0939_872314379.wav","2618876834","380036408","713689065","872314379","1","5,693","78","Custom Vorbis","32000 Hz","1","05-10s","CONVERTED"
"940","Batch_010","503314529.wem","B:\Thief2014_Dubbing\Extracted\th4_000_common_vo\th4_000_common_vo\english(us)\503314529.wem","B:\Thief2014_Dubbing\Work\VoiceAudition\Batch_010\0940_503314529.wav","2141487087","510419037","706504963","503314529","1","5,698","66","Custom Vorbis","32000 Hz","1","05-10s","CONVERTED"
"941","Batch_010","393960277.wem","B:\Thief2014_Dubbing\Extracted\th4_000_common_vo\th4_000_common_vo\english(us)\393960277.wem","B:\Thief2014_Dubbing\Work\VoiceAudition\Batch_010\0941_393960277.wav","3297347650","306387756","1018012663","393960277","1","5,699","71","Custom Vorbis","32000 Hz","1","05-10s","CONVERTED"
"942","Batch_010","583398930.wem","B:\Thief2014_Dubbing\Extracted\th4_000_common_vo\th4_000_common_vo\english(us)\583398930.wem","B:\Thief2014_Dubbing\Work\VoiceAudition\Batch_010\0942_583398930.wav","3253154306","723757622","655446178","583398930","1","5,706","68","Custom Vorbis","32000 Hz","1","05-10s","CONVERTED"
"943","Batch_010","465528367.wem","B:\Thief2014_Dubbing\Extracted\th4_000_common_vo\th4_000_common_vo\english(us)\465528367.wem","B:\Thief2014_Dubbing\Work\VoiceAudition\Batch_010\0943_465528367.wav","3590473986","821695112","678407609","465528367","1","5,707","72","Custom Vorbis","32000 Hz","1","05-10s","CONVERTED"
"944","Batch_010","181934843.wem","B:\Thief2014_Dubbing\Extracted\th4_000_common_vo\th4_000_common_vo\english(us)\181934843.wem","B:\Thief2014_Dubbing\Work\VoiceAudition\Batch_010\0944_181934843.wav","4090597759","1057776980","702690522","181934843","1","5,735","68","Custom Vorbis","32000 Hz","1","05-10s","CONVERTED"
"945","Batch_010","187578096.wem","B:\Thief2014_Dubbing\Extracted\th4_000_common_vo\th4_000_common_vo\english(us)\187578096.wem","B:\Thief2014_Dubbing\Work\VoiceAudition\Batch_010\0945_187578096.wav","3267913919","64937679","209026346","187578096","1","5,747","64","Custom Vorbis","32000 Hz","1","05-10s","CONVERTED"
"946","Batch_010","234171837.wem","B:\Thief2014_Dubbing\Extracted\th4_000_common_vo\th4_000_common_vo\english(us)\234171837.wem","B:\Thief2014_Dubbing\Work\VoiceAudition\Batch_010\0946_234171837.wav","659602759","889739615","985886388","234171837","1","5,749","68","Custom Vorbis","32000 Hz","1","05-10s","CONVERTED"
"947","Batch_010","452594030.wem","B:\Thief2014_Dubbing\Extracted\th4_000_common_vo\th4_000_common_vo\english(us)\452594030.wem","B:\Thief2014_Dubbing\Work\VoiceAudition\Batch_010\0947_452594030.wav","2749166468","447509143","487883303","452594030","1","5,751","69","Custom Vorbis","32000 Hz","1","05-10s","CONVERTED"
"948","Batch_010","624055360.wem","B:\Thief2014_Dubbing\Extracted\th4_000_common_vo\th4_000_common_vo\english(us)\624055360.wem","B:\Thief2014_Dubbing\Work\VoiceAudition\Batch_010\0948_624055360.wav","2846891204","367850307","186317238","624055360","1","5,757","59","Custom Vorbis","32000 Hz","1","05-10s","CONVERTED"
"949","Batch_010","253463471.wem","B:\Thief2014_Dubbing\Extracted\th4_000_common_vo\th4_000_common_vo\english(us)\253463471.wem","B:\Thief2014_Dubbing\Work\VoiceAudition\Batch_010\0949_253463471.wav","2627370258","64157754","765662550","253463471","1","5,781","64","Custom Vorbis","32000 Hz","1","05-10s","CONVERTED"
"950","Batch_010","1012365781.wem","B:\Thief2014_Dubbing\Extracted\th4_000_common_vo\th4_000_common_vo\english(us)\1012365781.wem","B:\Thief2014_Dubbing\Work\VoiceAudition\Batch_010\0950_1012365781.wav","2122408708","472103661","948325220","1012365781","1","5,797","72","Custom Vorbis","32000 Hz","1","05-10s","CONVERTED"
"951","Batch_010","1069707836.wem","B:\Thief2014_Dubbing\Extracted\th4_000_common_vo\th4_000_common_vo\english(us)\1069707836.wem","B:\Thief2014_Dubbing\Work\VoiceAudition\Batch_010\0951_1069707836.wav","4066104864","675710593","467790309","1069707836","1","5,815","70","Custom Vorbis","32000 Hz","1","05-10s","CONVERTED"
"952","Batch_010","505642874.wem","B:\Thief2014_Dubbing\Extracted\th4_000_common_vo\th4_000_common_vo\english(us)\505642874.wem","B:\Thief2014_Dubbing\Work\VoiceAudition\Batch_010\0952_505642874.wav","2313422874","854432781","173681444","505642874","1","5,865","64","Custom Vorbis","32000 Hz","1","05-10s","CONVERTED"
"953","Batch_010","285381545.wem","B:\Thief2014_Dubbing\Extracted\th4_000_common_vo\th4_000_common_vo\english(us)\285381545.wem","B:\Thief2014_Dubbing\Work\VoiceAudition\Batch_010\0953_285381545.wav","2172941058","139357004","507408678","285381545","1","5,866","67","Custom Vorbis","32000 Hz","1","05-10s","CONVERTED"
"954","Batch_010","418024896.wem","B:\Thief2014_Dubbing\Extracted\th4_000_common_vo\th4_000_common_vo\english(us)\418024896.wem","B:\Thief2014_Dubbing\Work\VoiceAudition\Batch_010\0954_418024896.wav","13142580","51523396","608042004","418024896","1","5,887","67","Custom Vorbis","32000 Hz","1","05-10s","CONVERTED"
"955","Batch_010","294748920.wem","B:\Thief2014_Dubbing\Extracted\th4_000_common_vo\th4_000_common_vo\english(us)\294748920.wem","B:\Thief2014_Dubbing\Work\VoiceAudition\Batch_010\0955_294748920.wav","587493526","855680118","535994196","294748920","1","5,919","70","Custom Vorbis","32000 Hz","1","05-10s","CONVERTED"
"956","Batch_010","750068795.wem","B:\Thief2014_Dubbing\Extracted\th4_000_common_vo\th4_000_common_vo\english(us)\750068795.wem","B:\Thief2014_Dubbing\Work\VoiceAudition\Batch_010\0956_750068795.wav","3606265539","351589402","676998605","750068795","1","5,921","67","Custom Vorbis","32000 Hz","1","05-10s","CONVERTED"
"957","Batch_010","126944838.wem","B:\Thief2014_Dubbing\Extracted\th4_000_common_vo\th4_000_common_vo\english(us)\126944838.wem","B:\Thief2014_Dubbing\Work\VoiceAudition\Batch_010\0957_126944838.wav","3863722012","58308338","802318516","126944838","1","5,935","70","Custom Vorbis","32000 Hz","1","05-10s","CONVERTED"
"958","Batch_010","729496704.wem","B:\Thief2014_Dubbing\Extracted\th4_000_common_vo\th4_000_common_vo\english(us)\729496704.wem","B:\Thief2014_Dubbing\Work\VoiceAudition\Batch_010\0958_729496704.wav","1374922702","1068684430","555258558","729496704","1","5,938","63","Custom Vorbis","32000 Hz","1","05-10s","CONVERTED"
"959","Batch_010","327225481.wem","B:\Thief2014_Dubbing\Extracted\th4_000_common_vo\th4_000_common_vo\english(us)\327225481.wem","B:\Thief2014_Dubbing\Work\VoiceAudition\Batch_010\0959_327225481.wav","3054968582","319550894","29932884","327225481","1","5,963","72","Custom Vorbis","32000 Hz","1","05-10s","CONVERTED"
"960","Batch_010","920129876.wem","B:\Thief2014_Dubbing\Extracted\th4_000_common_vo\th4_000_common_vo\english(us)\920129876.wem","B:\Thief2014_Dubbing\Work\VoiceAudition\Batch_010\0960_920129876.wav","1563170930","589383386","162456240","920129876","1","5,97","67","Custom Vorbis","32000 Hz","1","05-10s","CONVERTED"
"961","Batch_010","683963940.wem","B:\Thief2014_Dubbing\Extracted\th4_000_common_vo\th4_000_common_vo\english(us)\683963940.wem","B:\Thief2014_Dubbing\Work\VoiceAudition\Batch_010\0961_683963940.wav","4260516122","1048763116","703163007","683963940","1","5,975","65","Custom Vorbis","32000 Hz","1","05-10s","CONVERTED"
"962","Batch_010","39862244.wem","B:\Thief2014_Dubbing\Extracted\th4_000_common_vo\th4_000_common_vo\english(us)\39862244.wem","B:\Thief2014_Dubbing\Work\VoiceAudition\Batch_010\0962_39862244.wav","3765030571","368131148","469991711","39862244","1","5,994","69","Custom Vorbis","32000 Hz","1","05-10s","CONVERTED"
"963","Batch_010","1052655305.wem","B:\Thief2014_Dubbing\Extracted\th4_000_common_vo\th4_000_common_vo\english(us)\1052655305.wem","B:\Thief2014_Dubbing\Work\VoiceAudition\Batch_010\0963_1052655305.wav","2727922260","437329850","889592965","1052655305","1","6","70","Custom Vorbis","32000 Hz","1","05-10s","CONVERTED"
"964","Batch_010","258432156.wem","B:\Thief2014_Dubbing\Extracted\th4_000_common_vo\th4_000_common_vo\english(us)\258432156.wem","B:\Thief2014_Dubbing\Work\VoiceAudition\Batch_010\0964_258432156.wav","4040727414","940612085","398328077","258432156","1","6","61","Custom Vorbis","32000 Hz","1","05-10s","CONVERTED"
"965","Batch_010","174921470.wem","B:\Thief2014_Dubbing\Extracted\th4_000_common_vo\th4_000_common_vo\english(us)\174921470.wem","B:\Thief2014_Dubbing\Work\VoiceAudition\Batch_010\0965_174921470.wav","2476246378","280642798","648285456","174921470","1","6,019","77","Custom Vorbis","32000 Hz","1","05-10s","CONVERTED"
"966","Batch_010","417027039.wem","B:\Thief2014_Dubbing\Extracted\th4_000_common_vo\th4_000_common_vo\english(us)\417027039.wem","B:\Thief2014_Dubbing\Work\VoiceAudition\Batch_010\0966_417027039.wav","3795760219","751039707","19140578","417027039","1","6,036","64","Custom Vorbis","32000 Hz","1","05-10s","CONVERTED"
"967","Batch_010","388419407.wem","B:\Thief2014_Dubbing\Extracted\th4_000_common_vo\th4_000_common_vo\english(us)\388419407.wem","B:\Thief2014_Dubbing\Work\VoiceAudition\Batch_010\0967_388419407.wav","451633249","546948177","727964422","388419407","1","6,039","67","Custom Vorbis","32000 Hz","1","05-10s","CONVERTED"
"968","Batch_010","661007727.wem","B:\Thief2014_Dubbing\Extracted\th4_000_common_vo\th4_000_common_vo\english(us)\661007727.wem","B:\Thief2014_Dubbing\Work\VoiceAudition\Batch_010\0968_661007727.wav","1134230665","766406028","6922791","661007727","1","6,046","69","Custom Vorbis","32000 Hz","1","05-10s","CONVERTED"
"969","Batch_010","49679125.wem","B:\Thief2014_Dubbing\Extracted\th4_000_common_vo\th4_000_common_vo\english(us)\49679125.wem","B:\Thief2014_Dubbing\Work\VoiceAudition\Batch_010\0969_49679125.wav","2644114177","904808310","343124650","49679125","1","6,051","58","Custom Vorbis","32000 Hz","1","05-10s","CONVERTED"
"970","Batch_010","702379328.wem","B:\Thief2014_Dubbing\Extracted\th4_000_common_vo\th4_000_common_vo\english(us)\702379328.wem","B:\Thief2014_Dubbing\Work\VoiceAudition\Batch_010\0970_702379328.wav","985249731","261005986","380986806","702379328","1","6,054","69","Custom Vorbis","32000 Hz","1","05-10s","CONVERTED"
"971","Batch_010","187117794.wem","B:\Thief2014_Dubbing\Extracted\th4_000_common_vo\th4_000_common_vo\english(us)\187117794.wem","B:\Thief2014_Dubbing\Work\VoiceAudition\Batch_010\0971_187117794.wav","3724663601","61281214","147162150","187117794","1","6,078","68","Custom Vorbis","32000 Hz","1","05-10s","CONVERTED"
"972","Batch_010","833202924.wem","B:\Thief2014_Dubbing\Extracted\th4_000_common_vo\th4_000_common_vo\english(us)\833202924.wem","B:\Thief2014_Dubbing\Work\VoiceAudition\Batch_010\0972_833202924.wav","1438638617","889309060","763195930","833202924","2","6,104","61","Custom Vorbis","32000 Hz","1","05-10s","CONVERTED"
"973","Batch_010","164557132.wem","B:\Thief2014_Dubbing\Extracted\th4_000_common_vo\th4_000_common_vo\english(us)\164557132.wem","B:\Thief2014_Dubbing\Work\VoiceAudition\Batch_010\0973_164557132.wav","2146288964","737701782","1022786016","164557132","1","6,108","68","Custom Vorbis","32000 Hz","1","05-10s","CONVERTED"
"974","Batch_010","635651413.wem","B:\Thief2014_Dubbing\Extracted\th4_000_common_vo\th4_000_common_vo\english(us)\635651413.wem","B:\Thief2014_Dubbing\Work\VoiceAudition\Batch_010\0974_635651413.wav","4049020764","677153161","746756164","635651413","1","6,161","66","Custom Vorbis","32000 Hz","1","05-10s","CONVERTED"
"975","Batch_010","629168157.wem","B:\Thief2014_Dubbing\Extracted\th4_000_common_vo\th4_000_common_vo\english(us)\629168157.wem","B:\Thief2014_Dubbing\Work\VoiceAudition\Batch_010\0975_629168157.wav","3133460898","55560641","542588538","629168157","1","6,161","65","Custom Vorbis","32000 Hz","1","05-10s","CONVERTED"
"976","Batch_010","398622759.wem","B:\Thief2014_Dubbing\Extracted\th4_000_common_vo\th4_000_common_vo\english(us)\398622759.wem","B:\Thief2014_Dubbing\Work\VoiceAudition\Batch_010\0976_398622759.wav","1219022389","235024408","473532462","398622759","2","6,166","70","Custom Vorbis","32000 Hz","1","05-10s","CONVERTED"
"977","Batch_010","401770030.wem","B:\Thief2014_Dubbing\Extracted\th4_000_common_vo\th4_000_common_vo\english(us)\401770030.wem","B:\Thief2014_Dubbing\Work\VoiceAudition\Batch_010\0977_401770030.wav","3471142878","192767124","947622528","401770030","1","6,171","73","Custom Vorbis","32000 Hz","1","05-10s","CONVERTED"
"978","Batch_010","110723765.wem","B:\Thief2014_Dubbing\Extracted\th4_000_common_vo\th4_000_common_vo\english(us)\110723765.wem","B:\Thief2014_Dubbing\Work\VoiceAudition\Batch_010\0978_110723765.wav","2604247032","814291001","689180251","110723765","2","6,173","76","Custom Vorbis","32000 Hz","1","05-10s","CONVERTED"
"979","Batch_010","211866321.wem","B:\Thief2014_Dubbing\Extracted\th4_000_common_vo\th4_000_common_vo\english(us)\211866321.wem","B:\Thief2014_Dubbing\Work\VoiceAudition\Batch_010\0979_211866321.wav","513457386","395042076","371614362","211866321","1","6,181","72","Custom Vorbis","32000 Hz","1","05-10s","CONVERTED"
"980","Batch_010","1004474760.wem","B:\Thief2014_Dubbing\Extracted\th4_000_common_vo\th4_000_common_vo\english(us)\1004474760.wem","B:\Thief2014_Dubbing\Work\VoiceAudition\Batch_010\0980_1004474760.wav","4057173924","507712987","749194964","1004474760","1","6,214","57","Custom Vorbis","32000 Hz","1","05-10s","CONVERTED"
"981","Batch_010","755501008.wem","B:\Thief2014_Dubbing\Extracted\th4_000_common_vo\th4_000_common_vo\english(us)\755501008.wem","B:\Thief2014_Dubbing\Work\VoiceAudition\Batch_010\0981_755501008.wav","890264209","1024520856","419093624","755501008","2","6,22","61","Custom Vorbis","32000 Hz","1","05-10s","CONVERTED"
"982","Batch_010","252188113.wem","B:\Thief2014_Dubbing\Extracted\th4_000_common_vo\th4_000_common_vo\english(us)\252188113.wem","B:\Thief2014_Dubbing\Work\VoiceAudition\Batch_010\0982_252188113.wav","3575253992","719296781","426516721","252188113","1","6,247","69","Custom Vorbis","32000 Hz","1","05-10s","CONVERTED"
"983","Batch_010","736766333.wem","B:\Thief2014_Dubbing\Extracted\th4_000_common_vo\th4_000_common_vo\english(us)\736766333.wem","B:\Thief2014_Dubbing\Work\VoiceAudition\Batch_010\0983_736766333.wav","1141408562","713782570","824028212","736766333","1","6,284","68","Custom Vorbis","32000 Hz","1","05-10s","CONVERTED"
"984","Batch_010","56223722.wem","B:\Thief2014_Dubbing\Extracted\th4_000_common_vo\th4_000_common_vo\english(us)\56223722.wem","B:\Thief2014_Dubbing\Work\VoiceAudition\Batch_010\0984_56223722.wav","1720085796","680692599","389568658","56223722","1","6,319","67","Custom Vorbis","32000 Hz","1","05-10s","CONVERTED"
"985","Batch_010","609279557.wem","B:\Thief2014_Dubbing\Extracted\th4_000_common_vo\th4_000_common_vo\english(us)\609279557.wem","B:\Thief2014_Dubbing\Work\VoiceAudition\Batch_010\0985_609279557.wav","3927113135","810432618","587179493","609279557","1","6,328","68","Custom Vorbis","32000 Hz","1","05-10s","CONVERTED"
"986","Batch_010","736682789.wem","B:\Thief2014_Dubbing\Extracted\th4_000_common_vo\th4_000_common_vo\english(us)\736682789.wem","B:\Thief2014_Dubbing\Work\VoiceAudition\Batch_010\0986_736682789.wav","3692828438","225415406","641124123","736682789","1","6,332","68","Custom Vorbis","32000 Hz","1","05-10s","CONVERTED"
"987","Batch_010","816045425.wem","B:\Thief2014_Dubbing\Extracted\th4_000_common_vo\th4_000_common_vo\english(us)\816045425.wem","B:\Thief2014_Dubbing\Work\VoiceAudition\Batch_010\0987_816045425.wav","2611447410","177203986","368729190","816045425","1","6,332","56","Custom Vorbis","32000 Hz","1","05-10s","CONVERTED"
"988","Batch_010","310717457.wem","B:\Thief2014_Dubbing\Extracted\th4_000_common_vo\th4_000_common_vo\english(us)\310717457.wem","B:\Thief2014_Dubbing\Work\VoiceAudition\Batch_010\0988_310717457.wav","3884741516","492810358","324062842","310717457","1","6,363","68","Custom Vorbis","32000 Hz","1","05-10s","CONVERTED"
"989","Batch_010","662180586.wem","B:\Thief2014_Dubbing\Extracted\th4_000_common_vo\th4_000_common_vo\english(us)\662180586.wem","B:\Thief2014_Dubbing\Work\VoiceAudition\Batch_010\0989_662180586.wav","2940386373","102449394","45306426","662180586","1","6,363","66","Custom Vorbis","32000 Hz","1","05-10s","CONVERTED"
"990","Batch_010","868639152.wem","B:\Thief2014_Dubbing\Extracted\th4_000_common_vo\th4_000_common_vo\english(us)\868639152.wem","B:\Thief2014_Dubbing\Work\VoiceAudition\Batch_010\0990_868639152.wav","29382661","218392660","816859556","868639152","1","6,384","67","Custom Vorbis","32000 Hz","1","05-10s","CONVERTED"
"991","Batch_010","896537203.wem","B:\Thief2014_Dubbing\Extracted\th4_000_common_vo\th4_000_common_vo\english(us)\896537203.wem","B:\Thief2014_Dubbing\Work\VoiceAudition\Batch_010\0991_896537203.wav","2033346725","771265617","884934728","896537203","1","6,384","70","Custom Vorbis","32000 Hz","1","05-10s","CONVERTED"
"992","Batch_010","334279646.wem","B:\Thief2014_Dubbing\Extracted\th4_000_common_vo\th4_000_common_vo\english(us)\334279646.wem","B:\Thief2014_Dubbing\Work\VoiceAudition\Batch_010\0992_334279646.wav","1934276133","317183868","771031349","334279646","1","6,413","57","Custom Vorbis","32000 Hz","1","05-10s","CONVERTED"
"993","Batch_010","553050431.wem","B:\Thief2014_Dubbing\Extracted\th4_000_common_vo\th4_000_common_vo\english(us)\553050431.wem","B:\Thief2014_Dubbing\Work\VoiceAudition\Batch_010\0993_553050431.wav","3411582111","561735104","290357438","553050431","1","6,416","71","Custom Vorbis","32000 Hz","1","05-10s","CONVERTED"
"994","Batch_010","6343934.wem","B:\Thief2014_Dubbing\Extracted\th4_000_common_vo\th4_000_common_vo\english(us)\6343934.wem","B:\Thief2014_Dubbing\Work\VoiceAudition\Batch_010\0994_6343934.wav","2358215687","800907594","691391696","6343934","1","6,421","67","Custom Vorbis","32000 Hz","1","05-10s","CONVERTED"
"995","Batch_010","246891663.wem","B:\Thief2014_Dubbing\Extracted\th4_000_common_vo\th4_000_common_vo\english(us)\246891663.wem","B:\Thief2014_Dubbing\Work\VoiceAudition\Batch_010\0995_246891663.wav","4277324593","523319882","731541432","246891663","1","6,431","70","Custom Vorbis","32000 Hz","1","05-10s","CONVERTED"
"996","Batch_010","530692136.wem","B:\Thief2014_Dubbing\Extracted\th4_000_common_vo\th4_000_common_vo\english(us)\530692136.wem","B:\Thief2014_Dubbing\Work\VoiceAudition\Batch_010\0996_530692136.wav","871119112","1070775695","468665090","530692136","1","6,444","70","Custom Vorbis","32000 Hz","1","05-10s","CONVERTED"
"997","Batch_010","258438692.wem","B:\Thief2014_Dubbing\Extracted\th4_000_common_vo\th4_000_common_vo\english(us)\258438692.wem","B:\Thief2014_Dubbing\Work\VoiceAudition\Batch_010\0997_258438692.wav","935501094","742632920","388109555","258438692","1","6,445","88","Custom Vorbis","32000 Hz","1","05-10s","CONVERTED"
"998","Batch_010","471584944.wem","B:\Thief2014_Dubbing\Extracted\th4_000_common_vo\th4_000_common_vo\english(us)\471584944.wem","B:\Thief2014_Dubbing\Work\VoiceAudition\Batch_010\0998_471584944.wav","32947030","123702919","535357353","471584944","1","6,477","68","Custom Vorbis","32000 Hz","1","05-10s","CONVERTED"
"999","Batch_010","1022616284.wem","B:\Thief2014_Dubbing\Extracted\th4_000_common_vo\th4_000_common_vo\english(us)\1022616284.wem","B:\Thief2014_Dubbing\Work\VoiceAudition\Batch_010\0999_1022616284.wav","1007539908","300677048","111912769","1022616284","1","6,489","70","Custom Vorbis","32000 Hz","1","05-10s","CONVERTED"
"1000","Batch_010","738169013.wem","B:\Thief2014_Dubbing\Extracted\th4_000_common_vo\th4_000_common_vo\english(us)\738169013.wem","B:\Thief2014_Dubbing\Work\VoiceAudition\Batch_010\1000_738169013.wav","1602085848","921788012","281566792","738169013","1","6,491","71","Custom Vorbis","32000 Hz","1","05-10s","CONVERTED"
"1001","Batch_011","406532239.wem","B:\Thief2014_Dubbing\Extracted\th4_000_common_vo\th4_000_common_vo\english(us)\406532239.wem","B:\Thief2014_Dubbing\Work\VoiceAudition\Batch_011\1001_406532239.wav","2893405392","845945371","910998466","406532239","1","6,507","71","Custom Vorbis","32000 Hz","1","05-10s","CONVERTED"
"1002","Batch_011","623442379.wem","B:\Thief2014_Dubbing\Extracted\th4_000_common_vo\th4_000_common_vo\english(us)\623442379.wem","B:\Thief2014_Dubbing\Work\VoiceAudition\Batch_011\1002_623442379.wav","2318763161","152150457","910095007","623442379","1","6,57","68","Custom Vorbis","32000 Hz","1","05-10s","CONVERTED"
"1003","Batch_011","14441920.wem","B:\Thief2014_Dubbing\Extracted\th4_000_common_vo\th4_000_common_vo\english(us)\14441920.wem","B:\Thief2014_Dubbing\Work\VoiceAudition\Batch_011\1003_14441920.wav","773607919","915427969","476802863","14441920","1","6,597","67","Custom Vorbis","32000 Hz","1","05-10s","CONVERTED"
"1004","Batch_011","583620332.wem","B:\Thief2014_Dubbing\Extracted\th4_000_common_vo\th4_000_common_vo\english(us)\583620332.wem","B:\Thief2014_Dubbing\Work\VoiceAudition\Batch_011\1004_583620332.wav","1145372844","827069251","461091907","583620332","1","6,619","62","Custom Vorbis","32000 Hz","1","05-10s","CONVERTED"
"1005","Batch_011","711877029.wem","B:\Thief2014_Dubbing\Extracted\th4_000_common_vo\th4_000_common_vo\english(us)\711877029.wem","B:\Thief2014_Dubbing\Work\VoiceAudition\Batch_011\1005_711877029.wav","1372482124","61788524","603152965","711877029","1","6,667","68","Custom Vorbis","32000 Hz","1","05-10s","CONVERTED"
"1006","Batch_011","130938459.wem","B:\Thief2014_Dubbing\Extracted\th4_000_common_vo\th4_000_common_vo\english(us)\130938459.wem","B:\Thief2014_Dubbing\Work\VoiceAudition\Batch_011\1006_130938459.wav","2063117786","751190128","1052199791","130938459","1","6,7","67","Custom Vorbis","32000 Hz","1","05-10s","CONVERTED"
"1007","Batch_011","578507687.wem","B:\Thief2014_Dubbing\Extracted\th4_000_common_vo\th4_000_common_vo\english(us)\578507687.wem","B:\Thief2014_Dubbing\Work\VoiceAudition\Batch_011\1007_578507687.wav","2398077248","493520726","483890624","578507687","1","6,713","73","Custom Vorbis","32000 Hz","1","05-10s","CONVERTED"
"1008","Batch_011","21773969.wem","B:\Thief2014_Dubbing\Extracted\th4_000_common_vo\th4_000_common_vo\english(us)\21773969.wem","B:\Thief2014_Dubbing\Work\VoiceAudition\Batch_011\1008_21773969.wav","2875567305","556933342","658714248","21773969","1","6,795","68","Custom Vorbis","32000 Hz","1","05-10s","CONVERTED"
"1009","Batch_011","831866575.wem","B:\Thief2014_Dubbing\Extracted\th4_000_common_vo\th4_000_common_vo\english(us)\831866575.wem","B:\Thief2014_Dubbing\Work\VoiceAudition\Batch_011\1009_831866575.wav","1871258074","166913318","151279467","831866575","2","6,811","57","Custom Vorbis","32000 Hz","1","05-10s","CONVERTED"
"1010","Batch_011","145992104.wem","B:\Thief2014_Dubbing\Extracted\th4_000_common_vo\th4_000_common_vo\english(us)\145992104.wem","B:\Thief2014_Dubbing\Work\VoiceAudition\Batch_011\1010_145992104.wav","1819604464","830597988","60666303","145992104","1","6,893","67","Custom Vorbis","32000 Hz","1","05-10s","CONVERTED"
"1011","Batch_011","1037913307.wem","B:\Thief2014_Dubbing\Extracted\th4_000_common_vo\th4_000_common_vo\english(us)\1037913307.wem","B:\Thief2014_Dubbing\Work\VoiceAudition\Batch_011\1011_1037913307.wav","101998563","266165165","279493910","1037913307","1","6,924","71","Custom Vorbis","32000 Hz","1","05-10s","CONVERTED"
"1012","Batch_011","31508959.wem","B:\Thief2014_Dubbing\Extracted\th4_000_common_vo\th4_000_common_vo\english(us)\31508959.wem","B:\Thief2014_Dubbing\Work\VoiceAudition\Batch_011\1012_31508959.wav","1990129782","148702686","117634563","31508959","1","6,928","66","Custom Vorbis","32000 Hz","1","05-10s","CONVERTED"
"1013","Batch_011","640524664.wem","B:\Thief2014_Dubbing\Extracted\th4_000_common_vo\th4_000_common_vo\english(us)\640524664.wem","B:\Thief2014_Dubbing\Work\VoiceAudition\Batch_011\1013_640524664.wav","3284123042","275414368","608409245","640524664","1","6,933","70","Custom Vorbis","32000 Hz","1","05-10s","CONVERTED"
"1014","Batch_011","7390073.wem","B:\Thief2014_Dubbing\Extracted\th4_000_common_vo\th4_000_common_vo\english(us)\7390073.wem","B:\Thief2014_Dubbing\Work\VoiceAudition\Batch_011\1014_7390073.wav","3002424588","125837682","328793783","7390073","1","6,936","68","Custom Vorbis","32000 Hz","1","05-10s","CONVERTED"
"1015","Batch_011","226617786.wem","B:\Thief2014_Dubbing\Extracted\th4_000_common_vo\th4_000_common_vo\english(us)\226617786.wem","B:\Thief2014_Dubbing\Work\VoiceAudition\Batch_011\1015_226617786.wav","2732307994","725637980","251052523","226617786","1","6,991","67","Custom Vorbis","32000 Hz","1","05-10s","CONVERTED"
"1016","Batch_011","255875212.wem","B:\Thief2014_Dubbing\Extracted\th4_000_common_vo\th4_000_common_vo\english(us)\255875212.wem","B:\Thief2014_Dubbing\Work\VoiceAudition\Batch_011\1016_255875212.wav","1434959410","294741614","838233963","255875212","1","7,006","66","Custom Vorbis","32000 Hz","1","05-10s","CONVERTED"
"1017","Batch_011","260783562.wem","B:\Thief2014_Dubbing\Extracted\th4_000_common_vo\th4_000_common_vo\english(us)\260783562.wem","B:\Thief2014_Dubbing\Work\VoiceAudition\Batch_011\1017_260783562.wav","3890666327","27913819","689469197","260783562","1","7,161","67","Custom Vorbis","32000 Hz","1","05-10s","CONVERTED"
"1018","Batch_011","1067575506.wem","B:\Thief2014_Dubbing\Extracted\th4_000_common_vo\th4_000_common_vo\english(us)\1067575506.wem","B:\Thief2014_Dubbing\Work\VoiceAudition\Batch_011\1018_1067575506.wav","1576689665","622991018","123309391","1067575506","1","7,163","67","Custom Vorbis","32000 Hz","1","05-10s","CONVERTED"
"1019","Batch_011","291892974.wem","B:\Thief2014_Dubbing\Extracted\th4_000_common_vo\th4_000_common_vo\english(us)\291892974.wem","B:\Thief2014_Dubbing\Work\VoiceAudition\Batch_011\1019_291892974.wav","174778460","584152871","944743452","291892974","1","7,163","78","Custom Vorbis","32000 Hz","1","05-10s","CONVERTED"
"1020","Batch_011","431481085.wem","B:\Thief2014_Dubbing\Extracted\th4_000_common_vo\th4_000_common_vo\english(us)\431481085.wem","B:\Thief2014_Dubbing\Work\VoiceAudition\Batch_011\1020_431481085.wav","3125219180","640248237","892003083","431481085","2","7,176","71","Custom Vorbis","32000 Hz","1","05-10s","CONVERTED"
"1021","Batch_011","268592622.wem","B:\Thief2014_Dubbing\Extracted\th4_000_common_vo\th4_000_common_vo\english(us)\268592622.wem","B:\Thief2014_Dubbing\Work\VoiceAudition\Batch_011\1021_268592622.wav","1546929112","798775751","520615931","268592622","1","7,188","70","Custom Vorbis","32000 Hz","1","05-10s","CONVERTED"
"1022","Batch_011","525609901.wem","B:\Thief2014_Dubbing\Extracted\th4_000_common_vo\th4_000_common_vo\english(us)\525609901.wem","B:\Thief2014_Dubbing\Work\VoiceAudition\Batch_011\1022_525609901.wav","560000398","228036317","494982466","525609901","1","7,22","73","Custom Vorbis","32000 Hz","1","05-10s","CONVERTED"
"1023","Batch_011","179329367.wem","B:\Thief2014_Dubbing\Extracted\th4_000_common_vo\th4_000_common_vo\english(us)\179329367.wem","B:\Thief2014_Dubbing\Work\VoiceAudition\Batch_011\1023_179329367.wav","1188555628","849137564","203574859","179329367","1","7,245","77","Custom Vorbis","32000 Hz","1","05-10s","CONVERTED"
"1024","Batch_011","672084372.wem","B:\Thief2014_Dubbing\Extracted\th4_000_common_vo\th4_000_common_vo\english(us)\672084372.wem","B:\Thief2014_Dubbing\Work\VoiceAudition\Batch_011\1024_672084372.wav","32367478","425774298","403895934","672084372","1","7,279","67","Custom Vorbis","32000 Hz","1","05-10s","CONVERTED"
"1025","Batch_011","214125137.wem","B:\Thief2014_Dubbing\Extracted\th4_000_common_vo\th4_000_common_vo\english(us)\214125137.wem","B:\Thief2014_Dubbing\Work\VoiceAudition\Batch_011\1025_214125137.wav","1562324204","808464622","174883767","214125137","1","7,328","72","Custom Vorbis","32000 Hz","1","05-10s","CONVERTED"
"1026","Batch_011","775795699.wem","B:\Thief2014_Dubbing\Extracted\th4_000_common_vo\th4_000_common_vo\english(us)\775795699.wem","B:\Thief2014_Dubbing\Work\VoiceAudition\Batch_011\1026_775795699.wav","3177931370","997513563","899139808","775795699","1","7,332","65","Custom Vorbis","32000 Hz","1","05-10s","CONVERTED"
"1027","Batch_011","647714753.wem","B:\Thief2014_Dubbing\Extracted\th4_000_common_vo\th4_000_common_vo\english(us)\647714753.wem","B:\Thief2014_Dubbing\Work\VoiceAudition\Batch_011\1027_647714753.wav","1106187016","299359","220944009","647714753","1","7,333","63","Custom Vorbis","32000 Hz","1","05-10s","CONVERTED"
"1028","Batch_011","643050642.wem","B:\Thief2014_Dubbing\Extracted\th4_000_common_vo\th4_000_common_vo\english(us)\643050642.wem","B:\Thief2014_Dubbing\Work\VoiceAudition\Batch_011\1028_643050642.wav","4277573525","607477983","398210724","643050642","1","7,339","64","Custom Vorbis","32000 Hz","1","05-10s","CONVERTED"
"1029","Batch_011","218774231.wem","B:\Thief2014_Dubbing\Extracted\th4_000_common_vo\th4_000_common_vo\english(us)\218774231.wem","B:\Thief2014_Dubbing\Work\VoiceAudition\Batch_011\1029_218774231.wav","2490695792","382095047","812542932","218774231","1","7,371","64","Custom Vorbis","32000 Hz","1","05-10s","CONVERTED"
"1030","Batch_011","506104412.wem","B:\Thief2014_Dubbing\Extracted\th4_000_common_vo\th4_000_common_vo\english(us)\506104412.wem","B:\Thief2014_Dubbing\Work\VoiceAudition\Batch_011\1030_506104412.wav","3658228876","1000099591","552113282","506104412","1","7,435","67","Custom Vorbis","32000 Hz","1","05-10s","CONVERTED"
"1031","Batch_011","471755574.wem","B:\Thief2014_Dubbing\Extracted\th4_000_common_vo\th4_000_common_vo\english(us)\471755574.wem","B:\Thief2014_Dubbing\Work\VoiceAudition\Batch_011\1031_471755574.wav","303488411","992439976","663829262","471755574","1","7,435","67","Custom Vorbis","32000 Hz","1","05-10s","CONVERTED"
"1032","Batch_011","780242106.wem","B:\Thief2014_Dubbing\Extracted\th4_000_common_vo\th4_000_common_vo\english(us)\780242106.wem","B:\Thief2014_Dubbing\Work\VoiceAudition\Batch_011\1032_780242106.wav","3837779660","513841877","106524914","780242106","1","7,488","73","Custom Vorbis","32000 Hz","1","05-10s","CONVERTED"
"1033","Batch_011","41098152.wem","B:\Thief2014_Dubbing\Extracted\th4_000_common_vo\th4_000_common_vo\english(us)\41098152.wem","B:\Thief2014_Dubbing\Work\VoiceAudition\Batch_011\1033_41098152.wav","457640162","264630181","236830479","41098152","1","7,508","63","Custom Vorbis","32000 Hz","1","05-10s","CONVERTED"
"1034","Batch_011","68392483.wem","B:\Thief2014_Dubbing\Extracted\th4_000_common_vo\th4_000_common_vo\english(us)\68392483.wem","B:\Thief2014_Dubbing\Work\VoiceAudition\Batch_011\1034_68392483.wav","1472355436","966018431","136052919","68392483","1","7,509","66","Custom Vorbis","32000 Hz","1","05-10s","CONVERTED"
"1035","Batch_011","846685508.wem","B:\Thief2014_Dubbing\Extracted\th4_000_common_vo\th4_000_common_vo\english(us)\846685508.wem","B:\Thief2014_Dubbing\Work\VoiceAudition\Batch_011\1035_846685508.wav","1430980234","194795974","946172433","846685508","2","7,533","61","Custom Vorbis","32000 Hz","1","05-10s","CONVERTED"
"1036","Batch_011","429842192.wem","B:\Thief2014_Dubbing\Extracted\th4_000_common_vo\th4_000_common_vo\english(us)\429842192.wem","B:\Thief2014_Dubbing\Work\VoiceAudition\Batch_011\1036_429842192.wav","3506695771","506804299","536241889","429842192","1","7,547","71","Custom Vorbis","32000 Hz","1","05-10s","CONVERTED"
"1037","Batch_011","441080534.wem","B:\Thief2014_Dubbing\Extracted\th4_000_common_vo\th4_000_common_vo\english(us)\441080534.wem","B:\Thief2014_Dubbing\Work\VoiceAudition\Batch_011\1037_441080534.wav","3022257892","986239896","220297861","441080534","2","7,548","56","Custom Vorbis","32000 Hz","1","05-10s","CONVERTED"
"1038","Batch_011","991998568.wem","B:\Thief2014_Dubbing\Extracted\th4_000_common_vo\th4_000_common_vo\english(us)\991998568.wem","B:\Thief2014_Dubbing\Work\VoiceAudition\Batch_011\1038_991998568.wav","514196655","154317386","889527213","991998568","1","7,564","67","Custom Vorbis","32000 Hz","1","05-10s","CONVERTED"
"1039","Batch_011","911543220.wem","B:\Thief2014_Dubbing\Extracted\th4_000_common_vo\th4_000_common_vo\english(us)\911543220.wem","B:\Thief2014_Dubbing\Work\VoiceAudition\Batch_011\1039_911543220.wav","1076133838","731485791","304380630","911543220","2","7,619","61","Custom Vorbis","32000 Hz","1","05-10s","CONVERTED"
"1040","Batch_011","99395565.wem","B:\Thief2014_Dubbing\Extracted\th4_000_common_vo\th4_000_common_vo\english(us)\99395565.wem","B:\Thief2014_Dubbing\Work\VoiceAudition\Batch_011\1040_99395565.wav","184467978","257576932","910173754","99395565","2","7,626","70","Custom Vorbis","32000 Hz","1","05-10s","CONVERTED"
"1041","Batch_011","668525710.wem","B:\Thief2014_Dubbing\Extracted\th4_000_common_vo\th4_000_common_vo\english(us)\668525710.wem","B:\Thief2014_Dubbing\Work\VoiceAudition\Batch_011\1041_668525710.wav","1817961936","244158543","731583627","668525710","1","7,631","63","Custom Vorbis","32000 Hz","1","05-10s","CONVERTED"
"1042","Batch_011","351957581.wem","B:\Thief2014_Dubbing\Extracted\th4_000_common_vo\th4_000_common_vo\english(us)\351957581.wem","B:\Thief2014_Dubbing\Work\VoiceAudition\Batch_011\1042_351957581.wav","2978206509","252861238","116161362","351957581","1","7,635","62","Custom Vorbis","32000 Hz","1","05-10s","CONVERTED"
"1043","Batch_011","46999090.wem","B:\Thief2014_Dubbing\Extracted\th4_000_common_vo\th4_000_common_vo\english(us)\46999090.wem","B:\Thief2014_Dubbing\Work\VoiceAudition\Batch_011\1043_46999090.wav","2910483243","299534996","7985231","46999090","1","7,697","62","Custom Vorbis","32000 Hz","1","05-10s","CONVERTED"
"1044","Batch_011","33235221.wem","B:\Thief2014_Dubbing\Extracted\th4_000_common_vo\th4_000_common_vo\english(us)\33235221.wem","B:\Thief2014_Dubbing\Work\VoiceAudition\Batch_011\1044_33235221.wav","314236228","342063598","974378803","33235221","1","7,727","68","Custom Vorbis","32000 Hz","1","05-10s","CONVERTED"
"1045","Batch_011","415572436.wem","B:\Thief2014_Dubbing\Extracted\th4_000_common_vo\th4_000_common_vo\english(us)\415572436.wem","B:\Thief2014_Dubbing\Work\VoiceAudition\Batch_011\1045_415572436.wav","1302635520","249377762","549456114","415572436","1","7,798","69","Custom Vorbis","32000 Hz","1","05-10s","CONVERTED"
"1046","Batch_011","139219960.wem","B:\Thief2014_Dubbing\Extracted\th4_000_common_vo\th4_000_common_vo\english(us)\139219960.wem","B:\Thief2014_Dubbing\Work\VoiceAudition\Batch_011\1046_139219960.wav","768058934","772833276","443673002","139219960","1","7,815","71","Custom Vorbis","32000 Hz","1","05-10s","CONVERTED"
"1047","Batch_011","797426814.wem","B:\Thief2014_Dubbing\Extracted\th4_000_common_vo\th4_000_common_vo\english(us)\797426814.wem","B:\Thief2014_Dubbing\Work\VoiceAudition\Batch_011\1047_797426814.wav","3385772171","797990698","1058836719","797426814","1","7,845","64","Custom Vorbis","32000 Hz","1","05-10s","CONVERTED"
"1048","Batch_011","27253652.wem","B:\Thief2014_Dubbing\Extracted\th4_000_common_vo\th4_000_common_vo\english(us)\27253652.wem","B:\Thief2014_Dubbing\Work\VoiceAudition\Batch_011\1048_27253652.wav","2603168646","81192648","1010532790","27253652","1","7,883","69","Custom Vorbis","32000 Hz","1","05-10s","CONVERTED"
"1049","Batch_011","121985976.wem","B:\Thief2014_Dubbing\Extracted\th4_000_common_vo\th4_000_common_vo\english(us)\121985976.wem","B:\Thief2014_Dubbing\Work\VoiceAudition\Batch_011\1049_121985976.wav","655065823","203759134","14243670","121985976","1","7,941","60","Custom Vorbis","32000 Hz","1","05-10s","CONVERTED"
"1050","Batch_011","486742604.wem","B:\Thief2014_Dubbing\Extracted\th4_000_common_vo\th4_000_common_vo\english(us)\486742604.wem","B:\Thief2014_Dubbing\Work\VoiceAudition\Batch_011\1050_486742604.wav","976276603","324257062","535164167","486742604","1","7,952","67","Custom Vorbis","32000 Hz","1","05-10s","CONVERTED"
"1051","Batch_011","622869614.wem","B:\Thief2014_Dubbing\Extracted\th4_000_common_vo\th4_000_common_vo\english(us)\622869614.wem","B:\Thief2014_Dubbing\Work\VoiceAudition\Batch_011\1051_622869614.wav","4003109492","122349507","747922111","622869614","1","8","61","Custom Vorbis","32000 Hz","1","05-10s","CONVERTED"
"1052","Batch_011","2259156.wem","B:\Thief2014_Dubbing\Extracted\th4_000_common_vo\th4_000_common_vo\english(us)\2259156.wem","B:\Thief2014_Dubbing\Work\VoiceAudition\Batch_011\1052_2259156.wav","3813146506","505124384","1031940873","2259156","1","8,03","69","Custom Vorbis","32000 Hz","1","05-10s","CONVERTED"
"1053","Batch_011","582033018.wem","B:\Thief2014_Dubbing\Extracted\th4_000_common_vo\th4_000_common_vo\english(us)\582033018.wem","B:\Thief2014_Dubbing\Work\VoiceAudition\Batch_011\1053_582033018.wav","3255456168","291927307","447670004","582033018","1","8,031","70","Custom Vorbis","32000 Hz","1","05-10s","CONVERTED"
"1054","Batch_011","383557193.wem","B:\Thief2014_Dubbing\Extracted\th4_000_common_vo\th4_000_common_vo\english(us)\383557193.wem","B:\Thief2014_Dubbing\Work\VoiceAudition\Batch_011\1054_383557193.wav","2921080753","512676108","1007558933","383557193","1","8,037","69","Custom Vorbis","32000 Hz","1","05-10s","CONVERTED"
"1055","Batch_011","6141113.wem","B:\Thief2014_Dubbing\Extracted\th4_000_common_vo\th4_000_common_vo\english(us)\6141113.wem","B:\Thief2014_Dubbing\Work\VoiceAudition\Batch_011\1055_6141113.wav","747866375","994430967","74671635","6141113","1","8,125","70","Custom Vorbis","32000 Hz","1","05-10s","CONVERTED"
"1056","Batch_011","771764595.wem","B:\Thief2014_Dubbing\Extracted\th4_000_common_vo\th4_000_common_vo\english(us)\771764595.wem","B:\Thief2014_Dubbing\Work\VoiceAudition\Batch_011\1056_771764595.wav","3559160032","968611272","697892629","771764595","1","8,186","70","Custom Vorbis","32000 Hz","1","05-10s","CONVERTED"
"1057","Batch_011","888850491.wem","B:\Thief2014_Dubbing\Extracted\th4_000_common_vo\th4_000_common_vo\english(us)\888850491.wem","B:\Thief2014_Dubbing\Work\VoiceAudition\Batch_011\1057_888850491.wav","25410473","403124118","774990946","888850491","1","8,236","65","Custom Vorbis","32000 Hz","1","05-10s","CONVERTED"
"1058","Batch_011","802413119.wem","B:\Thief2014_Dubbing\Extracted\th4_000_common_vo\th4_000_common_vo\english(us)\802413119.wem","B:\Thief2014_Dubbing\Work\VoiceAudition\Batch_011\1058_802413119.wav","217513925","126743150","308205199","802413119","1","8,339","70","Custom Vorbis","32000 Hz","1","05-10s","CONVERTED"
"1059","Batch_011","590295318.wem","B:\Thief2014_Dubbing\Extracted\th4_000_common_vo\th4_000_common_vo\english(us)\590295318.wem","B:\Thief2014_Dubbing\Work\VoiceAudition\Batch_011\1059_590295318.wav","631594570","573687731","98560662","590295318","1","8,373","70","Custom Vorbis","32000 Hz","1","05-10s","CONVERTED"
"1060","Batch_011","458958901.wem","B:\Thief2014_Dubbing\Extracted\th4_000_common_vo\th4_000_common_vo\english(us)\458958901.wem","B:\Thief2014_Dubbing\Work\VoiceAudition\Batch_011\1060_458958901.wav","3871522117","451233556","684624635","458958901","2","8,381","58","Custom Vorbis","32000 Hz","1","05-10s","CONVERTED"
"1061","Batch_011","631551399.wem","B:\Thief2014_Dubbing\Extracted\th4_000_common_vo\th4_000_common_vo\english(us)\631551399.wem","B:\Thief2014_Dubbing\Work\VoiceAudition\Batch_011\1061_631551399.wav","2640616180","687677002","486790754","631551399","1","8,403","60","Custom Vorbis","32000 Hz","1","05-10s","CONVERTED"
"1062","Batch_011","371394614.wem","B:\Thief2014_Dubbing\Extracted\th4_000_common_vo\th4_000_common_vo\english(us)\371394614.wem","B:\Thief2014_Dubbing\Work\VoiceAudition\Batch_011\1062_371394614.wav","1235739457","776138631","587941775","371394614","2","8,416","70","Custom Vorbis","32000 Hz","1","05-10s","CONVERTED"
"1063","Batch_011","206085556.wem","B:\Thief2014_Dubbing\Extracted\th4_000_common_vo\th4_000_common_vo\english(us)\206085556.wem","B:\Thief2014_Dubbing\Work\VoiceAudition\Batch_011\1063_206085556.wav","855523534","238207234","190592017","206085556","1","8,444","65","Custom Vorbis","32000 Hz","1","05-10s","CONVERTED"
"1064","Batch_011","644391300.wem","B:\Thief2014_Dubbing\Extracted\th4_000_common_vo\th4_000_common_vo\english(us)\644391300.wem","B:\Thief2014_Dubbing\Work\VoiceAudition\Batch_011\1064_644391300.wav","3169421733","857827138","580027746","644391300","1","8,467","74","Custom Vorbis","32000 Hz","1","05-10s","CONVERTED"
"1065","Batch_011","655167511.wem","B:\Thief2014_Dubbing\Extracted\th4_000_common_vo\th4_000_common_vo\english(us)\655167511.wem","B:\Thief2014_Dubbing\Work\VoiceAudition\Batch_011\1065_655167511.wav","741324889","618990327","1016798692","655167511","2","8,508","65","Custom Vorbis","32000 Hz","1","05-10s","CONVERTED"
"1066","Batch_011","858031971.wem","B:\Thief2014_Dubbing\Extracted\th4_000_common_vo\th4_000_common_vo\english(us)\858031971.wem","B:\Thief2014_Dubbing\Work\VoiceAudition\Batch_011\1066_858031971.wav","3852300566","837731007","918204479","858031971","1","8,525","67","Custom Vorbis","32000 Hz","1","05-10s","CONVERTED"
"1067","Batch_011","892162788.wem","B:\Thief2014_Dubbing\Extracted\th4_000_common_vo\th4_000_common_vo\english(us)\892162788.wem","B:\Thief2014_Dubbing\Work\VoiceAudition\Batch_011\1067_892162788.wav","827981070","93018469","44257957","892162788","1","8,597","69","Custom Vorbis","32000 Hz","1","05-10s","CONVERTED"
"1068","Batch_011","884549210.wem","B:\Thief2014_Dubbing\Extracted\th4_000_common_vo\th4_000_common_vo\english(us)\884549210.wem","B:\Thief2014_Dubbing\Work\VoiceAudition\Batch_011\1068_884549210.wav","3595682514","69768974","759177831","884549210","1","8,642","70","Custom Vorbis","32000 Hz","1","05-10s","CONVERTED"
"1069","Batch_011","887480316.wem","B:\Thief2014_Dubbing\Extracted\th4_000_common_vo\th4_000_common_vo\english(us)\887480316.wem","B:\Thief2014_Dubbing\Work\VoiceAudition\Batch_011\1069_887480316.wav","2878382540","1050514178","845078982","887480316","1","8,678","66","Custom Vorbis","32000 Hz","1","05-10s","CONVERTED"
"1070","Batch_011","234132063.wem","B:\Thief2014_Dubbing\Extracted\th4_000_common_vo\th4_000_common_vo\english(us)\234132063.wem","B:\Thief2014_Dubbing\Work\VoiceAudition\Batch_011\1070_234132063.wav","2719716361","207870470","957598446","234132063","1","8,747","62","Custom Vorbis","32000 Hz","1","05-10s","CONVERTED"
"1071","Batch_011","233438342.wem","B:\Thief2014_Dubbing\Extracted\th4_000_common_vo\th4_000_common_vo\english(us)\233438342.wem","B:\Thief2014_Dubbing\Work\VoiceAudition\Batch_011\1071_233438342.wav","735708210","849915144","690981904","233438342","2","8,876","67","Custom Vorbis","32000 Hz","1","05-10s","CONVERTED"
"1072","Batch_011","472341349.wem","B:\Thief2014_Dubbing\Extracted\th4_000_common_vo\th4_000_common_vo\english(us)\472341349.wem","B:\Thief2014_Dubbing\Work\VoiceAudition\Batch_011\1072_472341349.wav","4113670582","1000241874","383581433","472341349","1","8,939","75","Custom Vorbis","32000 Hz","1","05-10s","CONVERTED"
"1073","Batch_011","461795631.wem","B:\Thief2014_Dubbing\Extracted\th4_000_common_vo\th4_000_common_vo\english(us)\461795631.wem","B:\Thief2014_Dubbing\Work\VoiceAudition\Batch_011\1073_461795631.wav","262679083","573661604","806961882","461795631","2","8,976","66","Custom Vorbis","32000 Hz","1","05-10s","CONVERTED"
"1074","Batch_011","941504960.wem","B:\Thief2014_Dubbing\Extracted\th4_000_common_vo\th4_000_common_vo\english(us)\941504960.wem","B:\Thief2014_Dubbing\Work\VoiceAudition\Batch_011\1074_941504960.wav","904176116","902255790","964549398","941504960","1","9","61","Custom Vorbis","32000 Hz","1","05-10s","CONVERTED"
"1075","Batch_011","222555717.wem","B:\Thief2014_Dubbing\Extracted\th4_000_common_vo\th4_000_common_vo\english(us)\222555717.wem","B:\Thief2014_Dubbing\Work\VoiceAudition\Batch_011\1075_222555717.wav","1579828519","153631324","794660535","222555717","1","9,079","67","Custom Vorbis","32000 Hz","1","05-10s","CONVERTED"
"1076","Batch_011","1040911784.wem","B:\Thief2014_Dubbing\Extracted\th4_000_common_vo\th4_000_common_vo\english(us)\1040911784.wem","B:\Thief2014_Dubbing\Work\VoiceAudition\Batch_011\1076_1040911784.wav","530626252","585750462","681370881","1040911784","2","9,151","73","Custom Vorbis","32000 Hz","1","05-10s","CONVERTED"
"1077","Batch_011","763059289.wem","B:\Thief2014_Dubbing\Extracted\th4_000_common_vo\th4_000_common_vo\english(us)\763059289.wem","B:\Thief2014_Dubbing\Work\VoiceAudition\Batch_011\1077_763059289.wav","3454751185","563809294","299824260","763059289","1","9,274","67","Custom Vorbis","32000 Hz","1","05-10s","CONVERTED"
"1078","Batch_011","800692050.wem","B:\Thief2014_Dubbing\Extracted\th4_000_common_vo\th4_000_common_vo\english(us)\800692050.wem","B:\Thief2014_Dubbing\Work\VoiceAudition\Batch_011\1078_800692050.wav","1658538140","753861775","562954401","800692050","1","9,279","67","Custom Vorbis","32000 Hz","1","05-10s","CONVERTED"
"1079","Batch_011","789495999.wem","B:\Thief2014_Dubbing\Extracted\th4_000_common_vo\th4_000_common_vo\english(us)\789495999.wem","B:\Thief2014_Dubbing\Work\VoiceAudition\Batch_011\1079_789495999.wav","119414710","457007576","500806800","789495999","1","9,419","73","Custom Vorbis","32000 Hz","1","05-10s","CONVERTED"
"1080","Batch_011","561621684.wem","B:\Thief2014_Dubbing\Extracted\th4_000_common_vo\th4_000_common_vo\english(us)\561621684.wem","B:\Thief2014_Dubbing\Work\VoiceAudition\Batch_011\1080_561621684.wav","2373816315","940217300","234542029","561621684","1","9,473","77","Custom Vorbis","32000 Hz","1","05-10s","CONVERTED"
"1081","Batch_011","79594765.wem","B:\Thief2014_Dubbing\Extracted\th4_000_common_vo\th4_000_common_vo\english(us)\79594765.wem","B:\Thief2014_Dubbing\Work\VoiceAudition\Batch_011\1081_79594765.wav","87081233","874179820","427451876","79594765","1","9,492","66","Custom Vorbis","32000 Hz","1","05-10s","CONVERTED"
"1082","Batch_011","781774049.wem","B:\Thief2014_Dubbing\Extracted\th4_000_common_vo\th4_000_common_vo\english(us)\781774049.wem","B:\Thief2014_Dubbing\Work\VoiceAudition\Batch_011\1082_781774049.wav","1650432149","641214543","160487523","781774049","1","9,587","66","Custom Vorbis","32000 Hz","1","05-10s","CONVERTED"
"1083","Batch_011","106607126.wem","B:\Thief2014_Dubbing\Extracted\th4_000_common_vo\th4_000_common_vo\english(us)\106607126.wem","B:\Thief2014_Dubbing\Work\VoiceAudition\Batch_011\1083_106607126.wav","2389480092","671447650","640411401","106607126","1","9,602","71","Custom Vorbis","32000 Hz","1","05-10s","CONVERTED"
"1084","Batch_011","800015293.wem","B:\Thief2014_Dubbing\Extracted\th4_000_common_vo\th4_000_common_vo\english(us)\800015293.wem","B:\Thief2014_Dubbing\Work\VoiceAudition\Batch_011\1084_800015293.wav","1103764628","713202528","635194493","800015293","1","9,733","67","Custom Vorbis","32000 Hz","1","05-10s","CONVERTED"
"1085","Batch_011","980150240.wem","B:\Thief2014_Dubbing\Extracted\th4_000_common_vo\th4_000_common_vo\english(us)\980150240.wem","B:\Thief2014_Dubbing\Work\VoiceAudition\Batch_011\1085_980150240.wav","3428292521","74374552","161295155","980150240","1","9,734","67","Custom Vorbis","32000 Hz","1","05-10s","CONVERTED"
"1086","Batch_011","927057568.wem","B:\Thief2014_Dubbing\Extracted\th4_000_common_vo\th4_000_common_vo\english(us)\927057568.wem","B:\Thief2014_Dubbing\Work\VoiceAudition\Batch_011\1086_927057568.wav","41015416","655422662","265622055","927057568","1","9,769","65","Custom Vorbis","32000 Hz","1","05-10s","CONVERTED"
"1087","Batch_011","723186224.wem","B:\Thief2014_Dubbing\Extracted\th4_000_common_vo\th4_000_common_vo\english(us)\723186224.wem","B:\Thief2014_Dubbing\Work\VoiceAudition\Batch_011\1087_723186224.wav","3373282543","770029961","516266276","723186224","2","9,788","61","Custom Vorbis","32000 Hz","1","05-10s","CONVERTED"
"1088","Batch_011","883984475.wem","B:\Thief2014_Dubbing\Extracted\th4_000_common_vo\th4_000_common_vo\english(us)\883984475.wem","B:\Thief2014_Dubbing\Work\VoiceAudition\Batch_011\1088_883984475.wav","3674106912","874241281","111133726","883984475","1","9,791","67","Custom Vorbis","32000 Hz","1","05-10s","CONVERTED"
"1089","Batch_011","87544570.wem","B:\Thief2014_Dubbing\Extracted\th4_000_common_vo\th4_000_common_vo\english(us)\87544570.wem","B:\Thief2014_Dubbing\Work\VoiceAudition\Batch_011\1089_87544570.wav","3255030090","892965232","585637965","87544570","1","9,792","72","Custom Vorbis","32000 Hz","1","05-10s","CONVERTED"
"1090","Batch_011","799928963.wem","B:\Thief2014_Dubbing\Extracted\th4_000_common_vo\th4_000_common_vo\english(us)\799928963.wem","B:\Thief2014_Dubbing\Work\VoiceAudition\Batch_011\1090_799928963.wav","2603129809","272141459","524458779","799928963","1","9,815","66","Custom Vorbis","32000 Hz","1","05-10s","CONVERTED"
"1091","Batch_011","451974591.wem","B:\Thief2014_Dubbing\Extracted\th4_000_common_vo\th4_000_common_vo\english(us)\451974591.wem","B:\Thief2014_Dubbing\Work\VoiceAudition\Batch_011\1091_451974591.wav","1682539192","666307177","754436826","451974591","1","9,871","63","Custom Vorbis","32000 Hz","1","05-10s","CONVERTED"
"1092","Batch_011","953956546.wem","B:\Thief2014_Dubbing\Extracted\th4_000_common_vo\th4_000_common_vo\english(us)\953956546.wem","B:\Thief2014_Dubbing\Work\VoiceAudition\Batch_011\1092_953956546.wav","948850232","529577284","753669514","953956546","1","9,979","70","Custom Vorbis","32000 Hz","1","05-10s","CONVERTED"
"1093","Batch_011","795110502.wem","B:\Thief2014_Dubbing\Extracted\th4_000_common_vo\th4_000_common_vo\english(us)\795110502.wem","B:\Thief2014_Dubbing\Work\VoiceAudition\Batch_011\1093_795110502.wav","2274920882","499795281","1054576909","795110502","2","9,985","61","Custom Vorbis","32000 Hz","1","05-10s","CONVERTED"
"1094","Batch_011","493670512.wem","B:\Thief2014_Dubbing\Extracted\th4_000_common_vo\th4_000_common_vo\english(us)\493670512.wem","B:\Thief2014_Dubbing\Work\VoiceAudition\Batch_011\1094_493670512.wav","4050367605","461549682","646661523","493670512","1","10","65","Custom Vorbis","32000 Hz","1","10-20s","CONVERTED"
"1095","Batch_011","939099692.wem","B:\Thief2014_Dubbing\Extracted\th4_000_common_vo\th4_000_common_vo\english(us)\939099692.wem","B:\Thief2014_Dubbing\Work\VoiceAudition\Batch_011\1095_939099692.wav","1536221796","900878983","334999623","939099692","1","10,167","68","Custom Vorbis","32000 Hz","1","10-20s","CONVERTED"
"1096","Batch_011","605166869.wem","B:\Thief2014_Dubbing\Extracted\th4_000_common_vo\th4_000_common_vo\english(us)\605166869.wem","B:\Thief2014_Dubbing\Work\VoiceAudition\Batch_011\1096_605166869.wav","1185430639","751371040","64276441","605166869","1","10,523","67","Custom Vorbis","32000 Hz","1","10-20s","CONVERTED"
"1097","Batch_011","67801274.wem","B:\Thief2014_Dubbing\Extracted\th4_000_common_vo\th4_000_common_vo\english(us)\67801274.wem","B:\Thief2014_Dubbing\Work\VoiceAudition\Batch_011\1097_67801274.wav","4098696355","305234010","181653012","67801274","1","10,563","68","Custom Vorbis","32000 Hz","1","10-20s","CONVERTED"
"1098","Batch_011","23415599.wem","B:\Thief2014_Dubbing\Extracted\th4_000_common_vo\th4_000_common_vo\english(us)\23415599.wem","B:\Thief2014_Dubbing\Work\VoiceAudition\Batch_011\1098_23415599.wav","1429877993","265058403","995042558","23415599","1","10,584","64","Custom Vorbis","32000 Hz","1","10-20s","CONVERTED"
"1099","Batch_011","286033145.wem","B:\Thief2014_Dubbing\Extracted\th4_000_common_vo\th4_000_common_vo\english(us)\286033145.wem","B:\Thief2014_Dubbing\Work\VoiceAudition\Batch_011\1099_286033145.wav","1122296726","134134317","644460074","286033145","1","10,898","58","Custom Vorbis","32000 Hz","1","10-20s","CONVERTED"
"1100","Batch_011","424842952.wem","B:\Thief2014_Dubbing\Extracted\th4_000_common_vo\th4_000_common_vo\english(us)\424842952.wem","B:\Thief2014_Dubbing\Work\VoiceAudition\Batch_011\1100_424842952.wav","4147364746","954737384","832803086","424842952","1","10,918","64","Custom Vorbis","32000 Hz","1","10-20s","CONVERTED"
"1101","Batch_012","1024605331.wem","B:\Thief2014_Dubbing\Extracted\th4_000_common_vo\th4_000_common_vo\english(us)\1024605331.wem","B:\Thief2014_Dubbing\Work\VoiceAudition\Batch_012\1101_1024605331.wav","4088963331","917400977","3911815","1024605331","1","11","64","Custom Vorbis","32000 Hz","1","10-20s","CONVERTED"
"1102","Batch_012","324163942.wem","B:\Thief2014_Dubbing\Extracted\th4_000_common_vo\th4_000_common_vo\english(us)\324163942.wem","B:\Thief2014_Dubbing\Work\VoiceAudition\Batch_012\1102_324163942.wav","2750707470","626013087","763115100","324163942","1","11,049","65","Custom Vorbis","32000 Hz","1","10-20s","CONVERTED"
"1103","Batch_012","281326780.wem","B:\Thief2014_Dubbing\Extracted\th4_000_common_vo\th4_000_common_vo\english(us)\281326780.wem","B:\Thief2014_Dubbing\Work\VoiceAudition\Batch_012\1103_281326780.wav","410603206","919029815","792968165","281326780","1","11,254","65","Custom Vorbis","32000 Hz","1","10-20s","CONVERTED"
"1104","Batch_012","242465059.wem","B:\Thief2014_Dubbing\Extracted\th4_000_common_vo\th4_000_common_vo\english(us)\242465059.wem","B:\Thief2014_Dubbing\Work\VoiceAudition\Batch_012\1104_242465059.wav","2888225975","1061622172","990384137","242465059","1","11,283","66","Custom Vorbis","32000 Hz","1","10-20s","CONVERTED"
"1105","Batch_012","462415706.wem","B:\Thief2014_Dubbing\Extracted\th4_000_common_vo\th4_000_common_vo\english(us)\462415706.wem","B:\Thief2014_Dubbing\Work\VoiceAudition\Batch_012\1105_462415706.wav","3448015431","784422778","971108235","462415706","1","11,287","68","Custom Vorbis","32000 Hz","1","10-20s","CONVERTED"
"1106","Batch_012","382402011.wem","B:\Thief2014_Dubbing\Extracted\th4_000_common_vo\th4_000_common_vo\english(us)\382402011.wem","B:\Thief2014_Dubbing\Work\VoiceAudition\Batch_012\1106_382402011.wav","2094246697","475752059","288129100","382402011","2","11,496","51","Custom Vorbis","32000 Hz","1","10-20s","CONVERTED"
"1107","Batch_012","130398566.wem","B:\Thief2014_Dubbing\Extracted\th4_000_common_vo\th4_000_common_vo\english(us)\130398566.wem","B:\Thief2014_Dubbing\Work\VoiceAudition\Batch_012\1107_130398566.wav","4244135680","36112154","478875062","130398566","2","11,612","71","Custom Vorbis","32000 Hz","1","10-20s","CONVERTED"
"1108","Batch_012","874708357.wem","B:\Thief2014_Dubbing\Extracted\th4_000_common_vo\th4_000_common_vo\english(us)\874708357.wem","B:\Thief2014_Dubbing\Work\VoiceAudition\Batch_012\1108_874708357.wav","255483752","506128832","370474630","874708357","1","11,723","73","Custom Vorbis","32000 Hz","1","10-20s","CONVERTED"
"1109","Batch_012","878170847.wem","B:\Thief2014_Dubbing\Extracted\th4_000_common_vo\th4_000_common_vo\english(us)\878170847.wem","B:\Thief2014_Dubbing\Work\VoiceAudition\Batch_012\1109_878170847.wav","2945085863","796624193","410822757","878170847","1","11,934","65","Custom Vorbis","32000 Hz","1","10-20s","CONVERTED"
"1110","Batch_012","278962303.wem","B:\Thief2014_Dubbing\Extracted\th4_000_common_vo\th4_000_common_vo\english(us)\278962303.wem","B:\Thief2014_Dubbing\Work\VoiceAudition\Batch_012\1110_278962303.wav","135549706","359206802","290330782","278962303","1","12","61","Custom Vorbis","32000 Hz","1","10-20s","CONVERTED"
"1111","Batch_012","589104479.wem","B:\Thief2014_Dubbing\Extracted\th4_000_common_vo\th4_000_common_vo\english(us)\589104479.wem","B:\Thief2014_Dubbing\Work\VoiceAudition\Batch_012\1111_589104479.wav","1552701547","685200613","504544031","589104479","1","12,025","68","Custom Vorbis","32000 Hz","1","10-20s","CONVERTED"
"1112","Batch_012","686640077.wem","B:\Thief2014_Dubbing\Extracted\th4_000_common_vo\th4_000_common_vo\english(us)\686640077.wem","B:\Thief2014_Dubbing\Work\VoiceAudition\Batch_012\1112_686640077.wav","2910603287","272480116","821575141","686640077","1","12,113","67","Custom Vorbis","32000 Hz","1","10-20s","CONVERTED"
"1113","Batch_012","1011898081.wem","B:\Thief2014_Dubbing\Extracted\th4_000_common_vo\th4_000_common_vo\english(us)\1011898081.wem","B:\Thief2014_Dubbing\Work\VoiceAudition\Batch_012\1113_1011898081.wav","3054309078","824638910","863730520","1011898081","1","12,133","67","Custom Vorbis","32000 Hz","1","10-20s","CONVERTED"
"1114","Batch_012","681167016.wem","B:\Thief2014_Dubbing\Extracted\th4_000_common_vo\th4_000_common_vo\english(us)\681167016.wem","B:\Thief2014_Dubbing\Work\VoiceAudition\Batch_012\1114_681167016.wav","4204525109","243830103","914595088","681167016","1","12,229","64","Custom Vorbis","32000 Hz","1","10-20s","CONVERTED"
"1115","Batch_012","449603267.wem","B:\Thief2014_Dubbing\Extracted\th4_000_common_vo\th4_000_common_vo\english(us)\449603267.wem","B:\Thief2014_Dubbing\Work\VoiceAudition\Batch_012\1115_449603267.wav","3364301767","156351880","320619238","449603267","2","12,267","63","Custom Vorbis","32000 Hz","1","10-20s","CONVERTED"
"1116","Batch_012","246609026.wem","B:\Thief2014_Dubbing\Extracted\th4_000_common_vo\th4_000_common_vo\english(us)\246609026.wem","B:\Thief2014_Dubbing\Work\VoiceAudition\Batch_012\1116_246609026.wav","486807543","884056736","807673703","246609026","2","12,537","59","Custom Vorbis","32000 Hz","1","10-20s","CONVERTED"
"1117","Batch_012","749918491.wem","B:\Thief2014_Dubbing\Extracted\th4_000_common_vo\th4_000_common_vo\english(us)\749918491.wem","B:\Thief2014_Dubbing\Work\VoiceAudition\Batch_012\1117_749918491.wav","313238683","468451749","1067778833","749918491","1","12,589","67","Custom Vorbis","32000 Hz","1","10-20s","CONVERTED"
"1118","Batch_012","717250427.wem","B:\Thief2014_Dubbing\Extracted\th4_000_common_vo\th4_000_common_vo\english(us)\717250427.wem","B:\Thief2014_Dubbing\Work\VoiceAudition\Batch_012\1118_717250427.wav","1464506463","1045509450","230611780","717250427","2","13,143","62","Custom Vorbis","32000 Hz","1","10-20s","CONVERTED"
"1119","Batch_012","431551151.wem","B:\Thief2014_Dubbing\Extracted\th4_000_common_vo\th4_000_common_vo\english(us)\431551151.wem","B:\Thief2014_Dubbing\Work\VoiceAudition\Batch_012\1119_431551151.wav","1722371634","157339673","402736572","431551151","2","13,432","67","Custom Vorbis","32000 Hz","1","10-20s","CONVERTED"
"1120","Batch_012","697193758.wem","B:\Thief2014_Dubbing\Extracted\th4_000_common_vo\th4_000_common_vo\english(us)\697193758.wem","B:\Thief2014_Dubbing\Work\VoiceAudition\Batch_012\1120_697193758.wav","1162766374","1066509000","103998348","697193758","2","13,444","60","Custom Vorbis","32000 Hz","1","10-20s","CONVERTED"
"1121","Batch_012","482232445.wem","B:\Thief2014_Dubbing\Extracted\th4_000_common_vo\th4_000_common_vo\english(us)\482232445.wem","B:\Thief2014_Dubbing\Work\VoiceAudition\Batch_012\1121_482232445.wav","4015361465","121198529","285184092","482232445","1","13,526","66","Custom Vorbis","32000 Hz","1","10-20s","CONVERTED"
"1122","Batch_012","181960664.wem","B:\Thief2014_Dubbing\Extracted\th4_000_common_vo\th4_000_common_vo\english(us)\181960664.wem","B:\Thief2014_Dubbing\Work\VoiceAudition\Batch_012\1122_181960664.wav","3936178944","691107479","1024620183","181960664","1","13,768","67","Custom Vorbis","32000 Hz","1","10-20s","CONVERTED"
"1123","Batch_012","111938917.wem","B:\Thief2014_Dubbing\Extracted\th4_000_common_vo\th4_000_common_vo\english(us)\111938917.wem","B:\Thief2014_Dubbing\Work\VoiceAudition\Batch_012\1123_111938917.wav","2079483914","489082008","259208342","111938917","1","14","61","Custom Vorbis","32000 Hz","1","10-20s","CONVERTED"
"1124","Batch_012","323982226.wem","B:\Thief2014_Dubbing\Extracted\th4_000_common_vo\th4_000_common_vo\english(us)\323982226.wem","B:\Thief2014_Dubbing\Work\VoiceAudition\Batch_012\1124_323982226.wav","1026393231","627744424","9484002","323982226","1","14,008","63","Custom Vorbis","32000 Hz","1","10-20s","CONVERTED"
"1125","Batch_012","626322069.wem","B:\Thief2014_Dubbing\Extracted\th4_000_common_vo\th4_000_common_vo\english(us)\626322069.wem","B:\Thief2014_Dubbing\Work\VoiceAudition\Batch_012\1125_626322069.wav","2555930391","225731760","1006466372","626322069","2","14,184","64","Custom Vorbis","32000 Hz","1","10-20s","CONVERTED"
"1126","Batch_012","313851490.wem","B:\Thief2014_Dubbing\Extracted\th4_000_common_vo\th4_000_common_vo\english(us)\313851490.wem","B:\Thief2014_Dubbing\Work\VoiceAudition\Batch_012\1126_313851490.wav","2203305525","450564590","477168486","313851490","2","14,285","61","Custom Vorbis","32000 Hz","1","10-20s","CONVERTED"
"1127","Batch_012","1032112512.wem","B:\Thief2014_Dubbing\Extracted\th4_000_common_vo\th4_000_common_vo\english(us)\1032112512.wem","B:\Thief2014_Dubbing\Work\VoiceAudition\Batch_012\1127_1032112512.wav","180893011","950431407","544700237","1032112512","1","14,812","65","Custom Vorbis","32000 Hz","1","10-20s","CONVERTED"
"1128","Batch_012","676334691.wem","B:\Thief2014_Dubbing\Extracted\th4_000_common_vo\th4_000_common_vo\english(us)\676334691.wem","B:\Thief2014_Dubbing\Work\VoiceAudition\Batch_012\1128_676334691.wav","171366236","432709169","594238290","676334691","1","16,422","63","Custom Vorbis","32000 Hz","1","10-20s","CONVERTED"
"1129","Batch_012","500049807.wem","B:\Thief2014_Dubbing\Extracted\th4_000_common_vo\th4_000_common_vo\english(us)\500049807.wem","B:\Thief2014_Dubbing\Work\VoiceAudition\Batch_012\1129_500049807.wav","3251826310","71276057","134298352","500049807","1","17,149","67","Custom Vorbis","32000 Hz","1","10-20s","CONVERTED"
"1130","Batch_012","591196620.wem","B:\Thief2014_Dubbing\Extracted\th4_000_common_vo\th4_000_common_vo\english(us)\591196620.wem","B:\Thief2014_Dubbing\Work\VoiceAudition\Batch_012\1130_591196620.wav","1956862132","740209577","1026165725","591196620","2","17,155","66","Custom Vorbis","32000 Hz","1","10-20s","CONVERTED"
"1131","Batch_012","891536372.wem","B:\Thief2014_Dubbing\Extracted\th4_000_common_vo\th4_000_common_vo\english(us)\891536372.wem","B:\Thief2014_Dubbing\Work\VoiceAudition\Batch_012\1131_891536372.wav","2149964272","589009586","881382546","891536372","2","17,429","62","Custom Vorbis","32000 Hz","1","10-20s","CONVERTED"
"1132","Batch_012","353841134.wem","B:\Thief2014_Dubbing\Extracted\th4_000_common_vo\th4_000_common_vo\english(us)\353841134.wem","B:\Thief2014_Dubbing\Work\VoiceAudition\Batch_012\1132_353841134.wav","1252812179","812256275","1013517402","353841134","2","18,808","60","Custom Vorbis","32000 Hz","1","10-20s","CONVERTED"
"1133","Batch_012","117431200.wem","B:\Thief2014_Dubbing\Extracted\th4_000_common_vo\th4_000_common_vo\english(us)\117431200.wem","B:\Thief2014_Dubbing\Work\VoiceAudition\Batch_012\1133_117431200.wav","2697836364","447582716","606536846","117431200","2","19,613","60","Custom Vorbis","32000 Hz","1","10-20s","CONVERTED"
"1134","Batch_012","324489994.wem","B:\Thief2014_Dubbing\Extracted\th4_000_common_vo\th4_000_common_vo\english(us)\324489994.wem","B:\Thief2014_Dubbing\Work\VoiceAudition\Batch_012\1134_324489994.wav","1449599358","902875706","998338293","324489994","1","21,349","66","Custom Vorbis","32000 Hz","1","20-30s","CONVERTED"
"1135","Batch_012","536154943.wem","B:\Thief2014_Dubbing\Extracted\th4_000_common_vo\th4_000_common_vo\english(us)\536154943.wem","B:\Thief2014_Dubbing\Work\VoiceAudition\Batch_012\1135_536154943.wav","2910534179","322780079","656534323","536154943","2","23,465","47","Custom Vorbis","32000 Hz","1","20-30s","CONVERTED"
"1136","Batch_012","227830401.wem","B:\Thief2014_Dubbing\Extracted\th4_000_common_vo\th4_000_common_vo\english(us)\227830401.wem","B:\Thief2014_Dubbing\Work\VoiceAudition\Batch_012\1136_227830401.wav","2994106687","677413543","991633241","227830401","1","24,262","87","Custom Vorbis","32000 Hz","1","20-30s","CONVERTED"
"1137","Batch_012","202264735.wem","B:\Thief2014_Dubbing\Extracted\th4_000_common_vo\th4_000_common_vo\english(us)\202264735.wem","B:\Thief2014_Dubbing\Work\VoiceAudition\Batch_012\1137_202264735.wav","2983809071","704795522","786547529","202264735","2","24,336","63","Custom Vorbis","32000 Hz","1","20-30s","CONVERTED"
"1138","Batch_012","468166270.wem","B:\Thief2014_Dubbing\Extracted\th4_000_common_vo\th4_000_common_vo\english(us)\468166270.wem","B:\Thief2014_Dubbing\Work\VoiceAudition\Batch_012\1138_468166270.wav","2169349947","959745924","741971888","468166270","1","26,286","73","Custom Vorbis","32000 Hz","1","20-30s","CONVERTED"
"1139","Batch_012","791924021.wem","B:\Thief2014_Dubbing\Extracted\th4_000_common_vo\th4_000_common_vo\english(us)\791924021.wem","B:\Thief2014_Dubbing\Work\VoiceAudition\Batch_012\1139_791924021.wav","2777867240","407228115","310623641","791924021","1","26,59","88","Custom Vorbis","32000 Hz","1","20-30s","CONVERTED"
"1140","Batch_012","185096493.wem","B:\Thief2014_Dubbing\Extracted\th4_000_common_vo\th4_000_common_vo\english(us)\185096493.wem","B:\Thief2014_Dubbing\Work\VoiceAudition\Batch_012\1140_185096493.wav","2043040516","481413392","559388924","185096493","2","26,725","62","Custom Vorbis","32000 Hz","1","20-30s","CONVERTED"
"1141","Batch_012","853338107.wem","B:\Thief2014_Dubbing\Extracted\th4_000_common_vo\th4_000_common_vo\english(us)\853338107.wem","B:\Thief2014_Dubbing\Work\VoiceAudition\Batch_012\1141_853338107.wav","919961890","672759702","526438744","853338107","1","26,801","81","Custom Vorbis","32000 Hz","1","20-30s","CONVERTED"
"1142","Batch_012","285607759.wem","B:\Thief2014_Dubbing\Extracted\th4_000_common_vo\th4_000_common_vo\english(us)\285607759.wem","B:\Thief2014_Dubbing\Work\VoiceAudition\Batch_012\1142_285607759.wav","943478013","73878643","729392113","285607759","2","27,2","63","Custom Vorbis","32000 Hz","1","20-30s","CONVERTED"
"1143","Batch_012","170699724.wem","B:\Thief2014_Dubbing\Extracted\th4_000_common_vo\th4_000_common_vo\english(us)\170699724.wem","B:\Thief2014_Dubbing\Work\VoiceAudition\Batch_012\1143_170699724.wav","3700075934","727846445","356083530","170699724","1","28,824","80","Custom Vorbis","32000 Hz","1","20-30s","CONVERTED"
"1144","Batch_012","316454681.wem","B:\Thief2014_Dubbing\Extracted\th4_000_common_vo\th4_000_common_vo\english(us)\316454681.wem","B:\Thief2014_Dubbing\Work\VoiceAudition\Batch_012\1144_316454681.wav","195402501","4926239","74105596","316454681","1","29,821","80","Custom Vorbis","32000 Hz","1","20-30s","CONVERTED"
