"EventID","ActionID","SoundID","SourceID","WEM","StreamType","SizeBytes","SizeKB","Codec","SampleRate","Channels","Streams","DurationSec","Looping","VgmstreamExit"
"1939217055","483822953","123592416","1994541","1994541.wem","1","11063","10,8","","","","","43603","","0"
"3813146506","505124384","1031940873","2259156","2259156.wem","1","69591","67,96","","","","","256962","","0"
"1449448340","263856076","1036449577","2575341","2575341.wem","1","44809","43,76","","","","","171178","","0"
"3098908705","133087753","56891956","3425580","3425580.wem","2","37246","36,37","","","","","144625","","0"
"3427046794","530989381","323299304","4880661","4880661.wem","1","21878","21,37","","","","","71171","","0"
"747866375","994430967","74671635","6141113","6141113.wem","1","71985","70,3","","","","","260014","","0"
"2358215687","800907594","691391696","6343934","6343934.wem","1","54356","53,08","","","","","205482","","0"
"2519060418","910703238","876698212","6407439","6407439.wem","1","40517","39,57","","","","","152753","","0"
"3002424588","125837682","328793783","7390073","7390073.wem","1","59265","57,88","","","","","221946","","0"
"664984808","933768584","743518314","8118526","8118526.wem","1","17626","17,21","","","","","52365","","0"
"3841807736","37837930","381803477","9381084","9381084.wem","1","15903","15,53","","","","","48814","","0"
"2385992378","180095592","839344046","11743198","11743198.wem","1","41060","40,1","","","","","125974","","0"
"642354608","815749185","500485454","11950871","11950871.wem","1","17089","16,69","","","","","58899","","0"
"3125062282","328893647","376404055","14026281","14026281.wem","1","27864","27,21","","","","","96331","","0"
"2141487084","241039959","709171732","14140737","14140737.wem","1","36048","35,2","","","","","144981","","0"
"773607919","915427969","476802863","14441920","14441920.wem","1","56158","54,84","","","","","211111","","0"
"3369576424","873309786","47130983","15140111","15140111.wem","1","9769","9,54","","","","","36970","","0"
"2258699595","50072444","567810603","15806715","15806715.wem","1","22583","22,05","","","","","83967","","0"
"781885249","714337614","15654722","16292482","16292482.wem","1","8094","7,9","","","","","30799","","0"
"883889954","723039354","321721880","16413068","16413068.wem","1","18558","18,12","","","","","72741","","0"
"2002073954","17647476","120599715","16526771","16526771.wem","1","40766","39,81","","","","","133802","","0"
"802631416","694764823","790485450","18029859","18029859.wem","1","24536","23,96","","","","","87543","","0"
"3995398616","752129565","466078840","18903818","18903818.wem","1","13349","13,04","","","","","48810","","0"
"1213289082","391161149","714851924","20696694","20696694.wem","2","33677","32,89","","","","","144835","","0"
"2875567305","556933342","658714248","21773969","21773969.wem","1","58053","56,69","","","","","217429","","0"
"1998947918","907058655","670825254","21967293","21967293.wem","1","35040","34,22","","","","","109930","","0"
"1429877993","265058403","995042558","23415599","23415599.wem","1","85661","83,65","","","","","338687","","0"
"1019406461","443491341","501279652","23618156","23618156.wem","1","25225","24,63","","","","","88405","","0"
"188116871","345774950","119052737","24774449","24774449.wem","1","21237","20,74","","","","","77141","","0"
"552504920","730966312","97372912","25842541","25842541.wem","1","48596","47,46","","","","","179733","","0"
"3198991555","758593958","174490978","25982441","25982441.wem","1","16033","15,66","","","","","56661","","0"
"3472040852","196711582","997226037","27039803","27039803.wem","1","18321","17,89","","","","","68679","","0"
"2603168646","81192648","1010532790","27253652","27253652.wem","1","68611","67","","","","","252245","","0"
"4203819135","692325295","30745212","27512562","27512562.wem","1","46911","45,81","","","","","175491","","0"
"3929961970","308025054","213205006","27985417","27985417.wem","1","33967","33,17","","","","","126921","","0"
"898631403","448464765","147618033","28006126","28006126.wem","1","32419","31,66","","","","","122562","","0"
"355854794","43874702","777852873","28391928","28391928.wem","1","11081","10,82","","","","","29437","","0"
"454883748","856477663","120945987","28397653","28397653.wem","0","2186","2,13","","","","","7474","","0"
"3410269207","1030028545","520728322","28899013","28899013.wem","1","19941","19,47","","","","","55893","","0"
"2402963614","66791487","249236073","30052689","30052689.wem","1","18010","17,59","","","","","62756","","0"
"3447099962","617480380","970840363","31296218","31296218.wem","1","21819","21,31","","","","","74431","","0"
"1990129782","148702686","117634563","31508959","31508959.wem","1","57344","56","","","","","221697","","0"
"2108699618","831490196","937276189","31944517","31944517.wem","1","12769","12,47","","","","","45983","","0"
"314236228","342063598","974378803","33235221","33235221.wem","1","65909","64,36","","","","","247263","","0"
"2652657254","256541576","131367935","34453711","34453711.wem","1","18389","17,96","","","","","62463","","0"
"1279633228","762166880","768792658","35991868","35991868.wem","1","19459","19","","","","","64529","","0"
"3899815136","173804479","531281062","36771323","36771323.wem","1","32750","31,98","","","","","132305","","0"
"3429285047","820908121","427730419","38372339","38372339.wem","2","24345","23,77","","","","","86671","","0"
"1906860155","618667253","724606175","38505124","38505124.wem","1","45172","44,11","","","","","159402","","0"
"3224862482","222037952","221598300","38727352","38727352.wem","1","10590","10,34","","","","","28133","","0"
"1758358581","686170800","382245291","38896854","38896854.wem","1","37698","36,81","","","","","138047","","0"
"3765030571","368131148","469991711","39862244","39862244.wem","1","52367","51,14","","","","","191807","","0"
"457640162","264630181","236830479","41098152","41098152.wem","1","59642","58,24","","","","","240257","","0"
"2612629683","661207466","425828521","42374114","42374114.wem","1","15728","15,36","","","","","55893","","0"
"4220090520","1032174473","686784668","43709616","43709616.wem","1","18456","18,02","","","","","54776","","0"
"506953500","178446032","917952391","45145384","45145384.wem","1","12606","12,31","","","","","43861","","0"
"1997170894","743394404","195301533","45850526","45850526.wem","1","21884","21,37","","","","","94754","","0"
"3908477461","357499262","920662145","46657280","46657280.wem","1","14799","14,45","","","","","53938","","0"
"2910483243","299534996","7985231","46999090","46999090.wem","1","60590","59,17","","","","","246315","","0"
"2239595267","299213525","893424268","48753438","48753438.wem","1","15567","15,2","","","","","44155","","0"
"2644114177","904808310","343124650","49679125","49679125.wem","1","44532","43,49","","","","","193616","","0"
"4039136822","417031377","841810925","50572807","50572807.wem","1","45318","44,26","","","","","169451","","0"
"785376192","71422919","503527469","51534216","51534216.wem","1","20687","20,2","","","","","75061","","0"
"1037781457","564605524","265300516","54151231","54151231.wem","1","36008","35,16","","","","","127551","","0"
"1477756927","950272388","587799451","54204748","54204748.wem","1","35753","34,92","","","","","132095","","0"
"3359083402","323409150","896352145","55510424","55510424.wem","1","10681","10,43","","","","","29395","","0"
"1720085796","680692599","389568658","56223722","56223722.wem","1","53490","52,24","","","","","202223","","0"
"942616954","186889187","568766156","56270695","56270695.wem","1","16275","15,89","","","","","55276","","0"
"98289929","974433607","360567073","61738747","61738747.wem","1","14306","13,97","","","","","52223","","0"
"803827908","407076703","319902802","62506718","62506718.wem","1","23397","22,85","","","","","84799","","0"
"3109943155","315466570","611347293","63485174","63485174.wem","1","9881","9,65","","","","","36975","","0"
"3019033575","878200631","644019011","65544374","65544374.wem","1","15962","15,59","","","","","58667","","0"
"373633978","217254183","101784772","65816721","65816721.wem","1","38922","38,01","","","","","159999","","0"
"4098696355","305234010","181653012","67801274","67801274.wem","1","90480","88,36","","","","","338005","","0"
"2755039431","545438299","850522474","67891682","67891682.wem","1","20566","20,08","","","","","64091","","0"
"1472355436","966018431","136052919","68392483","68392483.wem","1","62349","60,89","","","","","240292","","0"
"193351199","342704997","831564288","70106595","70106595.wem","1","45998","44,92","","","","","175146","","0"
"1726545727","451104876","724719174","70532753","70532753.wem","1","15201","14,84","","","","","42805","","0"
"3238798809","1073460608","275966564","72599138","72599138.wem","1","25550","24,95","","","","","74397","","0"
"1760100869","590152896","561852758","72740112","72740112.wem","1","8539","8,34","","","","","26013","","0"
"874710010","597829458","1042035163","75298720","75298720.wem","1","17840","17,42","","","","","61098","","0"
"4087100871","673890723","596261299","75859786","75859786.wem","1","19373","18,92","","","","","71376","","0"
"87081233","874179820","427451876","79594765","79594765.wem","1","78802","76,96","","","","","303757","","0"
"1113986245","970350021","823356542","80944288","80944288.wem","1","25665","25,06","","","","","76245","","0"
"3892140593","1019410537","148698207","82613959","82613959.wem","1","15925","15,55","","","","","56383","","0"
"3562805937","209361308","401021872","83349338","83349338.wem","1","42189","41,2","","","","","156251","","0"
"3078223667","893787449","960300668","85694433","85694433.wem","1","6960","6,8","","","","","24831","","0"
"1467204419","218565073","267389728","86008251","86008251.wem","1","43551","42,53","","","","","159166","","0"
"2778855768","718144342","706356691","86065016","86065016.wem","1","15082","14,73","","","","","53209","","0"
"2565760583","570273374","227351358","86148928","86148928.wem","1","9947","9,71","","","","","42469","","0"
"3101685905","653965402","777605706","86754495","86754495.wem","1","47966","46,84","","","","","171093","","0"
"3255030090","892965232","585637965","87544570","87544570.wem","1","89135","87,05","","","","","313343","","0"
"3318182744","870297515","810742718","87634762","87634762.wem","1","15183","14,83","","","","","52479","","0"
"3443824509","516402753","475186527","89315413","89315413.wem","1","19973","19,5","","","","","54217","","0"
"1388450100","178419983","597533131","89428262","89428262.wem","1","13593","13,27","","","","","38031","","0"
"1098029512","930110057","634519766","90880483","90880483.wem","1","16448","16,06","","","","","62532","","0"
"4182485301","486493815","542662749","92198627","92198627.wem","1","50014","48,84","","","","","171893","","0"
"350822486","782660235","708761017","92791440","92791440.wem","1","11883","11,6","","","","","44373","","0"
"4000692579","950474304","686853706","93325588","93325588.wem","1","30018","29,31","","","","","131050","","0"
"1074146810","344433556","994218871","98552437","98552437.wem","1","38952","38,04","","","","","146449","","0"
"184467978","257576932","910173754","99395565","99395565.wem","2","67394","65,81","","","","","244038","","0"
"2484133173","539367414","72321886","102436360","102436360.wem","1","35732","34,89","","","","","131743","","0"
"2620796913","864881930","543057014","103162336","103162336.wem","1","44944","43,89","","","","","168341","","0"
"3474264746","636039829","706861923","104766979","104766979.wem","1","27187","26,55","","","","","99327","","0"
"3393122011","876453350","870012059","105106109","105106109.wem","2","13089","12,78","","","","","46809","","0"
"2180151499","248270881","244633615","105622278","105622278.wem","1","22462","21,94","","","","","71733","","0"
"2389480092","671447650","640411401","106607126","106607126.wem","1","85924","83,91","","","","","307253","","0"
"2225380438","748666220","911474382","107137317","107137317.wem","1","46383","45,3","","","","","173159","","0"
"3059834227","233322638","919823191","107594310","107594310.wem","1","36497","35,64","","","","","132639","","0"
"1940083306","1004506336","599985710","110570427","110570427.wem","1","32535","31,77","","","","","98474","","0"
"2604247032","814291001","689180251","110723765","110723765.wem","2","59291","57,9","","","","","197530","","0"
"3569963574","1001120948","430729684","111168223","111168223.wem","1","7795","7,61","","","","","26661","","0"
"1785910087","853629253","519535934","111213177","111213177.wem","1","35067","34,25","","","","","134506","","0"
"2079483914","489082008","259208342","111938917","111938917.wem","1","108615","106,07","","","","","447999","","0"
"946331634","494268556","634330574","115875410","115875410.wem","2","24391","23,82","","","","","93132","","0"
"1717726313","844438549","254486690","116629131","116629131.wem","1","41957","40,97","","","","","154346","","0"
"3105144685","552411348","322554093","116769263","116769263.wem","1","28579","27,91","","","","","102434","","0"
"2697836364","447582716","606536846","117431200","117431200.wem","2","148961","145,47","","","","","627607","","0"
"2334373951","284467941","969396184","117726891","117726891.wem","1","19524","19,07","","","","","65365","","0"
"3528293971","100767144","249691142","117772031","117772031.wem","1","18111","17,69","","","","","64170","","0"
"3160093545","538676215","799240744","120129487","120129487.wem","1","36554","35,7","","","","","122111","","0"
"3574820932","441572062","359274625","120369165","120369165.wem","1","11133","10,87","","","","","44419","","0"
"213654886","143765288","582855574","120459133","120459133.wem","1","21402","20,9","","","","","81915","","0"
"655065823","203759134","14243670","121985976","121985976.wem","1","60293","58,88","","","","","254121","","0"
"2196123131","934480855","45630369","122220929","122220929.wem","1","19713","19,25","","","","","69229","","0"
"2288032229","110693190","659695047","122381597","122381597.wem","1","40565","39,61","","","","","140458","","0"
"370890959","617082004","123421981","123921731","123921731.wem","1","36706","35,85","","","","","138341","","0"
"1619880322","456669544","973211308","123995673","123995673.wem","2","20118","19,65","","","","","71354","","0"
"1972509326","537897441","1024372567","125264452","125264452.wem","1","23081","22,54","","","","","86721","","0"
"3863722012","58308338","802318516","126944838","126944838.wem","1","52613","51,38","","","","","189930","","0"
"1713556506","782052297","549822694","126988840","126988840.wem","1","10728","10,48","","","","","42295","","0"
"2274820042","796908199","255545802","127357609","127357609.wem","1","33974","33,18","","","","","125679","","0"
"2465047953","544599743","380690990","127735755","127735755.wem","1","29221","28,54","","","","","113398","","0"
"290900633","64674829","424540536","128616695","128616695.wem","1","20986","20,49","","","","","76629","","0"
"2545964037","249723566","662727444","130214626","130214626.wem","1","7478","7,3","","","","","26154","","0"
"4244135680","36112154","478875062","130398566","130398566.wem","2","103222","100,8","","","","","371569","","0"
"2063117786","751190128","1052199791","130938459","130938459.wem","1","56242","54,92","","","","","214399","","0"
"1938329411","567450022","758146636","131593931","131593931.wem","1","33523","32,74","","","","","107417","","0"
"3723090864","198739567","597396105","134051271","134051271.wem","1","29605","28,91","","","","","109609","","0"
"2713926369","238036359","674397616","136642407","136642407.wem","1","14412","14,07","","","","","52626","","0"
"3688101281","285689078","1006185381","136987909","136987909.wem","2","11862","11,58","","","","","49152","","0"
"718132085","398703830","411771121","137581498","137581498.wem","1","44129","43,09","","","","","167253","","0"
"768058934","772833276","443673002","139219960","139219960.wem","1","69471","67,84","","","","","250086","","0"
"56395845","438149503","406602012","139313318","139313318.wem","1","12585","12,29","","","","","44912","","0"
"898193892","522389761","320174968","140429898","140429898.wem","2","7663","7,48","","","","","26693","","0"
"4170034684","868473525","250996898","140753050","140753050.wem","1","20384","19,91","","","","","70826","","0"
"3189533682","59351733","1038669707","141791397","141791397.wem","1","25490","24,89","","","","","95573","","0"
"2359788130","706680686","345183286","142501603","142501603.wem","2","34226","33,42","","","","","142008","","0"
"2403334882","280088796","796301526","143438724","143438724.wem","1","10839","10,58","","","","","36621","","0"
"1045436160","859063789","499257815","144853272","144853272.wem","1","17754","17,34","","","","","66277","","0"
"2686703802","866994893","548337589","145243625","145243625.wem","1","27504","26,86","","","","","91443","","0"
"1917077711","993476896","310592170","145401243","145401243.wem","1","12548","12,25","","","","","46421","","0"
"14107373","162280588","877794139","145630016","145630016.wem","1","8395","8,2","","","","","30933","","0"
"1819604464","830597988","60666303","145992104","145992104.wem","1","58373","57","","","","","220570","","0"
"3325452044","563618692","69177987","146493191","146493191.wem","1","14908","14,56","","","","","52056","","0"
"3082062299","1027399461","278513699","147747681","147747681.wem","1","34671","33,86","","","","","142826","","0"
"3249961414","317431926","846913607","147824665","147824665.wem","1","23277","22,73","","","","","100010","","0"
"3628366633","550507698","92514553","148095223","148095223.wem","1","27863","27,21","","","","","111357","","0"
"2322088210","878173925","860342797","148307580","148307580.wem","1","18500","18,07","","","","","68693","","0"
"282520146","674163862","698471899","149097461","149097461.wem","1","25040","24,45","","","","","78061","","0"
"1654706174","380542528","275045697","149815371","149815371.wem","1","10395","10,15","","","","","41323","","0"
"2777911739","1050996736","55960903","150380784","150380784.wem","1","7104","6,94","","","","","25410","","0"
"1434959409","202874251","472137787","150649308","150649308.wem","1","40375","39,43","","","","","162429","","0"
"3960852780","860477649","630975810","150800374","150800374.wem","1","27717","27,07","","","","","95743","","0"
"3759483214","111729126","633391133","151932880","151932880.wem","1","18027","17,6","","","","","62805","","0"
"1881668234","707058839","289373360","157056275","157056275.wem","2","15023","14,67","","","","","54432","","0"
"3079820893","404774770","804684178","157528075","157528075.wem","1","35409","34,58","","","","","103869","","0"
"2281543036","412906360","518173738","157581541","157581541.wem","1","16046","15,67","","","","","50677","","0"
"1601078373","895019799","131761106","158413004","158413004.wem","1","11836","11,56","","","","","42495","","0"
"4251383320","596480535","898767914","159781536","159781536.wem","1","14128","13,8","","","","","49333","","0"
"38922982","120298763","755606733","159921588","159921588.wem","2","11611","11,34","","","","","30964","","0"
"2790755596","954028334","776675658","161300527","161300527.wem","1","21098","20,6","","","","","78889","","0"
"82386634","277069325","594313523","162031974","162031974.wem","1","29412","28,72","","","","","109900","","0"
"496774474","740625598","245719918","162530994","162530994.wem","1","34850","34,03","","","","","132863","","0"
"992571404","580202707","18983951","162811341","162811341.wem","1","33472","32,69","","","","","112433","","0"
"2407371457","183150142","891988437","163370250","163370250.wem","1","17833","17,42","","","","","55894","","0"
"2146288964","737701782","1022786016","164557132","164557132.wem","1","52413","51,18","","","","","195455","","0"
"3361011483","10653340","997840992","165923554","165923554.wem","1","9159","8,94","","","","","33843","","0"
"1131517247","133049835","176181447","166581581","166581581.wem","1","30102","29,4","","","","","113940","","0"
"3242356929","94611735","786932822","167560200","167560200.wem","1","28366","27,7","","","","","110378","","0"
"1402918832","298596891","690193247","167945959","167945959.wem","1","15338","14,98","","","","","53183","","0"
"2835669845","444117764","933649772","168165222","168165222.wem","1","25832","25,23","","","","","86671","","0"
"2580604493","289027545","481013096","169992522","169992522.wem","1","48001","46,88","","","","","164181","","0"
"3700075934","727846445","356083530","170699724","170699724.wem","1","288731","281,96","","","","","922364","","0"
"1802874610","764500767","374593863","170803105","170803105.wem","1","31091","30,36","","","","","113755","","0"
"64470697","594959497","402319831","174011257","174011257.wem","1","10578","10,33","","","","","36761","","0"
"2476246378","280642798","648285456","174921470","174921470.wem","1","58071","56,71","","","","","192619","","0"
"1477902024","948709598","173918181","175393690","175393690.wem","1","29796","29,1","","","","","94430","","0"
"4152934995","288504288","302873959","175489343","175489343.wem","1","43016","42,01","","","","","151607","","0"
"976714314","892735653","322786594","176239191","176239191.wem","1","29067","28,39","","","","","95392","","0"
"2272354181","1054670987","326090636","176314973","176314973.wem","1","41111","40,15","","","","","150311","","0"
"1188555628","849137564","203574859","179329367","179329367.wem","1","69994","68,35","","","","","231839","","0"
"169273295","346206699","432798228","181324910","181324910.wem","1","30273","29,56","","","","","110821","","0"
"4090597759","1057776980","702690522","181934843","181934843.wem","1","49311","48,16","","","","","183505","","0"
"3936178944","691107479","1024620183","181960664","181960664.wem","1","116735","114","","","","","440587","","0"
"2981546119","954524131","606764739","182563901","182563901.wem","1","31880","31,13","","","","","122274","","0"
"3412165023","60078409","471245591","182704058","182704058.wem","1","16663","16,27","","","","","63326","","0"
"2917685879","877125197","553575192","182815024","182815024.wem","1","20177","19,7","","","","","62286","","0"
"3053274528","397028150","981927778","183169828","183169828.wem","1","28818","28,14","","","","","103594","","0"
"4091220511","352045557","983828701","184262414","184262414.wem","1","45174","44,12","","","","","163669","","0"
"1198737572","365629827","597156993","184517543","184517543.wem","1","10543","10,3","","","","","41642","","0"
"2880264342","226295830","329959198","184647666","184647666.wem","1","23780","23,22","","","","","81439","","0"
"2043040516","481413392","559388924","185096493","185096493.wem","2","209897","204,98","","","","","855190","","0"
"999914252","104386796","645383988","185250707","185250707.wem","1","14027","13,7","","","","","50517","","0"
"1126614114","1040170917","942563278","185799516","185799516.wem","1","41884","40,9","","","","","155096","","0"
"1944694042","1001942698","646841222","186070293","186070293.wem","1","25019","24,43","","","","","92543","","0"
"3724663601","61281214","147162150","187117794","187117794.wem","1","51982","50,76","","","","","194507","","0"
"3267913919","64937679","209026346","187578096","187578096.wem","1","46241","45,16","","","","","183918","","0"
"2020365498","240288780","469538621","187877902","187877902.wem","1","23061","22,52","","","","","95999","","0"
"3311955968","680752309","658297895","191772834","191772834.wem","1","32590","31,83","","","","","115221","","0"
"2658140653","312663576","952119059","192113431","192113431.wem","1","44245","43,21","","","","","156437","","0"
"459810690","1037732648","428424277","192194498","192194498.wem","1","41402","40,43","","","","","162664","","0"
"872444375","874530826","367392272","192487085","192487085.wem","1","9338","9,12","","","","","35669","","0"
"3375861117","505814526","1071549018","192763684","192763684.wem","1","22041","21,52","","","","","81232","","0"
"6101757","644467920","267473630","194110632","194110632.wem","1","16918","16,52","","","","","56349","","0"
"214616859","875754443","767659049","194330409","194330409.wem","1","17225","16,82","","","","","63466","","0"
"1682644071","581081123","630516632","195325266","195325266.wem","1","6785","6,63","","","","","25087","","0"
"3706754220","286979558","1032607273","195537923","195537923.wem","1","13151","12,84","","","","","50689","","0"
"1175821568","326223472","337891011","196366528","196366528.wem","1","22243","21,72","","","","","83797","","0"
"2422494377","66453600","188247809","196991802","196991802.wem","1","30074","29,37","","","","","112538","","0"
"3220413139","780470501","540085035","197543547","197543547.wem","1","22054","21,54","","","","","77781","","0"
"2357038600","592851939","869813336","197738680","197738680.wem","1","16314","15,93","","","","","43783","","0"
"1989624878","719753371","865832192","198261962","198261962.wem","1","27545","26,9","","","","","96714","","0"
"4099717292","232372942","219128123","199511651","199511651.wem","1","21826","21,31","","","","","79871","","0"
"1525990237","744053099","696179535","200272434","200272434.wem","1","14024","13,7","","","","","53589","","0"
"3111750117","1030007405","753255660","201252940","201252940.wem","1","12647","12,35","","","","","47957","","0"
"1249509908","977857989","637038126","201433572","201433572.wem","2","22477","21,95","","","","","82216","","0"
"2116105528","125362257","85228790","201897175","201897175.wem","1","19390","18,94","","","","","71679","","0"
"2983809071","704795522","786547529","202264735","202264735.wem","2","192133","187,63","","","","","778756","","0"
"1741796302","138123452","799155005","202756120","202756120.wem","1","18746","18,31","","","","","70837","","0"
"4099172628","882675558","877269556","204876013","204876013.wem","1","30315","29,6","","","","","110879","","0"
"855523534","238207234","190592017","206085556","206085556.wem","1","69546","67,92","","","","","270211","","0"
"2112541569","335887006","799488297","206247569","206247569.wem","1","14893","14,54","","","","","54698","","0"
"316615779","524239045","680002550","206319454","206319454.wem","1","16870","16,47","","","","","61397","","0"
"1963702333","88445794","723056549","206482288","206482288.wem","1","34296","33,49","","","","","122896","","0"
"3916310647","919809908","16605200","206607860","206607860.wem","1","41671","40,69","","","","","159530","","0"
"3279244510","138703191","845948462","208695542","208695542.wem","1","17063","16,66","","","","","46165","","0"
"685778101","519645209","740559103","210412192","210412192.wem","1","26586","25,96","","","","","93653","","0"
"2303162276","134239707","925568882","211532930","211532930.wem","1","20443","19,96","","","","","63532","","0"
"513457386","395042076","371614362","211866321","211866321.wem","1","55798","54,49","","","","","197802","","0"
"3956623046","142288905","937387014","212177027","212177027.wem","1","37393","36,52","","","","","100381","","0"
"1504815003","25101986","366616315","212234175","212234175.wem","1","37502","36,62","","","","","165025","","0"
"2664002317","351187368","1044185358","213762010","213762010.wem","1","33499","32,71","","","","","142216","","0"
"1562324204","808464622","174883767","214125137","214125137.wem","1","66390","64,83","","","","","234495","","0"
"162858554","937801278","235759430","215314467","215314467.wem","1","10897","10,64","","","","","43007","","0"
"3482841388","984677752","400468789","216677552","216677552.wem","1","31477","30,74","","","","","135509","","0"
"1804652044","816258306","140126900","218049326","218049326.wem","1","23920","23,36","","","","","94011","","0"
"2490695792","382095047","812542932","218774231","218774231.wem","1","59477","58,08","","","","","235861","","0"
"2477547673","80120170","899810283","219180708","219180708.wem","1","27577","26,93","","","","","91477","","0"
"828420738","40080207","2039034","219721614","219721614.wem","1","22421","21,9","","","","","95999","","0"
"291141652","571944126","860983115","219835625","219835625.wem","1","45356","44,29","","","","","170244","","0"
"3854257487","185614825","898105080","221217876","221217876.wem","1","15697","15,33","","","","","56261","","0"
"3178332247","485498324","602191726","222265191","222265191.wem","1","28588","27,92","","","","","100351","","0"
"1579828519","153631324","794660535","222555717","222555717.wem","1","76866","75,06","","","","","290537","","0"
"2627370257","824668894","344839582","223275476","223275476.wem","1","26582","25,96","","","","","100905","","0"
"3878583011","476955225","674005654","223793026","223793026.wem","1","15631","15,26","","","","","51370","","0"
"2264765321","115570955","513049966","224466364","224466364.wem","1","24732","24,15","","","","","78950","","0"
"3963117095","540272422","58534220","225139994","225139994.wem","1","23014","22,47","","","","","92330","","0"
"2732307994","725637980","251052523","226617786","226617786.wem","1","59286","57,9","","","","","223723","","0"
"721567578","1002138588","209336428","227431214","227431214.wem","1","12825","12,52","","","","","44533","","0"
"2994106687","677413543","991633241","227830401","227830401.wem","1","266615","260,37","","","","","776389","","0"
"892407898","410518979","543135872","228038233","228038233.wem","1","31617","30,88","","","","","116976","","0"
"236789081","58210224","621757154","230796911","230796911.wem","1","21868","21,36","","","","","77567","","0"
"659623749","427696188","734488198","231591266","231591266.wem","1","23452","22,9","","","","","103082","","0"
"2036711722","180633126","92415574","231986273","231986273.wem","1","42053","41,07","","","","","159733","","0"
"681762395","985071126","159629790","232476450","232476450.wem","1","15670","15,3","","","","","43457","","0"
"1172112788","345868907","498453443","233018484","233018484.wem","1","18488","18,05","","","","","67583","","0"
"1300393513","224936983","945672588","233358959","233358959.wem","1","35181","34,36","","","","","128170","","0"
"735708210","849915144","690981904","233438342","233438342.wem","2","74990","73,23","","","","","284017","","0"
"1092904881","953086152","523817968","233546027","233546027.wem","1","38409","37,51","","","","","146509","","0"
"2719716361","207870470","957598446","234132063","234132063.wem","1","68152","66,55","","","","","279893","","0"
"659602759","889739615","985886388","234171837","234171837.wem","1","49255","48,1","","","","","183981","","0"
"3223271117","544764882","162154101","237528681","237528681.wem","2","9803","9,57","","","","","38438","","0"
"1983456882","747131993","205832806","238102054","238102054.wem","1","4822","4,71","","","","","15973","","0"
"3264861813","455383523","203302226","239395106","239395106.wem","1","10191","9,95","","","","","40786","","0"
"3931238987","67786355","1022236815","240912965","240912965.wem","2","22229","21,71","","","","","87569","","0"
"2888225975","1061622172","990384137","242465059","242465059.wem","1","94192","91,98","","","","","361045","","0"
"264492210","948614272","113777530","243616231","243616231.wem","1","48792","47,65","","","","","163451","","0"
"1333972682","897543627","629611683","244321865","244321865.wem","1","19242","18,79","","","","","75263","","0"
"486807543","884056736","807673703","246609026","246609026.wem","2","93446","91,26","","","","","401195","","0"
"4277324593","523319882","731541432","246891663","246891663.wem","1","56791","55,46","","","","","205808","","0"
"3688952314","919247701","308627977","248157971","248157971.wem","1","10241","10","","","","","38741","","0"
"3776281097","411823826","571505455","250104555","250104555.wem","2","9869","9,64","","","","","38158","","0"
"3575253992","719296781","426516721","252188113","252188113.wem","1","54004","52,74","","","","","199907","","0"
"4237386718","899436648","549533426","252257032","252257032.wem","1","38838","37,93","","","","","141310","","0"
"663075787","1041054440","866056494","252305306","252305306.wem","1","13275","12,96","","","","","49742","","0"
"1813957771","1005994450","115584472","253103376","253103376.wem","2","23938","23,38","","","","","77759","","0"
"3529572942","596069772","616264213","253212335","253212335.wem","2","9850","9,62","","","","","35235","","0"
"2627370258","64157754","765662550","253463471","253463471.wem","1","46587","45,5","","","","","185002","","0"
"1434959410","294741614","838233963","255875212","255875212.wem","1","58703","57,33","","","","","224200","","0"
"3967908326","372195114","690018032","257763145","257763145.wem","1","14903","14,55","","","","","57255","","0"
"4040727414","940612085","398328077","258432156","258432156.wem","1","46109","45,03","","","","","191999","","0"
"935501094","742632920","388109555","258438692","258438692.wem","1","71089","69,42","","","","","206253","","0"
"1276233748","856415100","84044586","258541100","258541100.wem","1","50056","48,88","","","","","175585","","0"
"3890666327","27913819","689469197","260783562","260783562.wem","1","60417","59","","","","","229156","","0"
"722932579","46833015","484374052","262509221","262509221.wem","1","27389","26,75","","","","","107601","","0"
"2859690167","179482489","103576971","262650098","262650098.wem","1","24288","23,72","","","","","90383","","0"
"3346078392","1048721319","898136896","264318605","264318605.wem","1","13949","13,62","","","","","49557","","0"
"4254817407","813007085","629324952","264429072","264429072.wem","1","41659","40,68","","","","","153466","","0"
"3513521233","1037899952","55143284","264889363","264889363.wem","1","12100","11,82","","","","","44757","","0"
"3953852459","880045577","19154704","265251714","265251714.wem","1","37642","36,76","","","","","132778","","0"
"3899459450","84224305","933122973","268025381","268025381.wem","1","34800","33,98","","","","","131029","","0"
"1546929112","798775751","520615931","268592622","268592622.wem","1","63123","61,64","","","","","230004","","0"
"3876381483","428827628","206341526","270191836","270191836.wem","1","13904","13,58","","","","","37449","","0"
"2839621892","831971855","228178172","270299190","270299190.wem","1","6324","6,18","","","","","24490","","0"
"482386245","90334564","505593832","271969660","271969660.wem","1","17993","17,57","","","","","60533","","0"
"41160056","271803665","291864555","272200703","272200703.wem","2","9411","9,19","","","","","34167","","0"
"959936727","182873655","133404495","272253548","272253548.wem","1","17323","16,92","","","","","46019","","0"
"1125519507","601154151","604785067","272522425","272522425.wem","2","29248","28,56","","","","","102502","","0"
"1522572093","813372218","690889424","272603742","272603742.wem","1","10592","10,34","","","","","36181","","0"
"107603366","310305095","139652137","272772371","272772371.wem","1","14118","13,79","","","","","54133","","0"
"1493191243","164036162","1032978047","273544445","273544445.wem","1","7078","6,91","","","","","21611","","0"
"590353631","971135927","890447449","273701221","273701221.wem","1","6961","6,8","","","","","25789","","0"
"3100553236","978917118","802781260","276506526","276506526.wem","2","26470","25,85","","","","","130740","","0"
"135549706","359206802","290330782","278962303","278962303.wem","1","92080","89,92","","","","","383999","","0"
"410603206","919029815","792968165","281326780","281326780.wem","1","92552","90,38","","","","","360138","","0"
"3962173152","141993388","219769053","282305378","282305378.wem","1","31435","30,7","","","","","113343","","0"
"1426861212","505799495","764403018","284086785","284086785.wem","1","13699","13,38","","","","","44526","","0"
"2172941058","139357004","507408678","285381545","285381545.wem","1","49254","48,1","","","","","187711","","0"
"943478013","73878643","729392113","285607759","285607759.wem","2","216534","211,46","","","","","870406","","0"
"1122296726","134134317","644460074","286033145","286033145.wem","1","79791","77,92","","","","","348734","","0"
"1236597399","559150887","879486849","286377453","286377453.wem","1","25617","25,02","","","","","96834","","0"
"1703179782","601005225","977406015","286756205","286756205.wem","1","13026","12,72","","","","","40518","","0"
"2732940784","555081241","786517469","287207942","287207942.wem","1","31761","31,02","","","","","112255","","0"
"2999985347","664166620","906044685","287735083","287735083.wem","1","14253","13,92","","","","","53077","","0"
"2538218920","512806896","577175757","287830862","287830862.wem","1","39293","38,37","","","","","150199","","0"
"3993663415","156307247","27463364","288149885","288149885.wem","1","36046","35,2","","","","","122866","","0"
"857773442","741853050","470207270","289770978","289770978.wem","1","23033","22,49","","","","","85927","","0"
"4136989120","58758370","858630126","289836723","289836723.wem","2","33184","32,41","","","","","124784","","0"
"2614898379","838684050","435229911","290922556","290922556.wem","1","26504","25,88","","","","","92474","","0"
"3728268265","828963377","856388464","291791478","291791478.wem","1","29467","28,78","","","","","108489","","0"
"174778460","584152871","944743452","291892974","291892974.wem","1","70033","68,39","","","","","229219","","0"
"3056621189","920046291","1017016097","291902255","291902255.wem","1","7339","7,17","","","","","27110","","0"
"1867356626","47409775","111956764","292303274","292303274.wem","1","9004","8,79","","","","","33866","","0"
"3258244090","547776979","796702502","293295906","293295906.wem","1","33683","32,89","","","","","123433","","0"
"587493526","855680118","535994196","294748920","294748920.wem","1","52379","51,15","","","","","189397","","0"
"1976077404","15861634","691603999","295197945","295197945.wem","2","24621","24,04","","","","","112598","","0"
"3178225616","909906155","963425142","295402180","295402180.wem","1","38249","37,35","","","","","140287","","0"
"4132081626","805882330","82706509","295484415","295484415.wem","1","46598","45,51","","","","","174325","","0"
"4072904601","695578070","194343234","296028953","296028953.wem","1","22247","21,73","","","","","95999","","0"
"3110187324","911549028","17303412","296620762","296620762.wem","1","18233","17,81","","","","","65457","","0"
"1789921568","429373065","1008459272","297588063","297588063.wem","1","39107","38,19","","","","","138922","","0"
"1863354737","444368724","705239761","298554319","298554319.wem","1","12018","11,74","","","","","32209","","0"
"2350668639","662486511","199791706","299312186","299312186.wem","1","28252","27,59","","","","","99093","","0"
"1124702214","830067575","418772344","299604590","299604590.wem","1","14886","14,54","","","","","52053","","0"
"1289065688","998873592","571182963","300465557","300465557.wem","1","18028","17,61","","","","","63954","","0"
"1051333534","996584893","922199512","300764624","300764624.wem","1","35971","35,13","","","","","118442","","0"
"1773988251","312924734","31699722","301281303","301281303.wem","1","34581","33,77","","","","","126399","","0"
"1746812372","543342245","752031617","301847788","301847788.wem","1","17935","17,51","","","","","64831","","0"
"3298400320","970444226","56498920","302855129","302855129.wem","1","26952","26,32","","","","","95591","","0"
"2365126115","160886553","109526083","303752298","303752298.wem","1","40592","39,64","","","","","158803","","0"
"3132340375","433283396","321425575","305371706","305371706.wem","2","23423","22,87","","","","","95716","","0"
"4049253815","77189668","294086864","307942064","307942064.wem","1","39058","38,14","","","","","143205","","0"
"3884741516","492810358","324062842","310717457","310717457.wem","1","54369","53,09","","","","","203605","","0"
"4113554739","243781063","379770640","312358803","312358803.wem","1","39003","38,09","","","","","141639","","0"
"2203305525","450564590","477168486","313851490","313851490.wem","2","109850","107,28","","","","","457134","","0"
"2991160767","179125938","4765697","314504782","314504782.wem","1","6786","6,63","","","","","24506","","0"
"2769386522","159797434","363139508","315025654","315025654.wem","1","353152","344,88","","","","","1411413","","0"
"3523526370","411611558","916679059","315933206","315933206.wem","1","10119","9,88","","","","","30927","","0"
"195402501","4926239","74105596","316454681","316454681.wem","1","300366","293,33","","","","","954263","","0"
"2342766750","295772386","568474308","317399096","317399096.wem","1","12162","11,88","","","","","45038","","0"
"1876850065","921177244","252713663","321690469","321690469.wem","1","15402","15,04","","","","","55477","","0"
"1839952075","541623177","197630926","322706511","322706511.wem","2","33580","32,79","","","","","132668","","0"
"2600442144","799096121","126814530","323532677","323532677.wem","2","10538","10,29","","","","","38432","","0"
"3875676964","597159216","102762371","323978565","323978565.wem","1","16453","16,07","","","","","57105","","0"
"1026393231","627744424","9484002","323982226","323982226.wem","1","111411","108,8","","","","","448261","","0"
"3197501496","163778031","665836850","324025043","324025043.wem","2","10262","10,02","","","","","42315","","0"
"2750707470","626013087","763115100","324163942","324163942.wem","1","90254","88,14","","","","","353578","","0"
"1449599358","902875706","998338293","324489994","324489994.wem","1","178521","174,34","","","","","683178","","0"
"1253117252","977360908","101371365","326337733","326337733.wem","1","44055","43,02","","","","","167841","","0"
"98497593","384893626","868551262","327111786","327111786.wem","1","23755","23,2","","","","","86015","","0"
"3054968582","319550894","29932884","327225481","327225481.wem","1","54235","52,96","","","","","190805","","0"
"408058706","85614022","724083785","329734131","329734131.wem","1","49231","48,08","","","","","179783","","0"
"3207686143","858618092","588579003","330995421","330995421.wem","1","16336","15,95","","","","","57866","","0"
"428771288","62223399","431125421","332168452","332168452.wem","1","18377","17,95","","","","","44444","","0"
"1934276133","317183868","771031349","334279646","334279646.wem","1","46569","45,48","","","","","205224","","0"
"295816390","149540834","966148903","334746582","334746582.wem","2","6968","6,8","","","","","26693","","0"
"2179394245","462659","222183788","335569914","335569914.wem","1","35549","34,72","","","","","129772","","0"
"1460143611","205935179","385351221","336164338","336164338.wem","1","18627","18,19","","","","","73066","","0"
"1351242622","350053389","320504048","336600463","336600463.wem","1","19553","19,09","","","","","71747","","0"
"4188982040","757895466","535882845","336643644","336643644.wem","1","33464","32,68","","","","","113215","","0"
"2188338835","324718724","688079221","336743785","336743785.wem","1","36317","35,47","","","","","154357","","0"
"112551792","737897573","907096513","337206063","337206063.wem","2","13989","13,66","","","","","48048","","0"
"1058333261","850774174","484642107","338048439","338048439.wem","1","34561","33,75","","","","","128341","","0"
"536891249","182088830","390275823","338807096","338807096.wem","1","30389","29,68","","","","","113749","","0"
"144857377","311242595","649048986","339751913","339751913.wem","1","13885","13,56","","","","","50723","","0"
"1107948250","605958934","24704316","342371862","342371862.wem","1","18183","17,76","","","","","68693","","0"
"322299620","402368636","977355748","344423814","344423814.wem","1","8910","8,7","","","","","22835","","0"
"1810801232","166181361","393884282","344561946","344561946.wem","1","20413","19,93","","","","","75967","","0"
"3848373260","552108100","504178454","344949174","344949174.wem","1","25189","24,6","","","","","79157","","0"
"2847151629","479179942","906225843","345019061","345019061.wem","1","32665","31,9","","","","","120145","","0"
"1149751009","1033274283","755064832","346829381","346829381.wem","2","26152","25,54","","","","","93960","","0"
"372632509","470505336","704257682","348578007","348578007.wem","1","9406","9,19","","","","","26456","","0"
"409633238","476159388","577786982","348670091","348670091.wem","1","25942","25,33","","","","","91501","","0"
"2978206509","252861238","116161362","351957581","351957581.wem","1","59908","58,5","","","","","244330","","0"
"766606842","391164112","996095719","352232437","352232437.wem","1","13697","13,38","","","","","42665","","0"
"2440926759","635050659","382078430","352352022","352352022.wem","1","23859","23,3","","","","","68004","","0"
"1252812179","812256275","1013517402","353841134","353841134.wem","2","143002","139,65","","","","","601871","","0"
"3124196736","78103598","37581679","354668928","354668928.wem","1","22367","21,84","","","","","77168","","0"
"1497286621","128065732","1042806552","357489160","357489160.wem","1","29996","29,29","","","","","107496","","0"
"630712938","93284787","1040271199","358279764","358279764.wem","1","16371","15,99","","","","","57626","","0"
"1678656149","320709480","30214720","359231875","359231875.wem","1","17715","17,3","","","","","74623","","0"
"4180734828","428172928","51216869","359297207","359297207.wem","1","38391","37,49","","","","","125893","","0"
"2522611136","715571477","335574237","359395123","359395123.wem","1","22824","22,29","","","","","95999","","0"
"3942473354","935375167","324817258","360887369","360887369.wem","1","11296","11,03","","","","","29996","","0"
"2048458047","387548517","1045310339","361924852","361924852.wem","1","28294","27,63","","","","","122290","","0"
"4096176545","804329181","437292393","365060074","365060074.wem","1","31756","31,01","","","","","110267","","0"
"300711139","242744588","386646869","366751104","366751104.wem","1","20070","19,6","","","","","86666","","0"
"328531425","629743421","743133992","366831874","366831874.wem","2","32369","31,61","","","","","122790","","0"
"3569155239","961165312","233041791","366957376","366957376.wem","1","44757","43,71","","","","","170613","","0"
"2854087502","3867541","508888825","367107921","367107921.wem","1","7228","7,06","","","","","27477","","0"
"2254319328","126601414","7886798","367584962","367584962.wem","1","23192","22,65","","","","","95999","","0"
"602792762","994157173","458932156","368819908","368819908.wem","1","11892","11,61","","","","","42412","","0"
"2902861785","693207772","898427731","371295396","371295396.wem","1","34525","33,72","","","","","128866","","0"
"1235739457","776138631","587941775","371394614","371394614.wem","2","74367","72,62","","","","","269300","","0"
"557415264","1001606178","301081133","372538656","372538656.wem","1","33903","33,11","","","","","126516","","0"
"3242901752","713358744","483904343","374069543","374069543.wem","1","22434","21,91","","","","","80433","","0"
"705811338","59863403","931664761","374071736","374071736.wem","1","25689","25,09","","","","","93284","","0"
"1846577054","286811319","329135068","374410794","374410794.wem","1","10854","10,6","","","","","31020","","0"
"2080917968","505100376","989650904","375133198","375133198.wem","1","47577","46,46","","","","","174762","","0"
"2438119800","1015906646","854189880","376272801","376272801.wem","1","32513","31,75","","","","","132141","","0"
"3004213860","1053228116","36662291","376568401","376568401.wem","1","19668","19,21","","","","","72490","","0"
"288511697","512651552","531855588","377506577","377506577.wem","1","26844","26,21","","","","","99419","","0"
"1998134427","861671967","761970447","382335453","382335453.wem","1","31542","30,8","","","","","127445","","0"
"2094246697","475752059","288129100","382402011","382402011.wem","2","74569","72,82","","","","","367878","","0"
"2921080753","512676108","1007558933","383557193","383557193.wem","1","69583","67,95","","","","","257187","","0"
"3456415926","232240280","108396381","383786923","383786923.wem","1","19491","19,03","","","","","53285","","0"
"952301461","541919175","838947076","384020408","384020408.wem","1","43615","42,59","","","","","159607","","0"
"2667738906","654231053","470353110","385288379","385288379.wem","2","6010","5,87","","","","","19219","","0"
"1647420095","331935054","1004268650","387708242","387708242.wem","1","22058","21,54","","","","","78485","","0"
"451633249","546948177","727964422","388419407","388419407.wem","1","51029","49,83","","","","","193233","","0"
"1813021880","528082547","524842254","393504504","393504504.wem","1","16915","16,52","","","","","51073","","0"
"51427270","134248600","780746062","393759497","393759497.wem","1","46320","45,23","","","","","130473","","0"
"3297347650","306387756","1018012663","393960277","393960277.wem","1","51130","49,93","","","","","182365","","0"
"4098146400","85174057","370695314","394444490","394444490.wem","1","26214","25,6","","","","","92671","","0"
"1134550596","481443289","77120452","394844575","394844575.wem","1","40535","39,58","","","","","153391","","0"
"2955162213","997398706","1039244062","396856693","396856693.wem","1","37711","36,83","","","","","159999","","0"
"1219022389","235024408","473532462","398622759","398622759.wem","2","54677","53,4","","","","","197312","","0"
"4075664581","200313469","226939636","400137489","400137489.wem","1","7057","6,89","","","","","25223","","0"
"3495008557","843074105","433476590","400720740","400720740.wem","1","6932","6,77","","","","","18538","","0"
"935831808","987576666","755573998","401643321","401643321.wem","2","16356","15,97","","","","","56590","","0"
"3471142878","192767124","947622528","401770030","401770030.wem","1","56979","55,64","","","","","197461","","0"
"1686469442","271833446","705392777","402148274","402148274.wem","1","10316","10,07","","","","","36181","","0"
"2970426852","658379738","927939045","403731769","403731769.wem","1","24117","23,55","","","","","86579","","0"
"2954378006","72523283","173613983","404788835","404788835.wem","1","38676","37,77","","","","","142841","","0"
"3476673361","883554388","25112106","405488693","405488693.wem","1","45442","44,38","","","","","174133","","0"
"2893405392","845945371","910998466","406532239","406532239.wem","1","58263","56,9","","","","","208234","","0"
"1583071034","370800526","873603613","408545271","408545271.wem","1","17080","16,68","","","","","55545","","0"
"1358970323","489121831","989741814","409047569","409047569.wem","1","10722","10,47","","","","","33257","","0"
"390402342","454107951","331902469","410268385","410268385.wem","2","36526","35,67","","","","","124924","","0"
"973348405","249034661","989937905","410333338","410333338.wem","1","13545","13,23","","","","","46869","","0"
"1015092084","675543373","744084639","410655110","410655110.wem","1","43885","42,86","","","","","163882","","0"
"1641840456","160327657","441938970","411497555","411497555.wem","1","24355","23,78","","","","","88365","","0"
"3814606774","65863683","763878045","412020070","412020070.wem","1","12924","12,62","","","","","38007","","0"
"2525315717","597649411","252320662","415162792","415162792.wem","2","11233","10,97","","","","","42709","","0"
"1302635520","249377762","549456114","415572436","415572436.wem","1","68264","66,66","","","","","249535","","0"
"3461453255","34794032","611472339","415978962","415978962.wem","1","11318","11,05","","","","","34240","","0"
"3586116088","828004921","892165785","415979427","415979427.wem","1","43075","42,07","","","","","128814","","0"
"3795760219","751039707","19140578","417027039","417027039.wem","1","48870","47,72","","","","","193166","","0"
"624407467","435747753","21268001","417658502","417658502.wem","1","22492","21,96","","","","","84799","","0"
"13142580","51523396","608042004","418024896","418024896.wem","1","50055","48,88","","","","","188369","","0"
"252618756","442921647","356182496","419074368","419074368.wem","1","13656","13,34","","","","","41813","","0"
"2472637814","212314177","1040766705","423576560","423576560.wem","1","13329","13,02","","","","","49373","","0"
"4147364746","954737384","832803086","424842952","424842952.wem","1","88289","86,22","","","","","349369","","0"
"3114659685","944823873","866051121","428355477","428355477.wem","1","21799","21,29","","","","","80639","","0"
"145728859","636413734","976653760","429713486","429713486.wem","2","6210","6,06","","","","","22974","","0"
"3506695771","506804299","536241889","429842192","429842192.wem","1","67266","65,69","","","","","241499","","0"
"1233060146","33338827","31196658","430086978","430086978.wem","1","16021","15,65","","","","","51199","","0"
"4265195766","1023346379","195703788","430911117","430911117.wem","1","20566","20,08","","","","","71295","","0"
"1994858263","680094740","1011153408","431294283","431294283.wem","1","26991","26,36","","","","","95928","","0"
"2097721411","556056099","622845292","431430945","431430945.wem","1","9731","9,5","","","","","33129","","0"
"3125219180","640248237","892003083","431481085","431481085.wem","2","64360","62,85","","","","","229628","","0"
"1722371634","157339673","402736572","431551151","431551151.wem","2","113444","110,79","","","","","429824","","0"
"3875362910","810660074","274034040","432000320","432000320.wem","1","10906","10,65","","","","","31440","","0"
"985175208","359260679","276726676","433222527","433222527.wem","1","45630","44,56","","","","","171118","","0"
"1820028648","937449729","354849125","433983910","433983910.wem","1","18501","18,07","","","","","62975","","0"
"2900094000","118212027","924258737","434389044","434389044.wem","2","6922","6,76","","","","","27760","","0"
"1176830298","98908671","368060615","438170191","438170191.wem","1","19694","19,23","","","","","70026","","0"
"2617860108","642223327","717555436","439504169","439504169.wem","1","41613","40,64","","","","","147263","","0"
"1930465213","329074691","905264037","439812956","439812956.wem","1","7060","6,89","","","","","19655","","0"
"974394456","675431224","228287153","439818420","439818420.wem","1","28388","27,72","","","","","107065","","0"
"1743323282","966995386","986718980","439964722","439964722.wem","1","7857","7,67","","","","","24081","","0"
"3022257892","986239896","220297861","441080534","441080534.wem","2","53213","51,97","","","","","241552","","0"
"3394342811","662060","1048289151","441093314","441093314.wem","1","8957","8,75","","","","","24149","","0"
"412114493","161013131","150813176","441636163","441636163.wem","1","11305","11,04","","","","","46122","","0"
"1343018128","922101443","548914766","441969863","441969863.wem","1","41739","40,76","","","","","140266","","0"
"1365390753","446606886","257354705","442044236","442044236.wem","1","8274","8,08","","","","","32469","","0"
"1252065011","545133488","290187465","443826166","443826166.wem","1","21627","21,12","","","","","94378","","0"
"1730234253","78573436","434908316","444357559","444357559.wem","1","20203","19,73","","","","","71913","","0"
"3685996630","254178215","933665394","446263000","446263000.wem","1","34873","34,06","","","","","124927","","0"
"1236526983","691141048","312914597","448827065","448827065.wem","2","24411","23,84","","","","","88622","","0"
"3550161132","277899670","740693975","449583122","449583122.wem","1","46351","45,26","","","","","171142","","0"
"3364301767","156351880","320619238","449603267","449603267.wem","2","98189","95,89","","","","","392555","","0"
"1528523366","760646068","632188632","450167022","450167022.wem","1","13273","12,96","","","","","47786","","0"
"4171190778","808085775","157811843","451636995","451636995.wem","1","35710","34,87","","","","","126463","","0"
"1682539192","666307177","754436826","451974591","451974591.wem","1","78745","76,9","","","","","315861","","0"
"638557300","87355320","455134188","452233968","452233968.wem","1","31588","30,85","","","","","110242","","0"
"2749166468","447509143","487883303","452594030","452594030.wem","1","50327","49,15","","","","","184043","","0"
"3979850812","514782099","607180145","452907922","452907922.wem","1","22722","22,19","","","","","95999","","0"
"734875933","525715168","871083681","453883104","453883104.wem","1","22619","22,09","","","","","89086","","0"
"2317206743","357486717","863797716","458898376","458898376.wem","1","19938","19,47","","","","","70655","","0"
"3871522117","451233556","684624635","458958901","458958901.wem","2","61395","59,96","","","","","268178","","0"
"715266223","83417245","796738641","460416727","460416727.wem","1","42079","41,09","","","","","149599","","0"
"1023816105","71788913","896754212","461263734","461263734.wem","1","32426","31,67","","","","","119125","","0"
"262679083","573661604","806961882","461795631","461795631.wem","2","74296","72,55","","","","","287220","","0"
"3448015431","784422778","971108235","462415706","462415706.wem","1","96114","93,86","","","","","361176","","0"
"3041205926","635149215","991705527","463698316","463698316.wem","1","36125","35,28","","","","","124927","","0"
"3590473986","821695112","678407609","465528367","465528367.wem","1","51835","50,62","","","","","182613","","0"
"1002245071","304837812","742844861","465789938","465789938.wem","1","32468","31,71","","","","","119005","","0"
"1506958271","1064049449","330774367","465962432","465962432.wem","1","11928","11,65","","","","","46079","","0"
"3663766269","473154646","772868642","466008262","466008262.wem","1","22673","22,14","","","","","83154","","0"
"3393491620","761202034","219574840","467069342","467069342.wem","1","19971","19,5","","","","","61111","","0"
"2169349947","959745924","741971888","468166270","468166270.wem","1","241041","235,39","","","","","841143","","0"
"1463667292","787319294","300085535","470175939","470175939.wem","1","22719","22,19","","","","","79963","","0"
"2661400488","660685501","629940060","470716356","470716356.wem","1","25237","24,65","","","","","110047","","0"
"32947030","123702919","535357353","471584944","471584944.wem","1","55561","54,26","","","","","207266","","0"
"303488411","992439976","663829262","471755574","471755574.wem","1","62948","61,47","","","","","237909","","0"
"3392410201","175951935","478932114","471866784","471866784.wem","1","8143","7,95","","","","","29415","","0"
"4113670582","1000241874","383581433","472341349","472341349.wem","1","84461","82,48","","","","","286037","","0"
"538553527","958893593","340289213","473254968","473254968.wem","1","47359","46,25","","","","","172284","","0"
"1941845740","224680702","33653772","474078733","474078733.wem","1","27713","27,06","","","","","91233","","0"
"4118503156","105792638","626792830","474328726","474328726.wem","1","34924","34,11","","","","","131727","","0"
"1608268017","439317907","452741127","474969243","474969243.wem","1","37946","37,06","","","","","133119","","0"
"2344137550","244565837","659883931","475146708","475146708.wem","1","31730","30,99","","","","","117589","","0"
"3722097342","1058195344","488326372","475355609","475355609.wem","1","42751","41,75","","","","","159457","","0"
"1395982077","793160162","750376927","478782204","478782204.wem","1","46540","45,45","","","","","163775","","0"
"1998478979","836706796","125314462","481015795","481015795.wem","1","26877","26,25","","","","","98303","","0"
"3853064718","29415032","101334184","481209477","481209477.wem","1","34105","33,31","","","","","122795","","0"
"1433688653","44802052","236350761","481223653","481223653.wem","1","29032","28,35","","","","","109226","","0"
"4015361465","121198529","285184092","482232445","482232445.wem","1","113230","110,58","","","","","432821","","0"
"2684472406","982703692","63874210","483044510","483044510.wem","1","30790","30,07","","","","","110016","","0"
"3797829059","98869873","852959444","483424404","483424404.wem","1","12914","12,61","","","","","42107","","0"
"2300763553","552646575","190956361","485350741","485350741.wem","1","40228","39,29","","","","","146595","","0"
"4185062212","259592355","317464616","486401047","486401047.wem","1","45549","44,48","","","","","173226","","0"
"2457704346","574401583","792154728","486413675","486413675.wem","1","19480","19,02","","","","","58316","","0"
"976276603","324257062","535164167","486742604","486742604.wem","1","67625","66,04","","","","","254463","","0"
"564451442","271472641","1043914911","488360730","488360730.wem","1","24327","23,76","","","","","89354","","0"
"3668016913","528110645","361289234","490282974","490282974.wem","1","41488","40,52","","","","","156177","","0"
"4255974394","232325316","978995997","491564024","491564024.wem","1","53013","51,77","","","","","178005","","0"
"2281971384","948641052","985621077","492451819","492451819.wem","1","28375","27,71","","","","","107869","","0"
"3389668694","843148699","775472182","493162889","493162889.wem","1","16099","15,72","","","","","61029","","0"
"4050367605","461549682","646661523","493670512","493670512.wem","1","82540","80,61","","","","","319987","","0"
"929252235","139077089","215231176","493722911","493722911.wem","1","44282","43,24","","","","","150216","","0"
"896392388","886073168","574033701","494989785","494989785.wem","1","23559","23,01","","","","","80929","","0"
"714608406","143003634","753586251","495764015","495764015.wem","1","20535","20,05","","","","","79835","","0"
"2158602490","625237298","181571197","495882292","495882292.wem","1","14659","14,32","","","","","53237","","0"
"3325265034","293778651","811602040","496330691","496330691.wem","1","26415","25,8","","","","","113074","","0"
"1617110814","721536814","357816766","496373118","496373118.wem","1","16313","15,93","","","","","54645","","0"
"1503649457","98354924","650450056","499650297","499650297.wem","1","26805","26,18","","","","","107647","","0"
"3251826310","71276057","134298352","500049807","500049807.wem","1","145339","141,93","","","","","548778","","0"
"2141487087","510419037","706504963","503314529","503314529.wem","1","47251","46,14","","","","","182349","","0"
"2348459300","779699267","38117020","503484683","503484683.wem","1","41852","40,87","","","","","160375","","0"
"2231210147","1041478184","888097612","503584387","503584387.wem","1","9329","9,11","","","","","29669","","0"
"1611567706","73901326","33190956","504253636","504253636.wem","1","9034","8,82","","","","","33809","","0"
"176639534","185855875","675390096","505575962","505575962.wem","1","36612","35,75","","","","","132535","","0"
"2313422874","854432781","173681444","505642874","505642874.wem","1","47557","46,44","","","","","187665","","0"
"3658228876","1000099591","552113282","506104412","506104412.wem","1","62981","61,5","","","","","237909","","0"
"1669087381","984175347","867965916","506775474","506775474.wem","1","33861","33,07","","","","","98257","","0"
"3016619489","878720335","448285965","507868355","507868355.wem","1","38516","37,61","","","","","159999","","0"
"1343733178","337418438","927272582","508042368","508042368.wem","1","25580","24,98","","","","","86015","","0"
"365444518","191122809","726780359","508384238","508384238.wem","2","23841","23,28","","","","","104341","","0"
"2424149172","37320165","969603388","508418172","508418172.wem","1","20324","19,85","","","","","61646","","0"
"3863361683","655300175","693240372","509150225","509150225.wem","1","21138","20,64","","","","","82378","","0"
"3996237741","54539135","319863373","511031568","511031568.wem","1","19242","18,79","","","","","76989","","0"
"1312168736","395795933","701034815","511045932","511045932.wem","1","44433","43,39","","","","","167701","","0"
"2308372584","129481853","419987509","512180737","512180737.wem","1","33781","32,99","","","","","124171","","0"
"1803377177","619012009","294067781","513712278","513712278.wem","1","32419","31,66","","","","","117407","","0"
"334180196","553569529","296170507","514246346","514246346.wem","2","17009","16,61","","","","","62996","","0"
"2968484849","816852628","121090276","516151388","516151388.wem","1","22157","21,64","","","","","77279","","0"
"3831384361","458565309","525553767","518039797","518039797.wem","1","13289","12,98","","","","","36517","","0"
"3063645708","1041902263","227785352","520292044","520292044.wem","1","29683","28,99","","","","","115029","","0"
"2357947842","247972298","884086011","522342351","522342351.wem","1","29287","28,6","","","","","105493","","0"
"560000398","228036317","494982466","525609901","525609901.wem","1","66688","65,12","","","","","231034","","0"
"506353323","399000848","422566295","526885551","526885551.wem","1","10178","9,94","","","","","38639","","0"
"2489945728","234893302","832648642","528120439","528120439.wem","1","21858","21,35","","","","","77816","","0"
"3281868771","713536406","290113082","528151165","528151165.wem","1","9576","9,35","","","","","36302","","0"
"1282059124","549703120","506622031","529048438","529048438.wem","1","13824","13,5","","","","","52056","","0"
"3489971100","861365488","234654256","529146015","529146015.wem","1","23991","23,43","","","","","72103","","0"
"3229787096","175975353","467599100","529421949","529421949.wem","1","18945","18,5","","","","","69631","","0"
"2664776366","1063831631","28335878","529627824","529627824.wem","1","44500","43,46","","","","","167875","","0"
"3847058768","890950815","849567082","530181021","530181021.wem","1","26059","25,45","","","","","113061","","0"
"4035670479","657586407","854030120","530397980","530397980.wem","1","32426","31,67","","","","","121852","","0"
"871119112","1070775695","468665090","530692136","530692136.wem","1","56525","55,2","","","","","206213","","0"
"1375747910","642765473","260348761","530969235","530969235.wem","1","10979","10,72","","","","","31254","","0"
"1062811373","934035726","125136992","531151495","531151495.wem","1","18945","18,5","","","","","69631","","0"
"3881717218","629272901","37112038","531535501","531535501.wem","1","18043","17,62","","","","","56639","","0"
"934411688","203041246","308496167","534780668","534780668.wem","1","11996","11,71","","","","","47225","","0"
"2859732940","343632455","909925224","536079640","536079640.wem","1","13197","12,89","","","","","48014","","0"
"2910534179","322780079","656534323","536154943","536154943.wem","2","137969","134,74","","","","","750881","","0"
"3030332188","639353813","940453610","536489072","536489072.wem","1","19969","19,5","","","","","72587","","0"
"1204866844","232683145","67889318","537768246","537768246.wem","1","12967","12,66","","","","","48299","","0"
"1426591463","786579461","956460793","538302831","538302831.wem","1","34744","33,93","","","","","130659","","0"
"2390593902","339024071","313378650","540348542","540348542.wem","1","27328","26,69","","","","","77133","","0"
"1574635234","401446043","486557715","541461070","541461070.wem","1","8354","8,16","","","","","28241","","0"
"3653153386","1002636204","383659468","545435231","545435231.wem","1","33967","33,17","","","","","124586","","0"
"183070853","954755627","350874972","545688649","545688649.wem","1","31338","30,6","","","","","112021","","0"
"3915152166","322562867","358834867","546071994","546071994.wem","1","33921","33,13","","","","","124103","","0"
"1618754524","220215217","228743787","546302932","546302932.wem","1","33005","32,23","","","","","97139","","0"
"3107979236","89731502","296248025","547039271","547039271.wem","2","12650","12,35","","","","","49729","","0"
"3322048120","848087512","599410777","548195936","548195936.wem","1","32700","31,93","","","","","125715","","0"
"961366360","926753534","336151759","548631672","548631672.wem","1","36508","35,65","","","","","137557","","0"
"2240133296","818915967","644162243","549141893","549141893.wem","1","34141","33,34","","","","","130678","","0"
"1887777798","123807708","580776382","551136483","551136483.wem","1","42429","41,43","","","","","155935","","0"
"3411582111","561735104","290357438","553050431","553050431.wem","1","57066","55,73","","","","","205311","","0"
"1153101288","1007007993","120729097","556011718","556011718.wem","1","39908","38,97","","","","","147567","","0"
"1107099532","449868558","314270197","556780192","556780192.wem","1","17357","16,95","","","","","58413","","0"
"2290542269","837960197","775939392","557983551","557983551.wem","1","27681","27,03","","","","","97493","","0"
"159955756","109491825","270720598","558462656","558462656.wem","2","17385","16,98","","","","","71538","","0"
"2319939863","373001820","1029609207","560660796","560660796.wem","1","15168","14,81","","","","","46578","","0"
"451855521","713365609","133451766","560912128","560912128.wem","1","8314","8,12","","","","","28671","","0"
"445725939","921355050","409221098","561015116","561015116.wem","1","13253","12,94","","","","","50261","","0"
"2820893646","339918404","856251009","561127797","561127797.wem","1","32059","31,31","","","","","115199","","0"
"1181181451","145569852","408759120","561179109","561179109.wem","1","48493","47,36","","","","","180565","","0"
"2373816315","940217300","234542029","561621684","561621684.wem","1","91343","89,2","","","","","303132","","0"
"4268665587","433083335","517308290","564389244","564389244.wem","1","42507","41,51","","","","","161101","","0"
"337681072","425096244","280142996","564398809","564398809.wem","1","33926","33,13","","","","","119139","","0"
"2636156710","544445428","638224067","564551233","564551233.wem","1","8292","8,1","","","","","26453","","0"
"3755601420","488345522","210575676","565565952","565565952.wem","1","25606","25,01","","","","","97002","","0"
"3794496906","363802737","1011106676","566090492","566090492.wem","1","12966","12,66","","","","","49624","","0"
"3615379023","350226134","32540565","566110703","566110703.wem","1","13353","13,04","","","","","51637","","0"
"4085672706","838063337","175202371","567927241","567927241.wem","1","47143","46,04","","","","","175559","","0"
"3970474506","854999758","631835536","568173431","568173431.wem","1","11449","11,18","","","","","45457","","0"
"323914157","182337287","166502767","572354245","572354245.wem","1","22381","21,86","","","","","63487","","0"
"4079193070","51257507","749071007","575396518","575396518.wem","2","14813","14,47","","","","","51325","","0"
"3642407344","436955453","769066881","577440984","577440984.wem","1","17738","17,32","","","","","61578","","0"
"909603870","1043784522","1062181540","578006395","578006395.wem","1","14982","14,63","","","","","44342","","0"
"2869907640","756613668","877746291","578164637","578164637.wem","1","29512","28,82","","","","","98645","","0"
"2398077248","493520726","483890624","578507687","578507687.wem","1","61480","60,04","","","","","214829","","0"
"1337526250","944977325","582368397","578909285","578909285.wem","1","22562","22,03","","","","","78399","","0"
"2298320623","518024199","649253422","579137320","579137320.wem","1","23256","22,71","","","","","75829","","0"
"1397048244","537182171","93680457","579883385","579883385.wem","1","20067","19,6","","","","","70314","","0"
"235656402","838567321","192468081","580642956","580642956.wem","1","26073","25,46","","","","","95616","","0"
"1780193859","769320702","157758026","581175625","581175625.wem","1","23488","22,94","","","","","95999","","0"
"713792928","365269730","185078017","581710097","581710097.wem","1","10327","10,08","","","","","37240","","0"
"3255456168","291927307","447670004","582033018","582033018.wem","1","70632","68,98","","","","","256981","","0"
"737463583","178740520","600570182","583111496","583111496.wem","1","12112","11,83","","","","","44543","","0"
"147666893","444084901","593318592","583113460","583113460.wem","1","19196","18,75","","","","","84991","","0"
"3253154306","723757622","655446178","583398930","583398930.wem","1","49137","47,99","","","","","182587","","0"
"1145372844","827069251","461091907","583620332","583620332.wem","1","52201","50,98","","","","","211797","","0"
"3805600254","608147778","380563849","585322642","585322642.wem","2","5626","5,49","","","","","21355","","0"
"1652309794","868005192","609326816","585691051","585691051.wem","1","38882","37,97","","","","","116818","","0"
"3918231942","616200977","127612013","586977885","586977885.wem","1","37042","36,17","","","","","137885","","0"
"1829799467","489748401","237258036","588927754","588927754.wem","1","17891","17,47","","","","","50793","","0"
"1552701547","685200613","504544031","589104479","589104479.wem","1","102829","100,42","","","","","384798","","0"
"897629957","818887915","820342832","589192513","589192513.wem","1","31778","31,03","","","","","114858","","0"
"617366962","645856872","1044247113","589745889","589745889.wem","1","18830","18,39","","","","","65741","","0"
"631594570","573687731","98560662","590295318","590295318.wem","1","73666","71,94","","","","","267946","","0"
"1956862132","740209577","1026165725","591196620","591196620.wem","2","143326","139,97","","","","","548949","","0"
"996111595","833855978","212615185","596333364","596333364.wem","1","7830","7,65","","","","","28275","","0"
"666419965","137678310","410299001","596342624","596342624.wem","1","11304","11,04","","","","","39765","","0"
"4124481269","770738767","372020472","596877562","596877562.wem","1","14702","14,36","","","","","51711","","0"
"3241640069","320124046","32791407","597854950","597854950.wem","1","9054","8,84","","","","","26619","","0"
"2255405928","657169454","166780425","597905619","597905619.wem","1","17006","16,61","","","","","62975","","0"
"3850325852","663376194","963372051","598109044","598109044.wem","1","25849","25,24","","","","","108533","","0"
"1185430639","751371040","64276441","605166869","605166869.wem","1","89057","86,97","","","","","336725","","0"
"559207374","80678536","653275365","606607172","606607172.wem","1","19482","19,03","","","","","74964","","0"
"3632571986","814576078","297975133","606911486","606911486.wem","1","37432","36,55","","","","","136584","","0"
"3734191343","716363581","751633344","607237120","607237120.wem","1","46088","45,01","","","","","162543","","0"
"1232370383","919574694","969254776","607257319","607257319.wem","1","44209","43,17","","","","","161789","","0"
"2499600490","780665079","91419247","608002897","608002897.wem","1","42395","41,4","","","","","155647","","0"
"2941141265","35149190","585458173","608686206","608686206.wem","1","5998","5,86","","","","","22594","","0"
"3927113135","810432618","587179493","609279557","609279557.wem","1","54324","53,05","","","","","202497","","0"
"621626967","470033827","583130529","609442118","609442118.wem","1","28349","27,68","","","","","107601","","0"
"2170363607","654757023","814721112","609473232","609473232.wem","1","16643","16,25","","","","","52777","","0"
"21816622","32460704","780178376","610558789","610558789.wem","1","10744","10,49","","","","","36863","","0"
"2176191947","310966579","925360585","613385637","613385637.wem","1","32984","32,21","","","","","128199","","0"
"524659688","389434333","578589341","616565789","616565789.wem","2","8111","7,92","","","","","32768","","0"
"1638473133","525176844","163143708","618025199","618025199.wem","1","32978","32,21","","","","","123747","","0"
"298844075","1033809923","995832073","618494245","618494245.wem","1","18984","18,54","","","","","71275","","0"
"921712153","738775511","292070745","619268756","619268756.wem","1","19245","18,79","","","","","88735","","0"
"315063253","607829869","530474755","619319587","619319587.wem","1","39433","38,51","","","","","140473","","0"
"3033998857","157565222","732424380","619345926","619345926.wem","1","27284","26,64","","","","","98014","","0"
"3716023168","134491677","284285436","620304233","620304233.wem","1","46184","45,1","","","","","158783","","0"
"2905455963","706393658","738574398","620639237","620639237.wem","1","40198","39,26","","","","","147717","","0"
"3743646576","80190433","204338224","621923253","621923253.wem","1","25062","24,47","","","","","92956","","0"
"1514642882","414394438","537527083","622342419","622342419.wem","1","26362","25,74","","","","","83451","","0"
"4003109492","122349507","747922111","622869614","622869614.wem","1","61345","59,91","","","","","255999","","0"
"1172115686","670358953","255016466","623153603","623153603.wem","2","17128","16,73","","","","","58725","","0"
"313782177","798926590","442588376","623217668","623217668.wem","1","13753","13,43","","","","","48511","","0"
"2318763161","152150457","910095007","623442379","623442379.wem","1","56017","54,7","","","","","210239","","0"
"2846891204","367850307","186317238","624055360","624055360.wem","1","42938","41,93","","","","","184234","","0"
"197552483","144821061","784775452","625985248","625985248.wem","1","25813","25,21","","","","","88522","","0"
"2555930391","225731760","1006466372","626322069","626322069.wem","2","115138","112,44","","","","","453874","","0"
"1572331927","801140388","828913332","627610828","627610828.wem","1","8647","8,44","","","","","31402","","0"
"2214432560","724850733","1014926060","627935293","627935293.wem","1","9944","9,71","","","","","28971","","0"
"3133460898","55560641","542588538","629168157","629168157.wem","1","50326","49,15","","","","","197157","","0"
"1635532111","127255270","1070849108","630526577","630526577.wem","1","19551","19,09","","","","","51608","","0"
"2045505234","313260858","436289009","630611290","630611290.wem","1","41288","40,32","","","","","152145","","0"
"1537684813","740483147","835605372","631317220","631317220.wem","1","44171","43,14","","","","","151551","","0"
"2640616180","687677002","486790754","631551399","631551399.wem","1","63685","62,19","","","","","268885","","0"
"2363824725","479089115","572541343","632520951","632520951.wem","2","14702","14,36","","","","","58725","","0"
"783384429","217451650","224432125","633207798","633207798.wem","1","19211","18,76","","","","","66327","","0"
"4199303464","581690625","166973140","634150988","634150988.wem","1","38452","37,55","","","","","140606","","0"
"3020580112","249493294","398940593","635449659","635449659.wem","1","12610","12,31","","","","","45315","","0"
"4049020764","677153161","746756164","635651413","635651413.wem","1","51467","50,26","","","","","197162","","0"
"3545369453","621163132","769807682","636894117","636894117.wem","1","3210","3,13","","","","","8799","","0"
"514833756","264084814","361914675","637882652","637882652.wem","1","31146","30,42","","","","","103935","","0"
"4215094191","676582836","65821097","637936669","637936669.wem","1","36694","35,83","","","","","126207","","0"
"2231120800","974264761","1073725359","638460096","638460096.wem","1","22801","22,27","","","","","101226","","0"
"488069790","840304788","146623261","639975831","639975831.wem","1","7648","7,47","","","","","28933","","0"
"3284123042","275414368","608409245","640524664","640524664.wem","1","61512","60,07","","","","","221866","","0"
"2279423190","145310568","817780129","640595667","640595667.wem","1","25340","24,75","","","","","93010","","0"
"4277573525","607477983","398210724","643050642","643050642.wem","1","59715","58,32","","","","","234850","","0"
"3807544649","838639429","683865752","643106928","643106928.wem","1","39239","38,32","","","","","152095","","0"
"3169421733","857827138","580027746","644391300","644391300.wem","1","78460","76,62","","","","","270933","","0"
"1064408926","645333464","143840629","646898170","646898170.wem","1","37519","36,64","","","","","132949","","0"
"1106187016","299359","220944009","647714753","647714753.wem","1","58276","56,91","","","","","234668","","0"
"3730594256","887528416","95758901","647942636","647942636.wem","2","13511","13,19","","","","","51251","","0"
"3807777601","242859032","299714851","649348424","649348424.wem","1","29339","28,65","","","","","105573","","0"
"784526517","468595252","47553081","651223136","651223136.wem","1","35048","34,23","","","","","134485","","0"
"3436101585","682831040","359396336","652307045","652307045.wem","1","25697","25,09","","","","","94151","","0"
"2738261844","547505101","412158337","653141414","653141414.wem","1","18792","18,35","","","","","52913","","0"
"1996812409","92136766","402600680","653461993","653461993.wem","1","17205","16,8","","","","","58599","","0"
"741324889","618990327","1016798692","655167511","655167511.wem","2","70036","68,39","","","","","272272","","0"
"3158607891","923164948","88238200","656128884","656128884.wem","1","38429","37,53","","","","","143189","","0"
"1892954248","619906170","616214252","658700189","658700189.wem","1","13647","13,33","","","","","49116","","0"
"1791293920","338238921","6644698","659204516","659204516.wem","1","40248","39,3","","","","","143570","","0"
"2570146160","743827893","102529807","660666201","660666201.wem","1","25053","24,47","","","","","95093","","0"
"1134230665","766406028","6922791","661007727","661007727.wem","1","52859","51,62","","","","","193468","","0"
"1495675248","655895176","699732404","661524582","661524582.wem","1","18809","18,37","","","","","73753","","0"
"2940386373","102449394","45306426","662180586","662180586.wem","1","52965","51,72","","","","","203631","","0"
"2106127640","86973129","18157117","664790396","664790396.wem","1","43631","42,61","","","","","147114","","0"
"443344513","814270652","860883835","664929149","664929149.wem","1","26027","25,42","","","","","112085","","0"
"1622641652","602445161","259359669","666889927","666889927.wem","1","31492","30,75","","","","","117610","","0"
"2425927065","298434615","968071933","667534222","667534222.wem","1","23312","22,77","","","","","87039","","0"
"1817961936","244158543","731583627","668525710","668525710.wem","1","61019","59,59","","","","","244206","","0"
"2596443901","962335104","305520658","669126361","669126361.wem","1","24296","23,73","","","","","89707","","0"
"1871672958","1011949244","1034151084","670881469","670881469.wem","1","20527","20,05","","","","","80629","","0"
"32367478","425774298","403895934","672084372","672084372.wem","1","61513","60,07","","","","","232913","","0"
"3959251069","127439557","716468314","672970291","672970291.wem","1","12909","12,61","","","","","34840","","0"
"2642473142","759900453","243971661","676072795","676072795.wem","1","19131","18,68","","","","","74043","","0"
"171366236","432709169","594238290","676334691","676334691.wem","1","129705","126,67","","","","","525505","","0"
"4064669406","439861703","847858363","677551103","677551103.wem","1","37832","36,95","","","","","140875","","0"
"2936382455","1049261664","288908823","677559673","677559673.wem","1","38454","37,55","","","","","146594","","0"
"2247987734","811375382","737904414","677993324","677993324.wem","1","16058","15,68","","","","","50491","","0"
"892826283","518025656","888018491","679458430","679458430.wem","1","15608","15,24","","","","","47789","","0"
"3607937231","32961106","457127826","680844896","680844896.wem","1","14570","14,23","","","","","57289","","0"
"4204525109","243830103","914595088","681167016","681167016.wem","1","97955","95,66","","","","","391323","","0"
"3482353277","729633226","410663328","681273938","681273938.wem","1","37633","36,75","","","","","140910","","0"
"1735195633","429733557","267818785","681387595","681387595.wem","1","45444","44,38","","","","","156153","","0"
"4260516122","1048763116","703163007","683963940","683963940.wem","1","49228","48,07","","","","","191210","","0"
"2910603287","272480116","821575141","686640077","686640077.wem","1","101558","99,18","","","","","387603","","0"
"30263741","723617978","859770189","687952756","687952756.wem","1","47498","46,38","","","","","144383","","0"
"1426877476","844588223","618740437","688166578","688166578.wem","1","36907","36,04","","","","","131533","","0"
"2925666398","769045348","913829879","688599799","688599799.wem","1","20484","20","","","","","74556","","0"
"2473794624","490975876","119773558","688622186","688622186.wem","1","41981","41","","","","","157866","","0"
"3898494805","929737721","228242865","691097811","691097811.wem","1","18470","18,04","","","","","60365","","0"
"351493867","312613068","621432585","691955040","691955040.wem","1","13565","13,25","","","","","47914","","0"
"1117508467","911620461","8894136","694355849","694355849.wem","1","7288","7,12","","","","","26133","","0"
"288691043","169327410","934822653","695226232","695226232.wem","1","23304","22,76","","","","","85917","","0"
"1162766374","1066509000","103998348","697193758","697193758.wem","2","101336","98,96","","","","","430200","","0"
"869614451","1022207924","355277542","697282788","697282788.wem","2","8388","8,19","","","","","32652","","0"
"2501910180","145636329","203607454","698957989","698957989.wem","1","12633","12,34","","","","","54954","","0"
"1784868865","331032502","1012368390","700711985","700711985.wem","1","46010","44,93","","","","","176657","","0"
"837529575","485369732","826275070","701213895","701213895.wem","1","12943","12,64","","","","","44543","","0"
"3196710711","648829821","163495378","702029865","702029865.wem","1","32507","31,75","","","","","119586","","0"
"2351029671","459155939","589155701","702374114","702374114.wem","1","41386","40,42","","","","","136874","","0"
"985249731","261005986","380986806","702379328","702379328.wem","1","52629","51,4","","","","","193736","","0"
"948735758","354406134","608177259","704692640","704692640.wem","2","9769","9,54","","","","","36303","","0"
"2192477699","974974992","215032603","705917216","705917216.wem","1","29639","28,94","","","","","108586","","0"
"1623751964","586383912","41998588","706545110","706545110.wem","1","33315","32,53","","","","","131483","","0"
"3145078346","505655258","831057410","708939688","708939688.wem","1","30894","30,17","","","","","110553","","0"
"1909401199","849067476","307213396","709111517","709111517.wem","1","13678","13,36","","","","","48554","","0"
"1372482124","61788524","603152965","711877029","711877029.wem","1","57096","55,76","","","","","213333","","0"
"2315919225","810022185","285906802","712654566","712654566.wem","2","25317","24,72","","","","","114176","","0"
"3291525357","836315365","334086011","713057920","713057920.wem","2","25996","25,39","","","","","106978","","0"
"4197952617","209223848","312791072","715263746","715263746.wem","1","6464","6,31","","","","","22461","","0"
"1116762280","1013882837","258833419","715683777","715683777.wem","1","21679","21,17","","","","","76735","","0"
"1464506463","1045509450","230611780","717250427","717250427.wem","2","101974","99,58","","","","","420574","","0"
"34241672","227812407","375562660","718012839","718012839.wem","2","9391","9,17","","","","","34387","","0"
"2740913428","12442089","282039142","718567021","718567021.wem","1","44305","43,27","","","","","160194","","0"
"877273515","881512523","457191611","720617396","720617396.wem","1","27514","26,87","","","","","98553","","0"
"3781051472","423337684","657569881","722311450","722311450.wem","1","18332","17,9","","","","","59037","","0"
"1829882579","387463766","913804586","722799325","722799325.wem","1","31468","30,73","","","","","120749","","0"
"3373282543","770029961","516266276","723186224","723186224.wem","2","75017","73,26","","","","","313214","","0"
"289368195","218043853","439289755","723844794","723844794.wem","1","12362","12,07","","","","","39829","","0"
"2978642124","30662481","705785050","724109307","724109307.wem","1","29963","29,26","","","","","107861","","0"
"1499399721","756736741","625381198","724317941","724317941.wem","1","19676","19,21","","","","","73642","","0"
"3757160600","98505176","721041892","724830889","724830889.wem","1","23774","23,22","","","","","70655","","0"
"37023884","1003340774","56078658","726089987","726089987.wem","1","52227","51","","","","","160788","","0"
"1374922702","1068684430","555258558","729496704","729496704.wem","1","47531","46,42","","","","","190031","","0"
"2953782666","824648558","345970100","730596321","730596321.wem","1","29638","28,94","","","","","106111","","0"
"1032886942","398313346","188229006","731194467","731194467.wem","1","46783","45,69","","","","","177099","","0"
"1266889977","140937819","132908039","731303406","731303406.wem","1","12633","12,34","","","","","46815","","0"
"3478230970","636402901","116588105","731766908","731766908.wem","1","6180","6,04","","","","","16255","","0"
"1337998135","1042833519","826777738","731848657","731848657.wem","2","8411","8,21","","","","","28813","","0"
"2407260110","765529188","656873678","734903317","734903317.wem","1","25101","24,51","","","","","93128","","0"
"3753047800","662890105","690767395","735720766","735720766.wem","1","49597","48,43","","","","","168549","","0"
"3692828438","225415406","641124123","736682789","736682789.wem","1","54138","52,87","","","","","202638","","0"
"1141408562","713782570","824028212","736766333","736766333.wem","1","53877","52,61","","","","","201098","","0"
"1602085848","921788012","281566792","738169013","738169013.wem","1","57726","56,37","","","","","207701","","0"
"4086403663","907947650","647210547","738409400","738409400.wem","1","23184","22,64","","","","","90830","","0"
"1134099512","728299103","503277845","739343470","739343470.wem","1","44790","43,74","","","","","167167","","0"
"3064175506","46751181","90621619","739612169","739612169.wem","1","39041","38,13","","","","","141675","","0"
"810527948","701062725","866886943","739960959","739960959.wem","2","27641","26,99","","","","","122255","","0"
"1949797903","808173497","922486242","740908996","740908996.wem","1","23706","23,15","","","","","84159","","0"
"4241491319","855813577","435806486","742386258","742386258.wem","1","20972","20,48","","","","","83451","","0"
"2525512531","642971320","366670215","742914976","742914976.wem","1","44759","43,71","","","","","166399","","0"
"516979957","127325908","586439977","743117923","743117923.wem","1","20599","20,12","","","","","69887","","0"
"2554253173","623088887","438729264","743470628","743470628.wem","1","38879","37,97","","","","","133162","","0"
"830793807","93754289","163880291","744639936","744639936.wem","1","19868","19,4","","","","","67837","","0"
"313238683","468451749","1067778833","749918491","749918491.wem","1","106708","104,21","","","","","402835","","0"
"3606265539","351589402","676998605","750068795","750068795.wem","1","50244","49,07","","","","","189484","","0"
"3304925284","695950868","605209388","751285065","751285065.wem","1","28222","27,56","","","","","98303","","0"
"1522166924","133277949","734909783","751516442","751516442.wem","1","33271","32,49","","","","","119676","","0"
"876048696","138214523","227273400","751737961","751737961.wem","1","15947","15,57","","","","","50327","","0"
"1438782861","547860278","666030736","752327521","752327521.wem","1","13171","12,86","","","","","37542","","0"
"898631400","781021849","1060364789","753076740","753076740.wem","1","19997","19,53","","","","","76375","","0"
"1643479121","726696648","102423799","753289531","753289531.wem","1","28667","28","","","","","98746","","0"
"1371672385","428612610","107855291","753629622","753629622.wem","1","15340","14,98","","","","","51981","","0"
"136739787","504164402","1033692510","754082385","754082385.wem","1","28108","27,45","","","","","102595","","0"
"3191307212","791774604","704516752","755475297","755475297.wem","1","10031","9,8","","","","","26456","","0"
"890264209","1024520856","419093624","755501008","755501008.wem","2","48015","46,89","","","","","199046","","0"
"3416827058","615308723","275604950","755540062","755540062.wem","1","42112","41,12","","","","","157013","","0"
"842795069","823387283","996552317","757009109","757009109.wem","1","45927","44,85","","","","","174543","","0"
"1442858482","458649672","37611876","757292548","757292548.wem","1","11606","11,33","","","","","35049","","0"
"2157606221","19627399","894686532","757582667","757582667.wem","1","9778","9,55","","","","","36828","","0"
"1803499919","646712880","16788436","758290971","758290971.wem","1","25463","24,87","","","","","89983","","0"
"1241761502","413411601","71242924","760561591","760561591.wem","1","12138","11,85","","","","","52077","","0"
"1168415400","160586201","740703839","760776751","760776751.wem","1","45415","44,35","","","","","165284","","0"
"3454751185","563809294","299824260","763059289","763059289.wem","1","77983","76,16","","","","","296776","","0"
"3451013194","99510254","52315637","763581127","763581127.wem","1","35562","34,73","","","","","131837","","0"
"2381447540","433396676","258452105","764618888","764618888.wem","1","26518","25,9","","","","","93111","","0"
"2949996389","704635580","400841042","765967550","765967550.wem","1","12488","12,2","","","","","46958","","0"
"3908918180","189592820","511851592","766154379","766154379.wem","1","20891","20,4","","","","","55335","","0"
"3385568830","823897829","134396432","766329512","766329512.wem","1","16281","15,9","","","","","61610","","0"
"3184847143","117139925","47687508","766877046","766877046.wem","1","17364","16,96","","","","","64933","","0"
"3358083757","986122839","351760058","770080605","770080605.wem","1","8850","8,64","","","","","34815","","0"
"2019602323","1002093841","76171633","770219451","770219451.wem","1","15422","15,06","","","","","57428","","0"
"791690232","144700501","653534574","770679657","770679657.wem","1","44461","43,42","","","","","150357","","0"
"3559160032","968611272","697892629","771764595","771764595.wem","1","72058","70,37","","","","","261962","","0"
"1077489726","526130858","9002135","772188202","772188202.wem","1","17492","17,08","","","","","64567","","0"
"1104264977","751108522","90479594","774219807","774219807.wem","1","14451","14,11","","","","","52821","","0"
"3177931370","997513563","899139808","775795699","775795699.wem","1","59819","58,42","","","","","234639","","0"
"3675640674","316817249","1021213910","776471683","776471683.wem","1","32209","31,45","","","","","120749","","0"
"4089630560","621527043","931891325","776520249","776520249.wem","1","18094","17,67","","","","","71418","","0"
"1273019539","278999721","202487759","777512750","777512750.wem","1","48405","47,27","","","","","172806","","0"
"4219419473","100341852","1002367186","777986001","777986001.wem","1","32217","31,46","","","","","119229","","0"
"2065687702","1052523197","431685059","778813174","778813174.wem","1","8288","8,09","","","","","29991","","0"
"4092550239","298785601","527051793","779278000","779278000.wem","1","32669","31,9","","","","","128470","","0"
"3829729102","113500154","325472263","779318320","779318320.wem","1","43058","42,05","","","","","166765","","0"
"3837779660","513841877","106524914","780242106","780242106.wem","1","68593","66,99","","","","","239621","","0"
"3410464112","325106043","504326628","780869917","780869917.wem","1","15769","15,4","","","","","52906","","0"
"2938918989","455910179","624386789","781584840","781584840.wem","2","9315","9,1","","","","","35234","","0"
"1650432149","641214543","160487523","781774049","781774049.wem","1","80336","78,45","","","","","306771","","0"
"3208084927","847235229","853821731","781907701","781907701.wem","1","21024","20,53","","","","","62455","","0"
"847240895","1068402534","692689691","781960931","781960931.wem","1","21324","20,82","","","","","67583","","0"
"3241396690","413741820","308534648","784706505","784706505.wem","1","35796","34,96","","","","","135103","","0"
"3861856991","741328294","400992865","785139564","785139564.wem","1","26593","25,97","","","","","98531","","0"
"4282983607","490717533","347645342","785330184","785330184.wem","1","17815","17,4","","","","","57284","","0"
"2909911435","206471921","457857934","785886237","785886237.wem","1","12110","11,83","","","","","48599","","0"
"2031079174","1047086543","1066162635","786785770","786785770.wem","1","29445","28,75","","","","","107861","","0"
"1270361140","283979803","472143845","788169647","788169647.wem","1","38697","37,79","","","","","144648","","0"
"2445559219","779377083","105363513","788630374","788630374.wem","1","15930","15,56","","","","","61099","","0"
"3529995645","308976180","363460359","789342652","789342652.wem","1","17495","17,08","","","","","62563","","0"
"119414710","457007576","500806800","789495999","789495999.wem","1","86738","84,71","","","","","301397","","0"
"4098696352","366120782","210303117","790152374","790152374.wem","1","18325","17,9","","","","","69413","","0"
"2777867240","407228115","310623641","791924021","791924021.wem","1","292734","285,87","","","","","850881","","0"
"298887401","414451237","92536726","792588876","792588876.wem","1","26793","26,17","","","","","88277","","0"
"1476413656","924379110","477459611","793668433","793668433.wem","1","15603","15,24","","","","","42107","","0"
"2454000597","289426750","511937155","793708866","793708866.wem","1","33024","32,25","","","","","127726","","0"
"2274920882","499795281","1054576909","795110502","795110502.wem","2","77064","75,26","","","","","319525","","0"
"392409208","352615041","294611282","796883833","796883833.wem","1","23108","22,57","","","","","81258","","0"
"3385772171","797990698","1058836719","797426814","797426814.wem","1","63498","62,01","","","","","251029","","0"
"1475671394","1072472205","1055461642","798490929","798490929.wem","1","12113","11,83","","","","","46762","","0"
"2603129809","272141459","524458779","799928963","799928963.wem","1","82032","80,11","","","","","314084","","0"
"1103764628","713202528","635194493","800015293","800015293.wem","1","82528","80,59","","","","","311466","","0"
"1658538140","753861775","562954401","800692050","800692050.wem","1","78047","76,22","","","","","296927","","0"
"808574123","629352567","1051400346","800696960","800696960.wem","1","46991","45,89","","","","","173226","","0"
"1084431539","383922212","616079477","801833393","801833393.wem","1","9982","9,75","","","","","37094","","0"
"3492277858","763302358","482154530","802166597","802166597.wem","2","16602","16,21","","","","","65806","","0"
"217513925","126743150","308205199","802413119","802413119.wem","1","73699","71,97","","","","","266837","","0"
"127341612","144477204","461646817","803570338","803570338.wem","1","28140","27,48","","","","","108031","","0"
"3456426596","809036313","621934074","804342991","804342991.wem","1","8181","7,99","","","","","29516","","0"
"2474481933","637311462","1056169457","805585905","805585905.wem","1","18810","18,37","","","","","51282","","0"
"2372161051","912930695","328787228","808784971","808784971.wem","1","24493","23,92","","","","","108406","","0"
"2541491532","310537009","202923190","809202668","809202668.wem","1","27854","27,2","","","","","106111","","0"
"1342192736","253431697","532225781","809326529","809326529.wem","1","7647","7,47","","","","","21611","","0"
"576853596","760931534","694321162","810336999","810336999.wem","1","35672","34,84","","","","","137594","","0"
"3952962426","1028709076","455996795","812339299","812339299.wem","1","19927","19,46","","","","","86233","","0"
"2045784277","197798596","479798742","813163035","813163035.wem","1","27950","27,29","","","","","100650","","0"
"2232773451","294511946","444779312","815062021","815062021.wem","1","16261","15,88","","","","","58885","","0"
"2611447410","177203986","368729190","816045425","816045425.wem","1","45028","43,97","","","","","202625","","0"
"1992660143","513295419","52310359","816378630","816378630.wem","1","9291","9,07","","","","","32021","","0"
"3858585323","427967198","378904448","818539637","818539637.wem","1","6590","6,44","","","","","18934","","0"
"139847862","339863669","484649340","820023170","820023170.wem","1","28597","27,93","","","","","113525","","0"
"692046863","177542508","137229156","820152014","820152014.wem","1","44258","43,22","","","","","157370","","0"
"1409303212","898215708","871927467","820757872","820757872.wem","1","11894","11,62","","","","","38566","","0"
"2222202438","401809353","171524185","821440897","821440897.wem","1","13012","12,71","","","","","48533","","0"
"1352333665","364004938","1043455568","822250269","822250269.wem","1","29332","28,64","","","","","114965","","0"
"2345778810","458180099","612492065","822386335","822386335.wem","2","32196","31,44","","","","","133466","","0"
"422724153","677404689","438634294","823705667","823705667.wem","2","8845","8,64","","","","","29897","","0"
"385739589","200481864","661397901","824470248","824470248.wem","1","7513","7,34","","","","","27306","","0"
"553178007","356513038","840611687","826928329","826928329.wem","1","14471","14,13","","","","","53893","","0"
"1042666289","363998529","759985361","829903043","829903043.wem","1","8113","7,92","","","","","29724","","0"
"4034619510","924741778","438158632","829944393","829944393.wem","1","17845","17,43","","","","","63146","","0"
"2047205724","747358193","589686071","831440145","831440145.wem","1","7464","7,29","","","","","31193","","0"
"1871258074","166913318","151279467","831866575","831866575.wem","2","48861","47,72","","","","","217942","","0"
"1438638617","889309060","763195930","833202924","833202924.wem","2","47024","45,92","","","","","195337","","0"
"3713637175","702267632","404670054","833742253","833742253.wem","2","7448","7,27","","","","","26693","","0"
"948900277","996932999","618976622","833910343","833910343.wem","1","21201","20,7","","","","","81573","","0"
"3540303957","141002095","434980305","834123639","834123639.wem","1","11836","11,56","","","","","38822","","0"
"1884936553","417237059","548709061","835897267","835897267.wem","1","12872","12,57","","","","","50218","","0"
"2206210113","667202870","499737122","836114481","836114481.wem","1","15571","15,21","","","","","58538","","0"
"993420852","881982948","242094586","836242656","836242656.wem","1","41531","40,56","","","","","143289","","0"
"2141212667","156308355","444092858","836270660","836270660.wem","1","39055","38,14","","","","","136807","","0"
"430286511","328787007","968952862","836859547","836859547.wem","2","25778","25,17","","","","","93960","","0"
"616096848","1013584678","823005612","840613763","840613763.wem","1","26543","25,92","","","","","119139","","0"
"3551984309","78192260","855550521","840654523","840654523.wem","1","30042","29,34","","","","","97247","","0"
"2879537941","60003323","446225257","841131934","841131934.wem","1","24697","24,12","","","","","79871","","0"
"157576115","536449944","161155323","842102351","842102351.wem","1","40648","39,7","","","","","144725","","0"
"3478448924","526545197","428696480","842744467","842744467.wem","1","15555","15,19","","","","","54203","","0"
"917395916","176807702","166230512","843034458","843034458.wem","1","28239","27,58","","","","","108373","","0"
"3883163434","945081688","698875425","843549300","843549300.wem","1","23161","22,62","","","","","81304","","0"
"1430980234","194795974","946172433","846685508","846685508.wem","2","57588","56,24","","","","","241043","","0"
"1344103095","576496048","960943702","846917398","846917398.wem","2","36625","35,77","","","","","168536","","0"
"1036583518","36118526","732053180","846936539","846936539.wem","1","39695","38,76","","","","","151071","","0"
"190029786","1007140816","878987137","846965701","846965701.wem","1","24643","24,07","","","","","89086","","0"
"3404660568","57170369","671588910","848134069","848134069.wem","1","11643","11,37","","","","","40533","","0"
"452339529","848367069","770527150","849736638","849736638.wem","1","44864","43,81","","","","","142353","","0"
"1633037808","709815240","529382662","850488335","850488335.wem","1","29307","28,62","","","","","120160","","0"
"919961890","672759702","526438744","853338107","853338107.wem","1","274706","268,27","","","","","857647","","0"
"1459636069","516516145","889058608","853491826","853491826.wem","1","14158","13,83","","","","","43410","","0"
"2661574759","955378424","531718375","854370586","854370586.wem","1","29974","29,27","","","","","113705","","0"
"1405227687","445898433","107351660","854499199","854499199.wem","1","11209","10,95","","","","","32232","","0"
"3506748687","825136468","542135117","857517261","857517261.wem","1","16385","16","","","","","47487","","0"
"3852300566","837731007","918204479","858031971","858031971.wem","1","72508","70,81","","","","","272810","","0"
"1373325719","368020843","260067330","858928381","858928381.wem","1","25078","24,49","","","","","93311","","0"
"1594075579","877751170","298667061","859504379","859504379.wem","1","36836","35,97","","","","","139817","","0"
"2138555756","265369006","1046109848","860084154","860084154.wem","2","36596","35,74","","","","","135602","","0"
"2518913913","368057932","829265289","860778881","860778881.wem","1","33872","33,08","","","","","122325","","0"
"1354894830","535209366","83948682","861286715","861286715.wem","1","11246","10,98","","","","","31509","","0"
"2346547009","408920005","930575479","864627047","864627047.wem","1","39445","38,52","","","","","152446","","0"
"2425029175","879789512","459152143","864723965","864723965.wem","1","23579","23,03","","","","","77823","","0"
"2739992076","1004918001","999342135","864907048","864907048.wem","1","13569","13,25","","","","","51553","","0"
"2255500328","544423684","523399982","866332544","866332544.wem","1","35364","34,54","","","","","125844","","0"
"3073592732","457999176","616613882","866356484","866356484.wem","1","16157","15,78","","","","","54538","","0"
"3359936350","173298372","783563524","866425644","866425644.wem","1","21074","20,58","","","","","63905","","0"
"1930439428","66161166","859486199","866777626","866777626.wem","1","39637","38,71","","","","","151607","","0"
"388090327","820191906","953838108","867267413","867267413.wem","1","17078","16,68","","","","","62261","","0"
"2764976541","1060556026","980836785","867596762","867596762.wem","1","13002","12,7","","","","","47207","","0"
"29382661","218392660","816859556","868639152","868639152.wem","1","54017","52,75","","","","","204287","","0"
"4036653965","373031419","328041633","871207888","871207888.wem","1","16620","16,23","","","","","59562","","0"
"430148789","515707525","1042257467","871360798","871360798.wem","1","28470","27,8","","","","","105119","","0"
"2618876834","380036408","713689065","872314379","872314379.wem","1","55726","54,42","","","","","182186","","0"
"3344009922","280982821","12453192","873145965","873145965.wem","1","6986","6,82","","","","","20121","","0"
"255483752","506128832","370474630","874708357","874708357.wem","1","107541","105,02","","","","","375125","","0"
"629627779","990040243","599798216","874935267","874935267.wem","2","38351","37,45","","","","","155815","","0"
"2578213330","74137745","872518086","876561326","876561326.wem","1","15560","15,2","","","","","60051","","0"
"1220812717","1035530909","570353536","876612086","876612086.wem","1","14907","14,56","","","","","54783","","0"
"95586499","169232804","506509550","876947983","876947983.wem","1","28117","27,46","","","","","96831","","0"
"1147976870","583036020","168299508","876965456","876965456.wem","1","36037","35,19","","","","","135850","","0"
"2315098178","550677700","1038513762","877143853","877143853.wem","1","20433","19,95","","","","","60016","","0"
"2945085863","796624193","410822757","878170847","878170847.wem","1","98381","96,08","","","","","381897","","0"
"1230411843","239157836","21594974","878999912","878999912.wem","1","22171","21,65","","","","","86442","","0"
"3473193513","28085961","458512398","880656504","880656504.wem","1","27901","27,25","","","","","89803","","0"
"3850588505","70497771","613357147","882258407","882258407.wem","1","32932","32,16","","","","","125395","","0"
"3746903343","852505034","715412627","882396025","882396025.wem","1","23299","22,75","","","","","83967","","0"
"15524057","22341881","820328157","883334655","883334655.wem","1","42611","41,61","","","","","147482","","0"
"3674106912","874241281","111133726","883984475","883984475.wem","1","82792","80,85","","","","","313301","","0"
"1347458514","186615950","101003551","884181245","884181245.wem","1","30384","29,67","","","","","115711","","0"
"3595682514","69768974","759177831","884549210","884549210.wem","1","76477","74,68","","","","","276533","","0"
"3158746592","407292068","207984255","884690055","884690055.wem","1","17056","16,66","","","","","66814","","0"
"3158277099","987672707","687869472","885929473","885929473.wem","1","7065","6,9","","","","","23497","","0"
"3020786623","617526787","388939738","886608002","886608002.wem","1","18244","17,82","","","","","68173","","0"
"3452444601","286399025","339899159","886897021","886897021.wem","1","10968","10,71","","","","","39561","","0"
"2878382540","1050514178","845078982","887480316","887480316.wem","1","72128","70,44","","","","","277691","","0"
"2353495165","1012768493","554229384","887694664","887694664.wem","1","21092","20,6","","","","","59247","","0"
"3864939535","808004267","466551888","888043717","888043717.wem","1","19052","18,61","","","","","56615","","0"
"25410473","403124118","774990946","888850491","888850491.wem","1","67096","65,52","","","","","263536","","0"
"773998049","687023767","364268165","890121176","890121176.wem","1","36055","35,21","","","","","133685","","0"
"2149964272","589009586","881382546","891536372","891536372.wem","2","136442","133,24","","","","","557722","","0"
"827981070","93018469","44257957","892162788","892162788.wem","1","75172","73,41","","","","","275114","","0"
"4195663230","1047410545","950532402","892193187","892193187.wem","1","28870","28,19","","","","","92842","","0"
"208209033","116632589","167701185","892470400","892470400.wem","1","18351","17,92","","","","","66218","","0"
"3024387871","7289928","850004010","892968061","892968061.wem","1","5201","5,08","","","","","19578","","0"
"1352144180","704120089","669372916","894548271","894548271.wem","1","28505","27,84","","","","","112465","","0"
"3019476070","902071565","166004695","895007152","895007152.wem","1","23880","23,32","","","","","87999","","0"
"2832647578","670621262","1044794715","895500184","895500184.wem","1","42000","41,02","","","","","134987","","0"
"2033346725","771265617","884934728","896537203","896537203.wem","1","56116","54,8","","","","","204302","","0"
"3543770398","1009862860","334158153","897844617","897844617.wem","1","8711","8,51","","","","","28829","","0"
"506962629","2285844","656397272","897931311","897931311.wem","1","11793","11,52","","","","","43690","","0"
"3314509209","872083590","414892240","898001860","898001860.wem","2","22428","21,9","","","","","86487","","0"
"698539982","310126389","757938650","898503064","898503064.wem","1","16132","15,75","","","","","46322","","0"
"3543190865","33263017","229232438","900193839","900193839.wem","1","7085","6,92","","","","","26659","","0"
"3394785282","359251216","17658365","900975517","900975517.wem","1","47332","46,22","","","","","175786","","0"
"4184360097","862407173","137005077","903710341","903710341.wem","1","8563","8,36","","","","","32021","","0"
"4031323964","1034835650","548817883","903880128","903880128.wem","1","31162","30,43","","","","","115514","","0"
"3472596609","598556963","937322468","904508579","904508579.wem","1","40574","39,62","","","","","153615","","0"
"3913212314","117099946","65986410","908775499","908775499.wem","1","12986","12,68","","","","","55871","","0"
"1207874832","317894615","228056663","910243833","910243833.wem","1","28288","27,62","","","","","98815","","0"
"3142304963","783691453","582915972","911282662","911282662.wem","1","12418","12,13","","","","","40959","","0"
"1076133838","731485791","304380630","911543220","911543220.wem","2","58655","57,28","","","","","243797","","0"
"3041643348","708210324","949241249","914212892","914212892.wem","1","27954","27,3","","","","","105663","","0"
"4034131053","909621462","693061900","914637809","914637809.wem","1","34411","33,6","","","","","120299","","0"
"1577743092","869991064","804677276","916018735","916018735.wem","1","24403","23,83","","","","","83988","","0"
"3232962523","58167495","771212542","916026085","916026085.wem","1","9245","9,03","","","","","32447","","0"
"3087475729","973577341","500794153","916594557","916594557.wem","1","46351","45,26","","","","","169474","","0"
"1040802652","584181906","777064904","917369937","917369937.wem","1","22869","22,33","","","","","65706","","0"
"3242189316","387354500","998452030","917585991","917585991.wem","1","46930","45,83","","","","","179246","","0"
"1571639502","101690538","852731061","917921297","917921297.wem","1","12923","12,62","","","","","40533","","0"
"2063662812","857803967","517401414","918364560","918364560.wem","1","14533","14,19","","","","","56349","","0"
"2771812905","471837658","486651074","919355035","919355035.wem","1","21373","20,87","","","","","79317","","0"
"2236051832","1006651323","549028734","919374362","919374362.wem","1","9607","9,38","","","","","29437","","0"
"3731149831","802259581","660949017","919924785","919924785.wem","1","18724","18,29","","","","","68799","","0"
"3250133774","608600397","60461893","920068327","920068327.wem","1","35854","35,01","","","","","132095","","0"
"1563170930","589383386","162456240","920129876","920129876.wem","1","50600","49,41","","","","","191045","","0"
"1263935166","159079101","857964692","920202335","920202335.wem","2","12823","12,52","","","","","49329","","0"
"3174529625","489984894","223366276","920301962","920301962.wem","1","14137","13,81","","","","","33722","","0"
"3581257700","783783444","505152437","921173421","921173421.wem","1","8419","8,22","","","","","29784","","0"
"3765261802","71364058","321032045","927048682","927048682.wem","1","7764","7,58","","","","","29587","","0"
"41015416","655422662","265622055","927057568","927057568.wem","1","80478","78,59","","","","","312618","","0"
"819836569","552454079","437778220","927341555","927341555.wem","1","26181","25,57","","","","","98303","","0"
"923082130","650024790","622513652","928373896","928373896.wem","1","13397","13,08","","","","","50446","","0"
"1504001219","801788045","456172947","929730082","929730082.wem","1","15254","14,9","","","","","51519","","0"
"2909398110","1015695160","834911872","929772598","929772598.wem","1","28483","27,82","","","","","100625","","0"
"2649265093","167917597","871319121","929989629","929989629.wem","1","9286","9,07","","","","","33962","","0"
"1902089781","844605453","360822654","930831490","930831490.wem","1","45229","44,17","","","","","174010","","0"
"1462588812","208835319","409383760","933900365","933900365.wem","1","15523","15,16","","","","","56661","","0"
"1855482301","958923539","78479861","933920771","933920771.wem","1","11872","11,59","","","","","43690","","0"
"469420281","773359881","556568230","934459535","934459535.wem","1","25421","24,83","","","","","105599","","0"
"3278687242","581908100","601743846","936295321","936295321.wem","1","25159","24,57","","","","","86698","","0"
"2517422018","758071889","47293031","937859725","937859725.wem","1","29095","28,41","","","","","106399","","0"
"2286384689","765823039","529062363","938191861","938191861.wem","1","10588","10,34","","","","","29507","","0"
"3411120398","871247096","479443232","938294348","938294348.wem","1","13079","12,77","","","","","38939","","0"
"3372015199","904260975","958361494","939038798","939038798.wem","1","38144","37,25","","","","","132287","","0"
"1536221796","900878983","334999623","939099692","939099692.wem","1","87032","84,99","","","","","325329","","0"
"182032149","453269945","763685314","939132931","939132931.wem","1","22805","22,27","","","","","80166","","0"
"904176116","902255790","964549398","941504960","941504960.wem","1","69794","68,16","","","","","287999","","0"
"843242020","124590272","927406529","941899465","941899465.wem","1","19417","18,96","","","","","68671","","0"
"3536453190","299601734","1008324200","946187242","946187242.wem","1","13662","13,34","","","","","50175","","0"
"3889328532","418038040","273972783","947703177","947703177.wem","1","28974","28,29","","","","","106479","","0"
"2890782109","110818890","821837423","948823182","948823182.wem","1","32326","31,57","","","","","118066","","0"
"3731075189","1056469811","122595610","948839576","948839576.wem","1","10907","10,65","","","","","39317","","0"
"2811078669","575442097","100816364","952069668","952069668.wem","1","20883","20,39","","","","","87733","","0"
"948850232","529577284","753669514","953956546","953956546.wem","1","87649","85,59","","","","","319317","","0"
"727153423","415060198","368332598","956882359","956882359.wem","1","40140","39,2","","","","","151338","","0"
"962791485","339693481","721661854","958186655","958186655.wem","1","41660","40,68","","","","","153194","","0"
"3608137028","574004546","852207460","958401130","958401130.wem","1","17533","17,12","","","","","56886","","0"
"1492325161","326843746","760731484","958740332","958740332.wem","1","22299","21,78","","","","","78621","","0"
"2252829419","537744300","17627223","959203466","959203466.wem","1","10108","9,87","","","","","29995","","0"
"1999873769","749318015","385559637","959761289","959761289.wem","1","13427","13,11","","","","","52991","","0"
"322192348","831867244","870323883","962377788","962377788.wem","1","29797","29,1","","","","","103813","","0"
"758562845","264423618","114240140","963567431","963567431.wem","1","17169","16,77","","","","","61163","","0"
"2584526111","47485129","949224210","964945468","964945468.wem","1","19690","19,23","","","","","74709","","0"
"543797147","351769556","1065786895","966190588","966190588.wem","1","35659","34,82","","","","","134015","","0"
"1860011322","177288494","642708577","968419079","968419079.wem","1","24249","23,68","","","","","87208","","0"
"2876192162","333340310","684649077","969023310","969023310.wem","2","42012","41,03","","","","","174040","","0"
"943159140","606858460","295645005","970401893","970401893.wem","1","18796","18,36","","","","","49839","","0"
"2232931059","300490372","792647131","970479669","970479669.wem","1","13631","13,31","","","","","51327","","0"
"520030803","669476803","19131970","972858731","972858731.wem","1","10044","9,81","","","","","35036","","0"
"322549181","359063730","259448703","974306733","974306733.wem","1","38348","37,45","","","","","138922","","0"
"1426080799","712454948","131341758","974657530","974657530.wem","1","11891","11,61","","","","","36819","","0"
"3975796586","511530878","549011666","975698895","975698895.wem","1","23181","22,64","","","","","87002","","0"
"472807604","163174556","376261092","979544947","979544947.wem","1","23224","22,68","","","","","83114","","0"
"2269607006","639724389","85066016","979556710","979556710.wem","1","11878","11,6","","","","","35329","","0"
"3397463485","304223564","1021974394","979626938","979626938.wem","1","20419","19,94","","","","","77665","","0"
"3428292521","74374552","161295155","980150240","980150240.wem","1","81743","79,83","","","","","311487","","0"
"96887312","728346743","709903674","980652201","980652201.wem","1","25178","24,59","","","","","96751","","0"
"3094265415","527009957","677491422","983217710","983217710.wem","1","20821","20,33","","","","","78794","","0"
"67663027","808018788","218754862","984367350","984367350.wem","1","40495","39,55","","","","","145066","","0"
"466064885","458623902","397778134","987869067","987869067.wem","1","35067","34,25","","","","","132620","","0"
"3140974451","853664769","948694398","988715288","988715288.wem","1","11366","11,1","","","","","34793","","0"
"1226176244","189250353","15049488","990261344","990261344.wem","1","17544","17,13","","","","","63997","","0"
"2698788672","324837614","926509475","990263916","990263916.wem","1","31668","30,93","","","","","112791","","0"
"1999882942","794217752","415584878","990676790","990676790.wem","1","45071","44,01","","","","","175689","","0"
"514196655","154317386","889527213","991998568","991998568.wem","1","63594","62,1","","","","","242047","","0"
"2788594733","145436850","912008692","994924645","994924645.wem","1","32754","31,99","","","","","100539","","0"
"2792667481","409212010","680405612","994952825","994952825.wem","1","28678","28,01","","","","","114846","","0"
"3444675668","697060392","762419982","995532982","995532982.wem","1","7899","7,71","","","","","23475","","0"
"1940251724","275874313","36377255","996950021","996950021.wem","1","29690","28,99","","","","","108261","","0"
"439133687","807301284","751659437","1001401885","1001401885.wem","1","30192","29,48","","","","","103039","","0"
"2837614623","172622681","233234196","1001406991","1001406991.wem","1","10162","9,92","","","","","38229","","0"
"926381553","831342287","826545595","1002118069","1002118069.wem","1","17735","17,32","","","","","48813","","0"
"1422005274","478655467","490656433","1002356841","1002356841.wem","1","15272","14,91","","","","","47463","","0"
"2332944445","572115189","1036006087","1002909437","1002909437.wem","1","33089","32,31","","","","","116159","","0"
"3293282188","225953132","765137024","1004298845","1004298845.wem","2","7026","6,86","","","","","28829","","0"
"4126474980","816621541","631440037","1004466769","1004466769.wem","1","23073","22,53","","","","","79292","","0"
"4057173924","507712987","749194964","1004474760","1004474760.wem","1","44722","43,67","","","","","198835","","0"
"225660079","34411174","996156026","1006709767","1006709767.wem","1","8282","8,09","","","","","30681","","0"
"564717827","341299456","16964629","1007862950","1007862950.wem","1","24385","23,81","","","","","87807","","0"
"1025704988","659951917","724521334","1007923018","1007923018.wem","1","19778","19,31","","","","","70143","","0"
"212496226","276285837","722094028","1008196753","1008196753.wem","1","41539","40,57","","","","","155903","","0"
"1749608014","325630347","640495257","1009114422","1009114422.wem","1","14640","14,3","","","","","57657","","0"
"1049614177","108896294","115093971","1010472104","1010472104.wem","1","32518","31,76","","","","","115913","","0"
"4277974997","268038337","723520379","1011213518","1011213518.wem","1","44574","43,53","","","","","145066","","0"
"3447942977","949973051","288066945","1011669071","1011669071.wem","1","10725","10,47","","","","","39009","","0"
"1844330254","894525477","994383035","1011669277","1011669277.wem","1","25204","24,61","","","","","88234","","0"
"3054309078","824638910","863730520","1011898081","1011898081.wem","1","101730","99,35","","","","","388261","","0"
"895770820","248079896","455447582","1012272758","1012272758.wem","2","19682","19,22","","","","","70470","","0"
"2122408708","472103661","948325220","1012365781","1012365781.wem","1","52825","51,59","","","","","185514","","0"
"715317665","576500210","215231180","1013214237","1013214237.wem","1","18291","17,86","","","","","51981","","0"
"3975845619","1012521954","19105489","1013619871","1013619871.wem","1","16536","16,15","","","","","60414","","0"
"3868670544","691663341","669634303","1015064643","1015064643.wem","1","12462","12,17","","","","","43199","","0"
"291272750","970145691","371972919","1015723236","1015723236.wem","1","32678","31,91","","","","","116095","","0"
"797081514","669172539","856573065","1016042812","1016042812.wem","1","43081","42,07","","","","","161024","","0"
"2150382821","602183481","837089455","1016239674","1016239674.wem","1","19999","19,53","","","","","74897","","0"
"3132505799","793688024","348838841","1016515822","1016515822.wem","1","31158","30,43","","","","","116860","","0"
"4023402410","698856192","550780876","1017305820","1017305820.wem","1","8635","8,43","","","","","29516","","0"
"1390311530","738812322","319887933","1018412350","1018412350.wem","1","48672","47,53","","","","","170549","","0"
"548935516","383288426","547014407","1018531196","1018531196.wem","1","8760","8,55","","","","","31226","","0"
"3777410797","85098204","877020574","1018719994","1018719994.wem","1","12531","12,24","","","","","45184","","0"
"1795884759","494647886","890943570","1019119805","1019119805.wem","1","32847","32,08","","","","","142133","","0"
"1192026671","314103222","668081205","1019216425","1019216425.wem","1","41807","40,83","","","","","162341","","0"
"3886353419","767713177","826360276","1019241950","1019241950.wem","1","35683","34,85","","","","","133461","","0"
"2420488482","1047742774","333446864","1019777163","1019777163.wem","1","17559","17,15","","","","","65899","","0"
"1007539908","300677048","111912769","1022616284","1022616284.wem","1","56949","55,61","","","","","207661","","0"
"2084772278","404366928","797942932","1024311381","1024311381.wem","1","24808","24,23","","","","","94346","","0"
"4088963331","917400977","3911815","1024605331","1024605331.wem","1","88331","86,26","","","","","351985","","0"
"1714209092","645973793","166959151","1026098211","1026098211.wem","1","29246","28,56","","","","","108885","","0"
"499856114","362913125","872540562","1027092084","1027092084.wem","1","25867","25,26","","","","","96331","","0"
"2888225390","351661579","861450985","1028485157","1028485157.wem","1","15054","14,7","","","","","53230","","0"
"4083146248","8403707","418517734","1030164003","1030164003.wem","1","43999","42,97","","","","","156438","","0"
"3925695767","372748910","404290145","1031659901","1031659901.wem","1","17400","16,99","","","","","51981","","0"
"180893011","950431407","544700237","1032112512","1032112512.wem","1","122199","119,33","","","","","473983","","0"
"1493056630","641044259","847070882","1032521899","1032521899.wem","1","44406","43,37","","","","","155901","","0"
"26469050","401939776","771562498","1035824601","1035824601.wem","1","37406","36,53","","","","","141699","","0"
"3157752038","683406032","224444927","1037817702","1037817702.wem","1","10939","10,68","","","","","32861","","0"
"101998563","266165165","279493910","1037913307","1037913307.wem","1","61924","60,47","","","","","221562","","0"
"2534291421","587587175","186431793","1039444031","1039444031.wem","1","18322","17,89","","","","","67351","","0"
"3209565980","73954323","700269304","1040216574","1040216574.wem","1","47721","46,6","","","","","176731","","0"
"530626252","585750462","681370881","1040911784","1040911784.wem","2","84055","82,08","","","","","292824","","0"
"924194555","391399882","739675176","1042118390","1042118390.wem","1","24536","23,96","","","","","74476","","0"
"30829860","1038272151","1070363325","1042630073","1042630073.wem","1","11912","11,63","","","","","46059","","0"
"3515495150","821128532","614086089","1046561200","1046561200.wem","1","16461","16,08","","","","","60634","","0"
"3427898081","917836929","646389710","1046566922","1046566922.wem","1","9728","9,5","","","","","30835","","0"
"3192371027","542368969","783624524","1048949208","1048949208.wem","1","10265","10,02","","","","","35839","","0"
"1861719537","253284594","909884954","1050074967","1050074967.wem","1","24460","23,89","","","","","86186","","0"
"1258724443","238134403","79167144","1050251054","1050251054.wem","1","50543","49,36","","","","","179213","","0"
"1295266950","276462060","48322268","1050544152","1050544152.wem","1","22595","22,07","","","","","64682","","0"
"2662259499","479884815","124356807","1051914724","1051914724.wem","1","32935","32,16","","","","","121085","","0"
"2727922260","437329850","889592965","1052655305","1052655305.wem","1","52924","51,68","","","","","191998","","0"
"4038765194","417132472","802506159","1052971964","1052971964.wem","1","22501","21,97","","","","","84256","","0"
"3377565224","839545645","971357107","1054119434","1054119434.wem","1","7348","7,18","","","","","22847","","0"
"3193117353","842035104","988653907","1056241236","1056241236.wem","1","41552","40,58","","","","","159493","","0"
"2405790296","1061826990","326498802","1058158586","1058158586.wem","1","16882","16,49","","","","","54783","","0"
"1392525625","178367285","1020402028","1059620240","1059620240.wem","1","7200","7,03","","","","","18445","","0"
"143839951","967150815","204055352","1059961648","1059961648.wem","1","28459","27,79","","","","","104649","","0"
"3424746738","449994384","917725707","1063061087","1063061087.wem","1","9906","9,67","","","","","30271","","0"
"457953562","199148310","212466701","1063776406","1063776406.wem","2","14887","14,54","","","","","49116","","0"
"1250519000","144869620","312438050","1064404150","1064404150.wem","1","20962","20,47","","","","","75093","","0"
"2367855121","666181230","252867102","1065946615","1065946615.wem","1","36629","35,77","","","","","138901","","0"
"1576689665","622991018","123309391","1067575506","1067575506.wem","1","60557","59,14","","","","","229223","","0"
"532582046","787819237","181976729","1068184009","1068184009.wem","1","19857","19,39","","","","","74090","","0"
"111673343","974748351","567837998","1068329219","1068329219.wem","1","13919","13,59","","","","","53666","","0"
"766366758","824479137","311465505","1069557766","1069557766.wem","1","17945","17,52","","","","","63487","","0"
"4066104864","675710593","467790309","1069707836","1069707836.wem","1","51253","50,05","","","","","186079","","0"
"3517136529","23907833","43161025","1071813657","1071813657.wem","1","21568","21,06","","","","","79255","","0"
