"ID","File","RelativePath","SizeBytes","SizeKB"
"1994541","1994541.wem","th4_000_common_vo\english(us)\1994541.wem","11063","10,8"
"2259156","2259156.wem","th4_000_common_vo\english(us)\2259156.wem","69591","67,96"
"2575341","2575341.wem","th4_000_common_vo\english(us)\2575341.wem","44809","43,76"
"3425580","3425580.wem","th4_000_common_vo\english(us)\3425580.wem","37246","36,37"
"4880661","4880661.wem","th4_000_common_vo\english(us)\4880661.wem","21878","21,37"
"6141113","6141113.wem","th4_000_common_vo\english(us)\6141113.wem","71985","70,3"
"6343934","6343934.wem","th4_000_common_vo\english(us)\6343934.wem","54356","53,08"
"6407439","6407439.wem","th4_000_common_vo\english(us)\6407439.wem","40517","39,57"
"7390073","7390073.wem","th4_000_common_vo\english(us)\7390073.wem","59265","57,88"
"8118526","8118526.wem","th4_000_common_vo\english(us)\8118526.wem","17626","17,21"
"9381084","9381084.wem","th4_000_common_vo\english(us)\9381084.wem","15903","15,53"
"11743198","11743198.wem","th4_000_common_vo\english(us)\11743198.wem","41060","40,1"
"11950871","11950871.wem","th4_000_common_vo\english(us)\11950871.wem","17089","16,69"
"14026281","14026281.wem","th4_000_common_vo\english(us)\14026281.wem","27864","27,21"
"14140737","14140737.wem","th4_000_common_vo\english(us)\14140737.wem","36048","35,2"
"14441920","14441920.wem","th4_000_common_vo\english(us)\14441920.wem","56158","54,84"
"15140111","15140111.wem","th4_000_common_vo\english(us)\15140111.wem","9769","9,54"
"15806715","15806715.wem","th4_000_common_vo\english(us)\15806715.wem","22583","22,05"
"16292482","16292482.wem","th4_000_common_vo\english(us)\16292482.wem","8094","7,9"
"16413068","16413068.wem","th4_000_common_vo\english(us)\16413068.wem","18558","18,12"
"16526771","16526771.wem","th4_000_common_vo\english(us)\16526771.wem","40766","39,81"
"18029859","18029859.wem","th4_000_common_vo\english(us)\18029859.wem","24536","23,96"
"18903818","18903818.wem","th4_000_common_vo\english(us)\18903818.wem","13349","13,04"
"20696694","20696694.wem","th4_000_common_vo\english(us)\20696694.wem","33677","32,89"
"21773969","21773969.wem","th4_000_common_vo\english(us)\21773969.wem","58053","56,69"
"21967293","21967293.wem","th4_000_common_vo\english(us)\21967293.wem","35040","34,22"
"23415599","23415599.wem","th4_000_common_vo\english(us)\23415599.wem","85661","83,65"
"23618156","23618156.wem","th4_000_common_vo\english(us)\23618156.wem","25225","24,63"
"24774449","24774449.wem","th4_000_common_vo\english(us)\24774449.wem","21237","20,74"
"25842541","25842541.wem","th4_000_common_vo\english(us)\25842541.wem","48596","47,46"
"25982441","25982441.wem","th4_000_common_vo\english(us)\25982441.wem","16033","15,66"
"27039803","27039803.wem","th4_000_common_vo\english(us)\27039803.wem","18321","17,89"
"27253652","27253652.wem","th4_000_common_vo\english(us)\27253652.wem","68611","67"
"27512562","27512562.wem","th4_000_common_vo\english(us)\27512562.wem","46911","45,81"
"27985417","27985417.wem","th4_000_common_vo\english(us)\27985417.wem","33967","33,17"
"28006126","28006126.wem","th4_000_common_vo\english(us)\28006126.wem","32419","31,66"
"28391928","28391928.wem","th4_000_common_vo\english(us)\28391928.wem","11081","10,82"
"28397653","28397653.wem","th4_000_common_vo\english(us)\28397653.wem","2186","2,13"
"28899013","28899013.wem","th4_000_common_vo\english(us)\28899013.wem","19941","19,47"
"30052689","30052689.wem","th4_000_common_vo\english(us)\30052689.wem","18010","17,59"
"31296218","31296218.wem","th4_000_common_vo\english(us)\31296218.wem","21819","21,31"
"31508959","31508959.wem","th4_000_common_vo\english(us)\31508959.wem","57344","56"
"31944517","31944517.wem","th4_000_common_vo\english(us)\31944517.wem","12769","12,47"
"33235221","33235221.wem","th4_000_common_vo\english(us)\33235221.wem","65909","64,36"
"34453711","34453711.wem","th4_000_common_vo\english(us)\34453711.wem","18389","17,96"
"35991868","35991868.wem","th4_000_common_vo\english(us)\35991868.wem","19459","19"
"36771323","36771323.wem","th4_000_common_vo\english(us)\36771323.wem","32750","31,98"
"38372339","38372339.wem","th4_000_common_vo\english(us)\38372339.wem","24345","23,77"
"38505124","38505124.wem","th4_000_common_vo\english(us)\38505124.wem","45172","44,11"
"38727352","38727352.wem","th4_000_common_vo\english(us)\38727352.wem","10590","10,34"
"38896854","38896854.wem","th4_000_common_vo\english(us)\38896854.wem","37698","36,81"
"39862244","39862244.wem","th4_000_common_vo\english(us)\39862244.wem","52367","51,14"
"41098152","41098152.wem","th4_000_common_vo\english(us)\41098152.wem","59642","58,24"
"42374114","42374114.wem","th4_000_common_vo\english(us)\42374114.wem","15728","15,36"
"43709616","43709616.wem","th4_000_common_vo\english(us)\43709616.wem","18456","18,02"
"45145384","45145384.wem","th4_000_common_vo\english(us)\45145384.wem","12606","12,31"
"45850526","45850526.wem","th4_000_common_vo\english(us)\45850526.wem","21884","21,37"
"46657280","46657280.wem","th4_000_common_vo\english(us)\46657280.wem","14799","14,45"
"46999090","46999090.wem","th4_000_common_vo\english(us)\46999090.wem","60590","59,17"
"48753438","48753438.wem","th4_000_common_vo\english(us)\48753438.wem","15567","15,2"
"49679125","49679125.wem","th4_000_common_vo\english(us)\49679125.wem","44532","43,49"
"50572807","50572807.wem","th4_000_common_vo\english(us)\50572807.wem","45318","44,26"
"51534216","51534216.wem","th4_000_common_vo\english(us)\51534216.wem","20687","20,2"
"54151231","54151231.wem","th4_000_common_vo\english(us)\54151231.wem","36008","35,16"
"54204748","54204748.wem","th4_000_common_vo\english(us)\54204748.wem","35753","34,92"
"55510424","55510424.wem","th4_000_common_vo\english(us)\55510424.wem","10681","10,43"
"56223722","56223722.wem","th4_000_common_vo\english(us)\56223722.wem","53490","52,24"
"56270695","56270695.wem","th4_000_common_vo\english(us)\56270695.wem","16275","15,89"
"61738747","61738747.wem","th4_000_common_vo\english(us)\61738747.wem","14306","13,97"
"62506718","62506718.wem","th4_000_common_vo\english(us)\62506718.wem","23397","22,85"
"63485174","63485174.wem","th4_000_common_vo\english(us)\63485174.wem","9881","9,65"
"65544374","65544374.wem","th4_000_common_vo\english(us)\65544374.wem","15962","15,59"
"65816721","65816721.wem","th4_000_common_vo\english(us)\65816721.wem","38922","38,01"
"67801274","67801274.wem","th4_000_common_vo\english(us)\67801274.wem","90480","88,36"
"67891682","67891682.wem","th4_000_common_vo\english(us)\67891682.wem","20566","20,08"
"68392483","68392483.wem","th4_000_common_vo\english(us)\68392483.wem","62349","60,89"
"70106595","70106595.wem","th4_000_common_vo\english(us)\70106595.wem","45998","44,92"
"70532753","70532753.wem","th4_000_common_vo\english(us)\70532753.wem","15201","14,84"
"72599138","72599138.wem","th4_000_common_vo\english(us)\72599138.wem","25550","24,95"
"72740112","72740112.wem","th4_000_common_vo\english(us)\72740112.wem","8539","8,34"
"75298720","75298720.wem","th4_000_common_vo\english(us)\75298720.wem","17840","17,42"
"75859786","75859786.wem","th4_000_common_vo\english(us)\75859786.wem","19373","18,92"
"79594765","79594765.wem","th4_000_common_vo\english(us)\79594765.wem","78802","76,96"
"80944288","80944288.wem","th4_000_common_vo\english(us)\80944288.wem","25665","25,06"
"82613959","82613959.wem","th4_000_common_vo\english(us)\82613959.wem","15925","15,55"
"83349338","83349338.wem","th4_000_common_vo\english(us)\83349338.wem","42189","41,2"
"85455385","85455385.wem","th4_000_common_vo\english(us)\85455385.wem","53967","52,7"
"85694433","85694433.wem","th4_000_common_vo\english(us)\85694433.wem","6960","6,8"
"86008251","86008251.wem","th4_000_common_vo\english(us)\86008251.wem","43551","42,53"
"86065016","86065016.wem","th4_000_common_vo\english(us)\86065016.wem","15082","14,73"
"86148928","86148928.wem","th4_000_common_vo\english(us)\86148928.wem","9947","9,71"
"86754495","86754495.wem","th4_000_common_vo\english(us)\86754495.wem","47966","46,84"
"87544570","87544570.wem","th4_000_common_vo\english(us)\87544570.wem","89135","87,05"
"87634762","87634762.wem","th4_000_common_vo\english(us)\87634762.wem","15183","14,83"
"89315413","89315413.wem","th4_000_common_vo\english(us)\89315413.wem","19973","19,5"
"89428262","89428262.wem","th4_000_common_vo\english(us)\89428262.wem","13593","13,27"
"90880483","90880483.wem","th4_000_common_vo\english(us)\90880483.wem","16448","16,06"
"92198627","92198627.wem","th4_000_common_vo\english(us)\92198627.wem","50014","48,84"
"92791440","92791440.wem","th4_000_common_vo\english(us)\92791440.wem","11883","11,6"
"93325588","93325588.wem","th4_000_common_vo\english(us)\93325588.wem","30018","29,31"
"98552437","98552437.wem","th4_000_common_vo\english(us)\98552437.wem","38952","38,04"
"99395565","99395565.wem","th4_000_common_vo\english(us)\99395565.wem","67394","65,81"
"102436360","102436360.wem","th4_000_common_vo\english(us)\102436360.wem","35732","34,89"
"103162336","103162336.wem","th4_000_common_vo\english(us)\103162336.wem","44944","43,89"
"104766979","104766979.wem","th4_000_common_vo\english(us)\104766979.wem","27187","26,55"
"105106109","105106109.wem","th4_000_common_vo\english(us)\105106109.wem","13089","12,78"
"105622278","105622278.wem","th4_000_common_vo\english(us)\105622278.wem","22462","21,94"
"106607126","106607126.wem","th4_000_common_vo\english(us)\106607126.wem","85924","83,91"
"107137317","107137317.wem","th4_000_common_vo\english(us)\107137317.wem","46383","45,3"
"107594310","107594310.wem","th4_000_common_vo\english(us)\107594310.wem","36497","35,64"
"110570427","110570427.wem","th4_000_common_vo\english(us)\110570427.wem","32535","31,77"
"110723765","110723765.wem","th4_000_common_vo\english(us)\110723765.wem","59291","57,9"
"111168223","111168223.wem","th4_000_common_vo\english(us)\111168223.wem","7795","7,61"
"111213177","111213177.wem","th4_000_common_vo\english(us)\111213177.wem","35067","34,25"
"111938917","111938917.wem","th4_000_common_vo\english(us)\111938917.wem","108615","106,07"
"115875410","115875410.wem","th4_000_common_vo\english(us)\115875410.wem","24391","23,82"
"116629131","116629131.wem","th4_000_common_vo\english(us)\116629131.wem","41957","40,97"
"116769263","116769263.wem","th4_000_common_vo\english(us)\116769263.wem","28579","27,91"
"117431200","117431200.wem","th4_000_common_vo\english(us)\117431200.wem","148961","145,47"
"117726891","117726891.wem","th4_000_common_vo\english(us)\117726891.wem","19524","19,07"
"117772031","117772031.wem","th4_000_common_vo\english(us)\117772031.wem","18111","17,69"
"120129487","120129487.wem","th4_000_common_vo\english(us)\120129487.wem","36554","35,7"
"120369165","120369165.wem","th4_000_common_vo\english(us)\120369165.wem","11133","10,87"
"120459133","120459133.wem","th4_000_common_vo\english(us)\120459133.wem","21402","20,9"
"121985976","121985976.wem","th4_000_common_vo\english(us)\121985976.wem","60293","58,88"
"122220929","122220929.wem","th4_000_common_vo\english(us)\122220929.wem","19713","19,25"
"122381597","122381597.wem","th4_000_common_vo\english(us)\122381597.wem","40565","39,61"
"123921731","123921731.wem","th4_000_common_vo\english(us)\123921731.wem","36706","35,85"
"123995673","123995673.wem","th4_000_common_vo\english(us)\123995673.wem","20118","19,65"
"125264452","125264452.wem","th4_000_common_vo\english(us)\125264452.wem","23081","22,54"
"126944838","126944838.wem","th4_000_common_vo\english(us)\126944838.wem","52613","51,38"
"126988840","126988840.wem","th4_000_common_vo\english(us)\126988840.wem","10728","10,48"
"127357609","127357609.wem","th4_000_common_vo\english(us)\127357609.wem","33974","33,18"
"127735755","127735755.wem","th4_000_common_vo\english(us)\127735755.wem","29221","28,54"
"128616695","128616695.wem","th4_000_common_vo\english(us)\128616695.wem","20986","20,49"
"130214626","130214626.wem","th4_000_common_vo\english(us)\130214626.wem","7478","7,3"
"130398566","130398566.wem","th4_000_common_vo\english(us)\130398566.wem","103222","100,8"
"130938459","130938459.wem","th4_000_common_vo\english(us)\130938459.wem","56242","54,92"
"131593931","131593931.wem","th4_000_common_vo\english(us)\131593931.wem","33523","32,74"
"134051271","134051271.wem","th4_000_common_vo\english(us)\134051271.wem","29605","28,91"
"136642407","136642407.wem","th4_000_common_vo\english(us)\136642407.wem","14412","14,07"
"136987909","136987909.wem","th4_000_common_vo\english(us)\136987909.wem","11862","11,58"
"137581498","137581498.wem","th4_000_common_vo\english(us)\137581498.wem","44129","43,09"
"139219960","139219960.wem","th4_000_common_vo\english(us)\139219960.wem","69471","67,84"
"139313318","139313318.wem","th4_000_common_vo\english(us)\139313318.wem","12585","12,29"
"140429898","140429898.wem","th4_000_common_vo\english(us)\140429898.wem","7663","7,48"
"140753050","140753050.wem","th4_000_common_vo\english(us)\140753050.wem","20384","19,91"
"141791397","141791397.wem","th4_000_common_vo\english(us)\141791397.wem","25490","24,89"
"142501603","142501603.wem","th4_000_common_vo\english(us)\142501603.wem","34226","33,42"
"143438724","143438724.wem","th4_000_common_vo\english(us)\143438724.wem","10839","10,58"
"144853272","144853272.wem","th4_000_common_vo\english(us)\144853272.wem","17754","17,34"
"145243625","145243625.wem","th4_000_common_vo\english(us)\145243625.wem","27504","26,86"
"145401243","145401243.wem","th4_000_common_vo\english(us)\145401243.wem","12548","12,25"
"145630016","145630016.wem","th4_000_common_vo\english(us)\145630016.wem","8395","8,2"
"145992104","145992104.wem","th4_000_common_vo\english(us)\145992104.wem","58373","57"
"146493191","146493191.wem","th4_000_common_vo\english(us)\146493191.wem","14908","14,56"
"147747681","147747681.wem","th4_000_common_vo\english(us)\147747681.wem","34671","33,86"
"147824665","147824665.wem","th4_000_common_vo\english(us)\147824665.wem","23277","22,73"
"148095223","148095223.wem","th4_000_common_vo\english(us)\148095223.wem","27863","27,21"
"148307580","148307580.wem","th4_000_common_vo\english(us)\148307580.wem","18500","18,07"
"149097461","149097461.wem","th4_000_common_vo\english(us)\149097461.wem","25040","24,45"
"149815371","149815371.wem","th4_000_common_vo\english(us)\149815371.wem","10395","10,15"
"150380784","150380784.wem","th4_000_common_vo\english(us)\150380784.wem","7104","6,94"
"150649308","150649308.wem","th4_000_common_vo\english(us)\150649308.wem","40375","39,43"
"150800374","150800374.wem","th4_000_common_vo\english(us)\150800374.wem","27717","27,07"
"151932880","151932880.wem","th4_000_common_vo\english(us)\151932880.wem","18027","17,6"
"157056275","157056275.wem","th4_000_common_vo\english(us)\157056275.wem","15023","14,67"
"157528075","157528075.wem","th4_000_common_vo\english(us)\157528075.wem","35409","34,58"
"157581541","157581541.wem","th4_000_common_vo\english(us)\157581541.wem","16046","15,67"
"158413004","158413004.wem","th4_000_common_vo\english(us)\158413004.wem","11836","11,56"
"159781536","159781536.wem","th4_000_common_vo\english(us)\159781536.wem","14128","13,8"
"159921588","159921588.wem","th4_000_common_vo\english(us)\159921588.wem","11611","11,34"
"161300527","161300527.wem","th4_000_common_vo\english(us)\161300527.wem","21098","20,6"
"162031974","162031974.wem","th4_000_common_vo\english(us)\162031974.wem","29412","28,72"
"162530994","162530994.wem","th4_000_common_vo\english(us)\162530994.wem","34850","34,03"
"162811341","162811341.wem","th4_000_common_vo\english(us)\162811341.wem","33472","32,69"
"163370250","163370250.wem","th4_000_common_vo\english(us)\163370250.wem","17833","17,42"
"164557132","164557132.wem","th4_000_common_vo\english(us)\164557132.wem","52413","51,18"
"165923554","165923554.wem","th4_000_common_vo\english(us)\165923554.wem","9159","8,94"
"166581581","166581581.wem","th4_000_common_vo\english(us)\166581581.wem","30102","29,4"
"167560200","167560200.wem","th4_000_common_vo\english(us)\167560200.wem","28366","27,7"
"167945959","167945959.wem","th4_000_common_vo\english(us)\167945959.wem","15338","14,98"
"168165222","168165222.wem","th4_000_common_vo\english(us)\168165222.wem","25832","25,23"
"169992522","169992522.wem","th4_000_common_vo\english(us)\169992522.wem","48001","46,88"
"170699724","170699724.wem","th4_000_common_vo\english(us)\170699724.wem","288731","281,96"
"170803105","170803105.wem","th4_000_common_vo\english(us)\170803105.wem","31091","30,36"
"174011257","174011257.wem","th4_000_common_vo\english(us)\174011257.wem","10578","10,33"
"174921470","174921470.wem","th4_000_common_vo\english(us)\174921470.wem","58071","56,71"
"175393690","175393690.wem","th4_000_common_vo\english(us)\175393690.wem","29796","29,1"
"175489343","175489343.wem","th4_000_common_vo\english(us)\175489343.wem","43016","42,01"
"176239191","176239191.wem","th4_000_common_vo\english(us)\176239191.wem","29067","28,39"
"176314973","176314973.wem","th4_000_common_vo\english(us)\176314973.wem","41111","40,15"
"179329367","179329367.wem","th4_000_common_vo\english(us)\179329367.wem","69994","68,35"
"181324910","181324910.wem","th4_000_common_vo\english(us)\181324910.wem","30273","29,56"
"181934843","181934843.wem","th4_000_common_vo\english(us)\181934843.wem","49311","48,16"
"181960664","181960664.wem","th4_000_common_vo\english(us)\181960664.wem","116735","114"
"182563901","182563901.wem","th4_000_common_vo\english(us)\182563901.wem","31880","31,13"
"182704058","182704058.wem","th4_000_common_vo\english(us)\182704058.wem","16663","16,27"
"182815024","182815024.wem","th4_000_common_vo\english(us)\182815024.wem","20177","19,7"
"183169828","183169828.wem","th4_000_common_vo\english(us)\183169828.wem","28818","28,14"
"184262414","184262414.wem","th4_000_common_vo\english(us)\184262414.wem","45174","44,12"
"184517543","184517543.wem","th4_000_common_vo\english(us)\184517543.wem","10543","10,3"
"184647666","184647666.wem","th4_000_common_vo\english(us)\184647666.wem","23780","23,22"
"185096493","185096493.wem","th4_000_common_vo\english(us)\185096493.wem","209897","204,98"
"185250707","185250707.wem","th4_000_common_vo\english(us)\185250707.wem","14027","13,7"
"185799516","185799516.wem","th4_000_common_vo\english(us)\185799516.wem","41884","40,9"
"186070293","186070293.wem","th4_000_common_vo\english(us)\186070293.wem","25019","24,43"
"187117794","187117794.wem","th4_000_common_vo\english(us)\187117794.wem","51982","50,76"
"187578096","187578096.wem","th4_000_common_vo\english(us)\187578096.wem","46241","45,16"
"187877902","187877902.wem","th4_000_common_vo\english(us)\187877902.wem","23061","22,52"
"191772834","191772834.wem","th4_000_common_vo\english(us)\191772834.wem","32590","31,83"
"192113431","192113431.wem","th4_000_common_vo\english(us)\192113431.wem","44245","43,21"
"192194498","192194498.wem","th4_000_common_vo\english(us)\192194498.wem","41402","40,43"
"192487085","192487085.wem","th4_000_common_vo\english(us)\192487085.wem","9338","9,12"
"192763684","192763684.wem","th4_000_common_vo\english(us)\192763684.wem","22041","21,52"
"194110632","194110632.wem","th4_000_common_vo\english(us)\194110632.wem","16918","16,52"
"194330409","194330409.wem","th4_000_common_vo\english(us)\194330409.wem","17225","16,82"
"195325266","195325266.wem","th4_000_common_vo\english(us)\195325266.wem","6785","6,63"
"195537923","195537923.wem","th4_000_common_vo\english(us)\195537923.wem","13151","12,84"
"196366528","196366528.wem","th4_000_common_vo\english(us)\196366528.wem","22243","21,72"
"196991802","196991802.wem","th4_000_common_vo\english(us)\196991802.wem","30074","29,37"
"197543547","197543547.wem","th4_000_common_vo\english(us)\197543547.wem","22054","21,54"
"197738680","197738680.wem","th4_000_common_vo\english(us)\197738680.wem","16314","15,93"
"198261962","198261962.wem","th4_000_common_vo\english(us)\198261962.wem","27545","26,9"
"198440592","198440592.wem","th4_000_common_vo\english(us)\198440592.wem","231216","225,8"
"199511651","199511651.wem","th4_000_common_vo\english(us)\199511651.wem","21826","21,31"
"200272434","200272434.wem","th4_000_common_vo\english(us)\200272434.wem","14024","13,7"
"201252940","201252940.wem","th4_000_common_vo\english(us)\201252940.wem","12647","12,35"
"201433572","201433572.wem","th4_000_common_vo\english(us)\201433572.wem","22477","21,95"
"201897175","201897175.wem","th4_000_common_vo\english(us)\201897175.wem","19390","18,94"
"202264735","202264735.wem","th4_000_common_vo\english(us)\202264735.wem","192133","187,63"
"202756120","202756120.wem","th4_000_common_vo\english(us)\202756120.wem","18746","18,31"
"204876013","204876013.wem","th4_000_common_vo\english(us)\204876013.wem","30315","29,6"
"206085556","206085556.wem","th4_000_common_vo\english(us)\206085556.wem","69546","67,92"
"206247569","206247569.wem","th4_000_common_vo\english(us)\206247569.wem","14893","14,54"
"206319454","206319454.wem","th4_000_common_vo\english(us)\206319454.wem","16870","16,47"
"206482288","206482288.wem","th4_000_common_vo\english(us)\206482288.wem","34296","33,49"
"206607860","206607860.wem","th4_000_common_vo\english(us)\206607860.wem","41671","40,69"
"208695542","208695542.wem","th4_000_common_vo\english(us)\208695542.wem","17063","16,66"
"210412192","210412192.wem","th4_000_common_vo\english(us)\210412192.wem","26586","25,96"
"211532930","211532930.wem","th4_000_common_vo\english(us)\211532930.wem","20443","19,96"
"211866321","211866321.wem","th4_000_common_vo\english(us)\211866321.wem","55798","54,49"
"212177027","212177027.wem","th4_000_common_vo\english(us)\212177027.wem","37393","36,52"
"212234175","212234175.wem","th4_000_common_vo\english(us)\212234175.wem","37502","36,62"
"213762010","213762010.wem","th4_000_common_vo\english(us)\213762010.wem","33499","32,71"
"214125137","214125137.wem","th4_000_common_vo\english(us)\214125137.wem","66390","64,83"
"215314467","215314467.wem","th4_000_common_vo\english(us)\215314467.wem","10897","10,64"
"216677552","216677552.wem","th4_000_common_vo\english(us)\216677552.wem","31477","30,74"
"218049326","218049326.wem","th4_000_common_vo\english(us)\218049326.wem","23920","23,36"
"218774231","218774231.wem","th4_000_common_vo\english(us)\218774231.wem","59477","58,08"
"219180708","219180708.wem","th4_000_common_vo\english(us)\219180708.wem","27577","26,93"
"219721614","219721614.wem","th4_000_common_vo\english(us)\219721614.wem","22421","21,9"
"219835625","219835625.wem","th4_000_common_vo\english(us)\219835625.wem","45356","44,29"
"221217876","221217876.wem","th4_000_common_vo\english(us)\221217876.wem","15697","15,33"
"222265191","222265191.wem","th4_000_common_vo\english(us)\222265191.wem","28588","27,92"
"222555717","222555717.wem","th4_000_common_vo\english(us)\222555717.wem","76866","75,06"
"223275476","223275476.wem","th4_000_common_vo\english(us)\223275476.wem","26582","25,96"
"223793026","223793026.wem","th4_000_common_vo\english(us)\223793026.wem","15631","15,26"
"224466364","224466364.wem","th4_000_common_vo\english(us)\224466364.wem","24732","24,15"
"225139994","225139994.wem","th4_000_common_vo\english(us)\225139994.wem","23014","22,47"
"226617786","226617786.wem","th4_000_common_vo\english(us)\226617786.wem","59286","57,9"
"227431214","227431214.wem","th4_000_common_vo\english(us)\227431214.wem","12825","12,52"
"227830401","227830401.wem","th4_000_common_vo\english(us)\227830401.wem","266615","260,37"
"228038233","228038233.wem","th4_000_common_vo\english(us)\228038233.wem","31617","30,88"
"230796911","230796911.wem","th4_000_common_vo\english(us)\230796911.wem","21868","21,36"
"231591266","231591266.wem","th4_000_common_vo\english(us)\231591266.wem","23452","22,9"
"231986273","231986273.wem","th4_000_common_vo\english(us)\231986273.wem","42053","41,07"
"232476450","232476450.wem","th4_000_common_vo\english(us)\232476450.wem","15670","15,3"
"233018484","233018484.wem","th4_000_common_vo\english(us)\233018484.wem","18488","18,05"
"233358959","233358959.wem","th4_000_common_vo\english(us)\233358959.wem","35181","34,36"
"233438342","233438342.wem","th4_000_common_vo\english(us)\233438342.wem","74990","73,23"
"233546027","233546027.wem","th4_000_common_vo\english(us)\233546027.wem","38409","37,51"
"234132063","234132063.wem","th4_000_common_vo\english(us)\234132063.wem","68152","66,55"
"234171837","234171837.wem","th4_000_common_vo\english(us)\234171837.wem","49255","48,1"
"237528681","237528681.wem","th4_000_common_vo\english(us)\237528681.wem","9803","9,57"
"238102054","238102054.wem","th4_000_common_vo\english(us)\238102054.wem","4822","4,71"
"239395106","239395106.wem","th4_000_common_vo\english(us)\239395106.wem","10191","9,95"
"240912965","240912965.wem","th4_000_common_vo\english(us)\240912965.wem","22229","21,71"
"242465059","242465059.wem","th4_000_common_vo\english(us)\242465059.wem","94192","91,98"
"243616231","243616231.wem","th4_000_common_vo\english(us)\243616231.wem","48792","47,65"
"244321865","244321865.wem","th4_000_common_vo\english(us)\244321865.wem","19242","18,79"
"246609026","246609026.wem","th4_000_common_vo\english(us)\246609026.wem","93446","91,26"
"246891663","246891663.wem","th4_000_common_vo\english(us)\246891663.wem","56791","55,46"
"248157971","248157971.wem","th4_000_common_vo\english(us)\248157971.wem","10241","10"
"250104555","250104555.wem","th4_000_common_vo\english(us)\250104555.wem","9869","9,64"
"252188113","252188113.wem","th4_000_common_vo\english(us)\252188113.wem","54004","52,74"
"252257032","252257032.wem","th4_000_common_vo\english(us)\252257032.wem","38838","37,93"
"252305306","252305306.wem","th4_000_common_vo\english(us)\252305306.wem","13275","12,96"
"253103376","253103376.wem","th4_000_common_vo\english(us)\253103376.wem","23938","23,38"
"253212335","253212335.wem","th4_000_common_vo\english(us)\253212335.wem","9850","9,62"
"253463471","253463471.wem","th4_000_common_vo\english(us)\253463471.wem","46587","45,5"
"255875212","255875212.wem","th4_000_common_vo\english(us)\255875212.wem","58703","57,33"
"257763145","257763145.wem","th4_000_common_vo\english(us)\257763145.wem","14903","14,55"
"258432156","258432156.wem","th4_000_common_vo\english(us)\258432156.wem","46109","45,03"
"258438692","258438692.wem","th4_000_common_vo\english(us)\258438692.wem","71089","69,42"
"258541100","258541100.wem","th4_000_common_vo\english(us)\258541100.wem","50056","48,88"
"260783562","260783562.wem","th4_000_common_vo\english(us)\260783562.wem","60417","59"
"262509221","262509221.wem","th4_000_common_vo\english(us)\262509221.wem","27389","26,75"
"262650098","262650098.wem","th4_000_common_vo\english(us)\262650098.wem","24288","23,72"
"264318605","264318605.wem","th4_000_common_vo\english(us)\264318605.wem","13949","13,62"
"264429072","264429072.wem","th4_000_common_vo\english(us)\264429072.wem","41659","40,68"
"264889363","264889363.wem","th4_000_common_vo\english(us)\264889363.wem","12100","11,82"
"265251714","265251714.wem","th4_000_common_vo\english(us)\265251714.wem","37642","36,76"
"268025381","268025381.wem","th4_000_common_vo\english(us)\268025381.wem","34800","33,98"
"268592622","268592622.wem","th4_000_common_vo\english(us)\268592622.wem","63123","61,64"
"270191836","270191836.wem","th4_000_common_vo\english(us)\270191836.wem","13904","13,58"
"270299190","270299190.wem","th4_000_common_vo\english(us)\270299190.wem","6324","6,18"
"271969660","271969660.wem","th4_000_common_vo\english(us)\271969660.wem","17993","17,57"
"272200703","272200703.wem","th4_000_common_vo\english(us)\272200703.wem","9411","9,19"
"272253548","272253548.wem","th4_000_common_vo\english(us)\272253548.wem","17323","16,92"
"272522425","272522425.wem","th4_000_common_vo\english(us)\272522425.wem","29248","28,56"
"272603742","272603742.wem","th4_000_common_vo\english(us)\272603742.wem","10592","10,34"
"272772371","272772371.wem","th4_000_common_vo\english(us)\272772371.wem","14118","13,79"
"273544445","273544445.wem","th4_000_common_vo\english(us)\273544445.wem","7078","6,91"
"273701221","273701221.wem","th4_000_common_vo\english(us)\273701221.wem","6961","6,8"
"276506526","276506526.wem","th4_000_common_vo\english(us)\276506526.wem","26470","25,85"
"278962303","278962303.wem","th4_000_common_vo\english(us)\278962303.wem","92080","89,92"
"281326780","281326780.wem","th4_000_common_vo\english(us)\281326780.wem","92552","90,38"
"282305378","282305378.wem","th4_000_common_vo\english(us)\282305378.wem","31435","30,7"
"284086785","284086785.wem","th4_000_common_vo\english(us)\284086785.wem","13699","13,38"
"285381545","285381545.wem","th4_000_common_vo\english(us)\285381545.wem","49254","48,1"
"285607759","285607759.wem","th4_000_common_vo\english(us)\285607759.wem","216534","211,46"
"286033145","286033145.wem","th4_000_common_vo\english(us)\286033145.wem","79791","77,92"
"286377453","286377453.wem","th4_000_common_vo\english(us)\286377453.wem","25617","25,02"
"286756205","286756205.wem","th4_000_common_vo\english(us)\286756205.wem","13026","12,72"
"287207942","287207942.wem","th4_000_common_vo\english(us)\287207942.wem","31761","31,02"
"287735083","287735083.wem","th4_000_common_vo\english(us)\287735083.wem","14253","13,92"
"287830862","287830862.wem","th4_000_common_vo\english(us)\287830862.wem","39293","38,37"
"288149885","288149885.wem","th4_000_common_vo\english(us)\288149885.wem","36046","35,2"
"289770978","289770978.wem","th4_000_common_vo\english(us)\289770978.wem","23033","22,49"
"289836723","289836723.wem","th4_000_common_vo\english(us)\289836723.wem","33184","32,41"
"290922556","290922556.wem","th4_000_common_vo\english(us)\290922556.wem","26504","25,88"
"291791478","291791478.wem","th4_000_common_vo\english(us)\291791478.wem","29467","28,78"
"291892974","291892974.wem","th4_000_common_vo\english(us)\291892974.wem","70033","68,39"
"291902255","291902255.wem","th4_000_common_vo\english(us)\291902255.wem","7339","7,17"
"292303274","292303274.wem","th4_000_common_vo\english(us)\292303274.wem","9004","8,79"
"293295906","293295906.wem","th4_000_common_vo\english(us)\293295906.wem","33683","32,89"
"294748920","294748920.wem","th4_000_common_vo\english(us)\294748920.wem","52379","51,15"
"295197945","295197945.wem","th4_000_common_vo\english(us)\295197945.wem","24621","24,04"
"295402180","295402180.wem","th4_000_common_vo\english(us)\295402180.wem","38249","37,35"
"295484415","295484415.wem","th4_000_common_vo\english(us)\295484415.wem","46598","45,51"
"296028953","296028953.wem","th4_000_common_vo\english(us)\296028953.wem","22247","21,73"
"296620762","296620762.wem","th4_000_common_vo\english(us)\296620762.wem","18233","17,81"
"297588063","297588063.wem","th4_000_common_vo\english(us)\297588063.wem","39107","38,19"
"298554319","298554319.wem","th4_000_common_vo\english(us)\298554319.wem","12018","11,74"
"299312186","299312186.wem","th4_000_common_vo\english(us)\299312186.wem","28252","27,59"
"299604590","299604590.wem","th4_000_common_vo\english(us)\299604590.wem","14886","14,54"
"300465557","300465557.wem","th4_000_common_vo\english(us)\300465557.wem","18028","17,61"
"300764624","300764624.wem","th4_000_common_vo\english(us)\300764624.wem","35971","35,13"
"301281303","301281303.wem","th4_000_common_vo\english(us)\301281303.wem","34581","33,77"
"301847788","301847788.wem","th4_000_common_vo\english(us)\301847788.wem","17935","17,51"
"302855129","302855129.wem","th4_000_common_vo\english(us)\302855129.wem","26952","26,32"
"303752298","303752298.wem","th4_000_common_vo\english(us)\303752298.wem","40592","39,64"
"305371706","305371706.wem","th4_000_common_vo\english(us)\305371706.wem","23423","22,87"
"307942064","307942064.wem","th4_000_common_vo\english(us)\307942064.wem","39058","38,14"
"310717457","310717457.wem","th4_000_common_vo\english(us)\310717457.wem","54369","53,09"
"312358803","312358803.wem","th4_000_common_vo\english(us)\312358803.wem","39003","38,09"
"313851490","313851490.wem","th4_000_common_vo\english(us)\313851490.wem","109850","107,28"
"314504782","314504782.wem","th4_000_common_vo\english(us)\314504782.wem","6786","6,63"
"315025654","315025654.wem","th4_000_common_vo\english(us)\315025654.wem","353152","344,88"
"315933206","315933206.wem","th4_000_common_vo\english(us)\315933206.wem","10119","9,88"
"316454681","316454681.wem","th4_000_common_vo\english(us)\316454681.wem","300366","293,33"
"317399096","317399096.wem","th4_000_common_vo\english(us)\317399096.wem","12162","11,88"
"321690469","321690469.wem","th4_000_common_vo\english(us)\321690469.wem","15402","15,04"
"322706511","322706511.wem","th4_000_common_vo\english(us)\322706511.wem","33580","32,79"
"323532677","323532677.wem","th4_000_common_vo\english(us)\323532677.wem","10538","10,29"
"323978565","323978565.wem","th4_000_common_vo\english(us)\323978565.wem","16453","16,07"
"323982226","323982226.wem","th4_000_common_vo\english(us)\323982226.wem","111411","108,8"
"324025043","324025043.wem","th4_000_common_vo\english(us)\324025043.wem","10262","10,02"
"324163942","324163942.wem","th4_000_common_vo\english(us)\324163942.wem","90254","88,14"
"324489994","324489994.wem","th4_000_common_vo\english(us)\324489994.wem","178521","174,34"
"326337733","326337733.wem","th4_000_common_vo\english(us)\326337733.wem","44055","43,02"
"327111786","327111786.wem","th4_000_common_vo\english(us)\327111786.wem","23755","23,2"
"327225481","327225481.wem","th4_000_common_vo\english(us)\327225481.wem","54235","52,96"
"329734131","329734131.wem","th4_000_common_vo\english(us)\329734131.wem","49231","48,08"
"330995421","330995421.wem","th4_000_common_vo\english(us)\330995421.wem","16336","15,95"
"332168452","332168452.wem","th4_000_common_vo\english(us)\332168452.wem","18377","17,95"
"334279646","334279646.wem","th4_000_common_vo\english(us)\334279646.wem","46569","45,48"
"334746582","334746582.wem","th4_000_common_vo\english(us)\334746582.wem","6968","6,8"
"335569914","335569914.wem","th4_000_common_vo\english(us)\335569914.wem","35549","34,72"
"336164338","336164338.wem","th4_000_common_vo\english(us)\336164338.wem","18627","18,19"
"336600463","336600463.wem","th4_000_common_vo\english(us)\336600463.wem","19553","19,09"
"336643644","336643644.wem","th4_000_common_vo\english(us)\336643644.wem","33464","32,68"
"336743785","336743785.wem","th4_000_common_vo\english(us)\336743785.wem","36317","35,47"
"337206063","337206063.wem","th4_000_common_vo\english(us)\337206063.wem","13989","13,66"
"338048439","338048439.wem","th4_000_common_vo\english(us)\338048439.wem","34561","33,75"
"338807096","338807096.wem","th4_000_common_vo\english(us)\338807096.wem","30389","29,68"
"339751913","339751913.wem","th4_000_common_vo\english(us)\339751913.wem","13885","13,56"
"342371862","342371862.wem","th4_000_common_vo\english(us)\342371862.wem","18183","17,76"
"344423814","344423814.wem","th4_000_common_vo\english(us)\344423814.wem","8910","8,7"
"344561946","344561946.wem","th4_000_common_vo\english(us)\344561946.wem","20413","19,93"
"344949174","344949174.wem","th4_000_common_vo\english(us)\344949174.wem","25189","24,6"
"345019061","345019061.wem","th4_000_common_vo\english(us)\345019061.wem","32665","31,9"
"346829381","346829381.wem","th4_000_common_vo\english(us)\346829381.wem","26152","25,54"
"348578007","348578007.wem","th4_000_common_vo\english(us)\348578007.wem","9406","9,19"
"348670091","348670091.wem","th4_000_common_vo\english(us)\348670091.wem","25942","25,33"
"351957581","351957581.wem","th4_000_common_vo\english(us)\351957581.wem","59908","58,5"
"352232437","352232437.wem","th4_000_common_vo\english(us)\352232437.wem","13697","13,38"
"352352022","352352022.wem","th4_000_common_vo\english(us)\352352022.wem","23859","23,3"
"353841134","353841134.wem","th4_000_common_vo\english(us)\353841134.wem","143002","139,65"
"354668928","354668928.wem","th4_000_common_vo\english(us)\354668928.wem","22367","21,84"
"357489160","357489160.wem","th4_000_common_vo\english(us)\357489160.wem","29996","29,29"
"358279764","358279764.wem","th4_000_common_vo\english(us)\358279764.wem","16371","15,99"
"359231875","359231875.wem","th4_000_common_vo\english(us)\359231875.wem","17715","17,3"
"359297207","359297207.wem","th4_000_common_vo\english(us)\359297207.wem","38391","37,49"
"359395123","359395123.wem","th4_000_common_vo\english(us)\359395123.wem","22824","22,29"
"360887369","360887369.wem","th4_000_common_vo\english(us)\360887369.wem","11296","11,03"
"361924852","361924852.wem","th4_000_common_vo\english(us)\361924852.wem","28294","27,63"
"365060074","365060074.wem","th4_000_common_vo\english(us)\365060074.wem","31756","31,01"
"366751104","366751104.wem","th4_000_common_vo\english(us)\366751104.wem","20070","19,6"
"366831874","366831874.wem","th4_000_common_vo\english(us)\366831874.wem","32369","31,61"
"366957376","366957376.wem","th4_000_common_vo\english(us)\366957376.wem","44757","43,71"
"367107921","367107921.wem","th4_000_common_vo\english(us)\367107921.wem","7228","7,06"
"367584962","367584962.wem","th4_000_common_vo\english(us)\367584962.wem","23192","22,65"
"368819908","368819908.wem","th4_000_common_vo\english(us)\368819908.wem","11892","11,61"
"371295396","371295396.wem","th4_000_common_vo\english(us)\371295396.wem","34525","33,72"
"371394614","371394614.wem","th4_000_common_vo\english(us)\371394614.wem","74367","72,62"
"372538656","372538656.wem","th4_000_common_vo\english(us)\372538656.wem","33903","33,11"
"374069543","374069543.wem","th4_000_common_vo\english(us)\374069543.wem","22434","21,91"
"374071736","374071736.wem","th4_000_common_vo\english(us)\374071736.wem","25689","25,09"
"374410794","374410794.wem","th4_000_common_vo\english(us)\374410794.wem","10854","10,6"
"375133198","375133198.wem","th4_000_common_vo\english(us)\375133198.wem","47577","46,46"
"376272801","376272801.wem","th4_000_common_vo\english(us)\376272801.wem","32513","31,75"
"376568401","376568401.wem","th4_000_common_vo\english(us)\376568401.wem","19668","19,21"
"377506577","377506577.wem","th4_000_common_vo\english(us)\377506577.wem","26844","26,21"
"382335453","382335453.wem","th4_000_common_vo\english(us)\382335453.wem","31542","30,8"
"382402011","382402011.wem","th4_000_common_vo\english(us)\382402011.wem","74569","72,82"
"383557193","383557193.wem","th4_000_common_vo\english(us)\383557193.wem","69583","67,95"
"383786923","383786923.wem","th4_000_common_vo\english(us)\383786923.wem","19491","19,03"
"384020408","384020408.wem","th4_000_common_vo\english(us)\384020408.wem","43615","42,59"
"385288379","385288379.wem","th4_000_common_vo\english(us)\385288379.wem","6010","5,87"
"387708242","387708242.wem","th4_000_common_vo\english(us)\387708242.wem","22058","21,54"
"388419407","388419407.wem","th4_000_common_vo\english(us)\388419407.wem","51029","49,83"
"393504504","393504504.wem","th4_000_common_vo\english(us)\393504504.wem","16915","16,52"
"393759497","393759497.wem","th4_000_common_vo\english(us)\393759497.wem","46320","45,23"
"393960277","393960277.wem","th4_000_common_vo\english(us)\393960277.wem","51130","49,93"
"394444490","394444490.wem","th4_000_common_vo\english(us)\394444490.wem","26214","25,6"
"394844575","394844575.wem","th4_000_common_vo\english(us)\394844575.wem","40535","39,58"
"396856693","396856693.wem","th4_000_common_vo\english(us)\396856693.wem","37711","36,83"
"398622759","398622759.wem","th4_000_common_vo\english(us)\398622759.wem","54677","53,4"
"400137489","400137489.wem","th4_000_common_vo\english(us)\400137489.wem","7057","6,89"
"400720740","400720740.wem","th4_000_common_vo\english(us)\400720740.wem","6932","6,77"
"401643321","401643321.wem","th4_000_common_vo\english(us)\401643321.wem","16356","15,97"
"401770030","401770030.wem","th4_000_common_vo\english(us)\401770030.wem","56979","55,64"
"402148274","402148274.wem","th4_000_common_vo\english(us)\402148274.wem","10316","10,07"
"403731769","403731769.wem","th4_000_common_vo\english(us)\403731769.wem","24117","23,55"
"404788835","404788835.wem","th4_000_common_vo\english(us)\404788835.wem","38676","37,77"
"405488693","405488693.wem","th4_000_common_vo\english(us)\405488693.wem","45442","44,38"
"406532239","406532239.wem","th4_000_common_vo\english(us)\406532239.wem","58263","56,9"
"408545271","408545271.wem","th4_000_common_vo\english(us)\408545271.wem","17080","16,68"
"409047569","409047569.wem","th4_000_common_vo\english(us)\409047569.wem","10722","10,47"
"410268385","410268385.wem","th4_000_common_vo\english(us)\410268385.wem","36526","35,67"
"410333338","410333338.wem","th4_000_common_vo\english(us)\410333338.wem","13545","13,23"
"410655110","410655110.wem","th4_000_common_vo\english(us)\410655110.wem","43885","42,86"
"411497555","411497555.wem","th4_000_common_vo\english(us)\411497555.wem","24355","23,78"
"412020070","412020070.wem","th4_000_common_vo\english(us)\412020070.wem","12924","12,62"
"415162792","415162792.wem","th4_000_common_vo\english(us)\415162792.wem","11233","10,97"
"415572436","415572436.wem","th4_000_common_vo\english(us)\415572436.wem","68264","66,66"
"415978962","415978962.wem","th4_000_common_vo\english(us)\415978962.wem","11318","11,05"
"415979427","415979427.wem","th4_000_common_vo\english(us)\415979427.wem","43075","42,07"
"417027039","417027039.wem","th4_000_common_vo\english(us)\417027039.wem","48870","47,72"
"417658502","417658502.wem","th4_000_common_vo\english(us)\417658502.wem","22492","21,96"
"418024896","418024896.wem","th4_000_common_vo\english(us)\418024896.wem","50055","48,88"
"419074368","419074368.wem","th4_000_common_vo\english(us)\419074368.wem","13656","13,34"
"423576560","423576560.wem","th4_000_common_vo\english(us)\423576560.wem","13329","13,02"
"424842952","424842952.wem","th4_000_common_vo\english(us)\424842952.wem","88289","86,22"
"428355477","428355477.wem","th4_000_common_vo\english(us)\428355477.wem","21799","21,29"
"429713486","429713486.wem","th4_000_common_vo\english(us)\429713486.wem","6210","6,06"
"429842192","429842192.wem","th4_000_common_vo\english(us)\429842192.wem","67266","65,69"
"430086978","430086978.wem","th4_000_common_vo\english(us)\430086978.wem","16021","15,65"
"430911117","430911117.wem","th4_000_common_vo\english(us)\430911117.wem","20566","20,08"
"431294283","431294283.wem","th4_000_common_vo\english(us)\431294283.wem","26991","26,36"
"431430945","431430945.wem","th4_000_common_vo\english(us)\431430945.wem","9731","9,5"
"431481085","431481085.wem","th4_000_common_vo\english(us)\431481085.wem","64360","62,85"
"431551151","431551151.wem","th4_000_common_vo\english(us)\431551151.wem","113444","110,79"
"432000320","432000320.wem","th4_000_common_vo\english(us)\432000320.wem","10906","10,65"
"433222527","433222527.wem","th4_000_common_vo\english(us)\433222527.wem","45630","44,56"
"433983910","433983910.wem","th4_000_common_vo\english(us)\433983910.wem","18501","18,07"
"434389044","434389044.wem","th4_000_common_vo\english(us)\434389044.wem","6922","6,76"
"438170191","438170191.wem","th4_000_common_vo\english(us)\438170191.wem","19694","19,23"
"439504169","439504169.wem","th4_000_common_vo\english(us)\439504169.wem","41613","40,64"
"439812956","439812956.wem","th4_000_common_vo\english(us)\439812956.wem","7060","6,89"
"439818420","439818420.wem","th4_000_common_vo\english(us)\439818420.wem","28388","27,72"
"439964722","439964722.wem","th4_000_common_vo\english(us)\439964722.wem","7857","7,67"
"441080534","441080534.wem","th4_000_common_vo\english(us)\441080534.wem","53213","51,97"
"441093314","441093314.wem","th4_000_common_vo\english(us)\441093314.wem","8957","8,75"
"441636163","441636163.wem","th4_000_common_vo\english(us)\441636163.wem","11305","11,04"
"441969863","441969863.wem","th4_000_common_vo\english(us)\441969863.wem","41739","40,76"
"442044236","442044236.wem","th4_000_common_vo\english(us)\442044236.wem","8274","8,08"
"443826166","443826166.wem","th4_000_common_vo\english(us)\443826166.wem","21627","21,12"
"444357559","444357559.wem","th4_000_common_vo\english(us)\444357559.wem","20203","19,73"
"446263000","446263000.wem","th4_000_common_vo\english(us)\446263000.wem","34873","34,06"
"448827065","448827065.wem","th4_000_common_vo\english(us)\448827065.wem","24411","23,84"
"449583122","449583122.wem","th4_000_common_vo\english(us)\449583122.wem","46351","45,26"
"449603267","449603267.wem","th4_000_common_vo\english(us)\449603267.wem","98189","95,89"
"450167022","450167022.wem","th4_000_common_vo\english(us)\450167022.wem","13273","12,96"
"451636995","451636995.wem","th4_000_common_vo\english(us)\451636995.wem","35710","34,87"
"451974591","451974591.wem","th4_000_common_vo\english(us)\451974591.wem","78745","76,9"
"452233968","452233968.wem","th4_000_common_vo\english(us)\452233968.wem","31588","30,85"
"452594030","452594030.wem","th4_000_common_vo\english(us)\452594030.wem","50327","49,15"
"452907922","452907922.wem","th4_000_common_vo\english(us)\452907922.wem","22722","22,19"
"453883104","453883104.wem","th4_000_common_vo\english(us)\453883104.wem","22619","22,09"
"458898376","458898376.wem","th4_000_common_vo\english(us)\458898376.wem","19938","19,47"
"458958901","458958901.wem","th4_000_common_vo\english(us)\458958901.wem","61395","59,96"
"460416727","460416727.wem","th4_000_common_vo\english(us)\460416727.wem","42079","41,09"
"461263734","461263734.wem","th4_000_common_vo\english(us)\461263734.wem","32426","31,67"
"461795631","461795631.wem","th4_000_common_vo\english(us)\461795631.wem","74296","72,55"
"462415706","462415706.wem","th4_000_common_vo\english(us)\462415706.wem","96114","93,86"
"463698316","463698316.wem","th4_000_common_vo\english(us)\463698316.wem","36125","35,28"
"465528367","465528367.wem","th4_000_common_vo\english(us)\465528367.wem","51835","50,62"
"465789938","465789938.wem","th4_000_common_vo\english(us)\465789938.wem","32468","31,71"
"465962432","465962432.wem","th4_000_common_vo\english(us)\465962432.wem","11928","11,65"
"466008262","466008262.wem","th4_000_common_vo\english(us)\466008262.wem","22673","22,14"
"467069342","467069342.wem","th4_000_common_vo\english(us)\467069342.wem","19971","19,5"
"468166270","468166270.wem","th4_000_common_vo\english(us)\468166270.wem","241041","235,39"
"470175939","470175939.wem","th4_000_common_vo\english(us)\470175939.wem","22719","22,19"
"470716356","470716356.wem","th4_000_common_vo\english(us)\470716356.wem","25237","24,65"
"471584944","471584944.wem","th4_000_common_vo\english(us)\471584944.wem","55561","54,26"
"471755574","471755574.wem","th4_000_common_vo\english(us)\471755574.wem","62948","61,47"
"471866784","471866784.wem","th4_000_common_vo\english(us)\471866784.wem","8143","7,95"
"472341349","472341349.wem","th4_000_common_vo\english(us)\472341349.wem","84461","82,48"
"473254968","473254968.wem","th4_000_common_vo\english(us)\473254968.wem","47359","46,25"
"474078733","474078733.wem","th4_000_common_vo\english(us)\474078733.wem","27713","27,06"
"474328726","474328726.wem","th4_000_common_vo\english(us)\474328726.wem","34924","34,11"
"474969243","474969243.wem","th4_000_common_vo\english(us)\474969243.wem","37946","37,06"
"475146708","475146708.wem","th4_000_common_vo\english(us)\475146708.wem","31730","30,99"
"475355609","475355609.wem","th4_000_common_vo\english(us)\475355609.wem","42751","41,75"
"478782204","478782204.wem","th4_000_common_vo\english(us)\478782204.wem","46540","45,45"
"481015795","481015795.wem","th4_000_common_vo\english(us)\481015795.wem","26877","26,25"
"481209477","481209477.wem","th4_000_common_vo\english(us)\481209477.wem","34105","33,31"
"481223653","481223653.wem","th4_000_common_vo\english(us)\481223653.wem","29032","28,35"
"482232445","482232445.wem","th4_000_common_vo\english(us)\482232445.wem","113230","110,58"
"483044510","483044510.wem","th4_000_common_vo\english(us)\483044510.wem","30790","30,07"
"483424404","483424404.wem","th4_000_common_vo\english(us)\483424404.wem","12914","12,61"
"485350741","485350741.wem","th4_000_common_vo\english(us)\485350741.wem","40228","39,29"
"486401047","486401047.wem","th4_000_common_vo\english(us)\486401047.wem","45549","44,48"
"486413675","486413675.wem","th4_000_common_vo\english(us)\486413675.wem","19480","19,02"
"486742604","486742604.wem","th4_000_common_vo\english(us)\486742604.wem","67625","66,04"
"488360730","488360730.wem","th4_000_common_vo\english(us)\488360730.wem","24327","23,76"
"490282974","490282974.wem","th4_000_common_vo\english(us)\490282974.wem","41488","40,52"
"491564024","491564024.wem","th4_000_common_vo\english(us)\491564024.wem","53013","51,77"
"492451819","492451819.wem","th4_000_common_vo\english(us)\492451819.wem","28375","27,71"
"493162889","493162889.wem","th4_000_common_vo\english(us)\493162889.wem","16099","15,72"
"493670512","493670512.wem","th4_000_common_vo\english(us)\493670512.wem","82540","80,61"
"493722911","493722911.wem","th4_000_common_vo\english(us)\493722911.wem","44282","43,24"
"494989785","494989785.wem","th4_000_common_vo\english(us)\494989785.wem","23559","23,01"
"495764015","495764015.wem","th4_000_common_vo\english(us)\495764015.wem","20535","20,05"
"495882292","495882292.wem","th4_000_common_vo\english(us)\495882292.wem","14659","14,32"
"496330691","496330691.wem","th4_000_common_vo\english(us)\496330691.wem","26415","25,8"
"496373118","496373118.wem","th4_000_common_vo\english(us)\496373118.wem","16313","15,93"
"499650297","499650297.wem","th4_000_common_vo\english(us)\499650297.wem","26805","26,18"
"500049807","500049807.wem","th4_000_common_vo\english(us)\500049807.wem","145339","141,93"
"503314529","503314529.wem","th4_000_common_vo\english(us)\503314529.wem","47251","46,14"
"503484683","503484683.wem","th4_000_common_vo\english(us)\503484683.wem","41852","40,87"
"503584387","503584387.wem","th4_000_common_vo\english(us)\503584387.wem","9329","9,11"
"504253636","504253636.wem","th4_000_common_vo\english(us)\504253636.wem","9034","8,82"
"505575962","505575962.wem","th4_000_common_vo\english(us)\505575962.wem","36612","35,75"
"505642874","505642874.wem","th4_000_common_vo\english(us)\505642874.wem","47557","46,44"
"506104412","506104412.wem","th4_000_common_vo\english(us)\506104412.wem","62981","61,5"
"506775474","506775474.wem","th4_000_common_vo\english(us)\506775474.wem","33861","33,07"
"507868355","507868355.wem","th4_000_common_vo\english(us)\507868355.wem","38516","37,61"
"508042368","508042368.wem","th4_000_common_vo\english(us)\508042368.wem","25580","24,98"
"508384238","508384238.wem","th4_000_common_vo\english(us)\508384238.wem","23841","23,28"
"508418172","508418172.wem","th4_000_common_vo\english(us)\508418172.wem","20324","19,85"
"509150225","509150225.wem","th4_000_common_vo\english(us)\509150225.wem","21138","20,64"
"511031568","511031568.wem","th4_000_common_vo\english(us)\511031568.wem","19242","18,79"
"511045932","511045932.wem","th4_000_common_vo\english(us)\511045932.wem","44433","43,39"
"512180737","512180737.wem","th4_000_common_vo\english(us)\512180737.wem","33781","32,99"
"513712278","513712278.wem","th4_000_common_vo\english(us)\513712278.wem","32419","31,66"
"514246346","514246346.wem","th4_000_common_vo\english(us)\514246346.wem","17009","16,61"
"516151388","516151388.wem","th4_000_common_vo\english(us)\516151388.wem","22157","21,64"
"518039797","518039797.wem","th4_000_common_vo\english(us)\518039797.wem","13289","12,98"
"520292044","520292044.wem","th4_000_common_vo\english(us)\520292044.wem","29683","28,99"
"522342351","522342351.wem","th4_000_common_vo\english(us)\522342351.wem","29287","28,6"
"525609901","525609901.wem","th4_000_common_vo\english(us)\525609901.wem","66688","65,12"
"526885551","526885551.wem","th4_000_common_vo\english(us)\526885551.wem","10178","9,94"
"528120439","528120439.wem","th4_000_common_vo\english(us)\528120439.wem","21858","21,35"
"528151165","528151165.wem","th4_000_common_vo\english(us)\528151165.wem","9576","9,35"
"529048438","529048438.wem","th4_000_common_vo\english(us)\529048438.wem","13824","13,5"
"529146015","529146015.wem","th4_000_common_vo\english(us)\529146015.wem","23991","23,43"
"529421949","529421949.wem","th4_000_common_vo\english(us)\529421949.wem","18945","18,5"
"529627824","529627824.wem","th4_000_common_vo\english(us)\529627824.wem","44500","43,46"
"530181021","530181021.wem","th4_000_common_vo\english(us)\530181021.wem","26059","25,45"
"530397980","530397980.wem","th4_000_common_vo\english(us)\530397980.wem","32426","31,67"
"530692136","530692136.wem","th4_000_common_vo\english(us)\530692136.wem","56525","55,2"
"530969235","530969235.wem","th4_000_common_vo\english(us)\530969235.wem","10979","10,72"
"531151495","531151495.wem","th4_000_common_vo\english(us)\531151495.wem","18945","18,5"
"531535501","531535501.wem","th4_000_common_vo\english(us)\531535501.wem","18043","17,62"
"534780668","534780668.wem","th4_000_common_vo\english(us)\534780668.wem","11996","11,71"
"536079640","536079640.wem","th4_000_common_vo\english(us)\536079640.wem","13197","12,89"
"536154943","536154943.wem","th4_000_common_vo\english(us)\536154943.wem","137969","134,74"
"536489072","536489072.wem","th4_000_common_vo\english(us)\536489072.wem","19969","19,5"
"537768246","537768246.wem","th4_000_common_vo\english(us)\537768246.wem","12967","12,66"
"538302831","538302831.wem","th4_000_common_vo\english(us)\538302831.wem","34744","33,93"
"540348542","540348542.wem","th4_000_common_vo\english(us)\540348542.wem","27328","26,69"
"541461070","541461070.wem","th4_000_common_vo\english(us)\541461070.wem","8354","8,16"
"545435231","545435231.wem","th4_000_common_vo\english(us)\545435231.wem","33967","33,17"
"545688649","545688649.wem","th4_000_common_vo\english(us)\545688649.wem","31338","30,6"
"546071994","546071994.wem","th4_000_common_vo\english(us)\546071994.wem","33921","33,13"
"546302932","546302932.wem","th4_000_common_vo\english(us)\546302932.wem","33005","32,23"
"547039271","547039271.wem","th4_000_common_vo\english(us)\547039271.wem","12650","12,35"
"548195936","548195936.wem","th4_000_common_vo\english(us)\548195936.wem","32700","31,93"
"548631672","548631672.wem","th4_000_common_vo\english(us)\548631672.wem","36508","35,65"
"549141893","549141893.wem","th4_000_common_vo\english(us)\549141893.wem","34141","33,34"
"551136483","551136483.wem","th4_000_common_vo\english(us)\551136483.wem","42429","41,43"
"553050431","553050431.wem","th4_000_common_vo\english(us)\553050431.wem","57066","55,73"
"556011718","556011718.wem","th4_000_common_vo\english(us)\556011718.wem","39908","38,97"
"556780192","556780192.wem","th4_000_common_vo\english(us)\556780192.wem","17357","16,95"
"557983551","557983551.wem","th4_000_common_vo\english(us)\557983551.wem","27681","27,03"
"558462656","558462656.wem","th4_000_common_vo\english(us)\558462656.wem","17385","16,98"
"560660796","560660796.wem","th4_000_common_vo\english(us)\560660796.wem","15168","14,81"
"560912128","560912128.wem","th4_000_common_vo\english(us)\560912128.wem","8314","8,12"
"561015116","561015116.wem","th4_000_common_vo\english(us)\561015116.wem","13253","12,94"
"561127797","561127797.wem","th4_000_common_vo\english(us)\561127797.wem","32059","31,31"
"561179109","561179109.wem","th4_000_common_vo\english(us)\561179109.wem","48493","47,36"
"561621684","561621684.wem","th4_000_common_vo\english(us)\561621684.wem","91343","89,2"
"564389244","564389244.wem","th4_000_common_vo\english(us)\564389244.wem","42507","41,51"
"564398809","564398809.wem","th4_000_common_vo\english(us)\564398809.wem","33926","33,13"
"564551233","564551233.wem","th4_000_common_vo\english(us)\564551233.wem","8292","8,1"
"565565952","565565952.wem","th4_000_common_vo\english(us)\565565952.wem","25606","25,01"
"566090492","566090492.wem","th4_000_common_vo\english(us)\566090492.wem","12966","12,66"
"566110703","566110703.wem","th4_000_common_vo\english(us)\566110703.wem","13353","13,04"
"567927241","567927241.wem","th4_000_common_vo\english(us)\567927241.wem","47143","46,04"
"568173431","568173431.wem","th4_000_common_vo\english(us)\568173431.wem","11449","11,18"
"572354245","572354245.wem","th4_000_common_vo\english(us)\572354245.wem","22381","21,86"
"575396518","575396518.wem","th4_000_common_vo\english(us)\575396518.wem","14813","14,47"
"577440984","577440984.wem","th4_000_common_vo\english(us)\577440984.wem","17738","17,32"
"578006395","578006395.wem","th4_000_common_vo\english(us)\578006395.wem","14982","14,63"
"578164637","578164637.wem","th4_000_common_vo\english(us)\578164637.wem","29512","28,82"
"578507687","578507687.wem","th4_000_common_vo\english(us)\578507687.wem","61480","60,04"
"578909285","578909285.wem","th4_000_common_vo\english(us)\578909285.wem","22562","22,03"
"579137320","579137320.wem","th4_000_common_vo\english(us)\579137320.wem","23256","22,71"
"579883385","579883385.wem","th4_000_common_vo\english(us)\579883385.wem","20067","19,6"
"580642956","580642956.wem","th4_000_common_vo\english(us)\580642956.wem","26073","25,46"
"581175625","581175625.wem","th4_000_common_vo\english(us)\581175625.wem","23488","22,94"
"581710097","581710097.wem","th4_000_common_vo\english(us)\581710097.wem","10327","10,08"
"582033018","582033018.wem","th4_000_common_vo\english(us)\582033018.wem","70632","68,98"
"583111496","583111496.wem","th4_000_common_vo\english(us)\583111496.wem","12112","11,83"
"583113460","583113460.wem","th4_000_common_vo\english(us)\583113460.wem","19196","18,75"
"583398930","583398930.wem","th4_000_common_vo\english(us)\583398930.wem","49137","47,99"
"583620332","583620332.wem","th4_000_common_vo\english(us)\583620332.wem","52201","50,98"
"585322642","585322642.wem","th4_000_common_vo\english(us)\585322642.wem","5626","5,49"
"585691051","585691051.wem","th4_000_common_vo\english(us)\585691051.wem","38882","37,97"
"586977885","586977885.wem","th4_000_common_vo\english(us)\586977885.wem","37042","36,17"
"588927754","588927754.wem","th4_000_common_vo\english(us)\588927754.wem","17891","17,47"
"589104479","589104479.wem","th4_000_common_vo\english(us)\589104479.wem","102829","100,42"
"589192513","589192513.wem","th4_000_common_vo\english(us)\589192513.wem","31778","31,03"
"589745889","589745889.wem","th4_000_common_vo\english(us)\589745889.wem","18830","18,39"
"590295318","590295318.wem","th4_000_common_vo\english(us)\590295318.wem","73666","71,94"
"591196620","591196620.wem","th4_000_common_vo\english(us)\591196620.wem","143326","139,97"
"596333364","596333364.wem","th4_000_common_vo\english(us)\596333364.wem","7830","7,65"
"596342624","596342624.wem","th4_000_common_vo\english(us)\596342624.wem","11304","11,04"
"596877562","596877562.wem","th4_000_common_vo\english(us)\596877562.wem","14702","14,36"
"597854950","597854950.wem","th4_000_common_vo\english(us)\597854950.wem","9054","8,84"
"597905619","597905619.wem","th4_000_common_vo\english(us)\597905619.wem","17006","16,61"
"598109044","598109044.wem","th4_000_common_vo\english(us)\598109044.wem","25849","25,24"
"605166869","605166869.wem","th4_000_common_vo\english(us)\605166869.wem","89057","86,97"
"606607172","606607172.wem","th4_000_common_vo\english(us)\606607172.wem","19482","19,03"
"606911486","606911486.wem","th4_000_common_vo\english(us)\606911486.wem","37432","36,55"
"607237120","607237120.wem","th4_000_common_vo\english(us)\607237120.wem","46088","45,01"
"607257319","607257319.wem","th4_000_common_vo\english(us)\607257319.wem","44209","43,17"
"608002897","608002897.wem","th4_000_common_vo\english(us)\608002897.wem","42395","41,4"
"608686206","608686206.wem","th4_000_common_vo\english(us)\608686206.wem","5998","5,86"
"609279557","609279557.wem","th4_000_common_vo\english(us)\609279557.wem","54324","53,05"
"609442118","609442118.wem","th4_000_common_vo\english(us)\609442118.wem","28349","27,68"
"609473232","609473232.wem","th4_000_common_vo\english(us)\609473232.wem","16643","16,25"
"610558789","610558789.wem","th4_000_common_vo\english(us)\610558789.wem","10744","10,49"
"613385637","613385637.wem","th4_000_common_vo\english(us)\613385637.wem","32984","32,21"
"616565789","616565789.wem","th4_000_common_vo\english(us)\616565789.wem","8111","7,92"
"618025199","618025199.wem","th4_000_common_vo\english(us)\618025199.wem","32978","32,21"
"618494245","618494245.wem","th4_000_common_vo\english(us)\618494245.wem","18984","18,54"
"619268756","619268756.wem","th4_000_common_vo\english(us)\619268756.wem","19245","18,79"
"619319587","619319587.wem","th4_000_common_vo\english(us)\619319587.wem","39433","38,51"
"619345926","619345926.wem","th4_000_common_vo\english(us)\619345926.wem","27284","26,64"
"620304233","620304233.wem","th4_000_common_vo\english(us)\620304233.wem","46184","45,1"
"620639237","620639237.wem","th4_000_common_vo\english(us)\620639237.wem","40198","39,26"
"621923253","621923253.wem","th4_000_common_vo\english(us)\621923253.wem","25062","24,47"
"622342419","622342419.wem","th4_000_common_vo\english(us)\622342419.wem","26362","25,74"
"622869614","622869614.wem","th4_000_common_vo\english(us)\622869614.wem","61345","59,91"
"623153603","623153603.wem","th4_000_common_vo\english(us)\623153603.wem","17128","16,73"
"623217668","623217668.wem","th4_000_common_vo\english(us)\623217668.wem","13753","13,43"
"623442379","623442379.wem","th4_000_common_vo\english(us)\623442379.wem","56017","54,7"
"624055360","624055360.wem","th4_000_common_vo\english(us)\624055360.wem","42938","41,93"
"625985248","625985248.wem","th4_000_common_vo\english(us)\625985248.wem","25813","25,21"
"626322069","626322069.wem","th4_000_common_vo\english(us)\626322069.wem","115138","112,44"
"627610828","627610828.wem","th4_000_common_vo\english(us)\627610828.wem","8647","8,44"
"627935293","627935293.wem","th4_000_common_vo\english(us)\627935293.wem","9944","9,71"
"629168157","629168157.wem","th4_000_common_vo\english(us)\629168157.wem","50326","49,15"
"630526577","630526577.wem","th4_000_common_vo\english(us)\630526577.wem","19551","19,09"
"630611290","630611290.wem","th4_000_common_vo\english(us)\630611290.wem","41288","40,32"
"631317220","631317220.wem","th4_000_common_vo\english(us)\631317220.wem","44171","43,14"
"631551399","631551399.wem","th4_000_common_vo\english(us)\631551399.wem","63685","62,19"
"632520951","632520951.wem","th4_000_common_vo\english(us)\632520951.wem","14702","14,36"
"633207798","633207798.wem","th4_000_common_vo\english(us)\633207798.wem","19211","18,76"
"634150988","634150988.wem","th4_000_common_vo\english(us)\634150988.wem","38452","37,55"
"635449659","635449659.wem","th4_000_common_vo\english(us)\635449659.wem","12610","12,31"
"635651413","635651413.wem","th4_000_common_vo\english(us)\635651413.wem","51467","50,26"
"636894117","636894117.wem","th4_000_common_vo\english(us)\636894117.wem","3210","3,13"
"637882652","637882652.wem","th4_000_common_vo\english(us)\637882652.wem","31146","30,42"
"637936669","637936669.wem","th4_000_common_vo\english(us)\637936669.wem","36694","35,83"
"638460096","638460096.wem","th4_000_common_vo\english(us)\638460096.wem","22801","22,27"
"639975831","639975831.wem","th4_000_common_vo\english(us)\639975831.wem","7648","7,47"
"640524664","640524664.wem","th4_000_common_vo\english(us)\640524664.wem","61512","60,07"
"640595667","640595667.wem","th4_000_common_vo\english(us)\640595667.wem","25340","24,75"
"643050642","643050642.wem","th4_000_common_vo\english(us)\643050642.wem","59715","58,32"
"643106928","643106928.wem","th4_000_common_vo\english(us)\643106928.wem","39239","38,32"
"644391300","644391300.wem","th4_000_common_vo\english(us)\644391300.wem","78460","76,62"
"646898170","646898170.wem","th4_000_common_vo\english(us)\646898170.wem","37519","36,64"
"647714753","647714753.wem","th4_000_common_vo\english(us)\647714753.wem","58276","56,91"
"647942636","647942636.wem","th4_000_common_vo\english(us)\647942636.wem","13511","13,19"
"649348424","649348424.wem","th4_000_common_vo\english(us)\649348424.wem","29339","28,65"
"651223136","651223136.wem","th4_000_common_vo\english(us)\651223136.wem","35048","34,23"
"652307045","652307045.wem","th4_000_common_vo\english(us)\652307045.wem","25697","25,09"
"653141414","653141414.wem","th4_000_common_vo\english(us)\653141414.wem","18792","18,35"
"653461993","653461993.wem","th4_000_common_vo\english(us)\653461993.wem","17205","16,8"
"655167511","655167511.wem","th4_000_common_vo\english(us)\655167511.wem","70036","68,39"
"656128884","656128884.wem","th4_000_common_vo\english(us)\656128884.wem","38429","37,53"
"658700189","658700189.wem","th4_000_common_vo\english(us)\658700189.wem","13647","13,33"
"659204516","659204516.wem","th4_000_common_vo\english(us)\659204516.wem","40248","39,3"
"660666201","660666201.wem","th4_000_common_vo\english(us)\660666201.wem","25053","24,47"
"661007727","661007727.wem","th4_000_common_vo\english(us)\661007727.wem","52859","51,62"
"661524582","661524582.wem","th4_000_common_vo\english(us)\661524582.wem","18809","18,37"
"662180586","662180586.wem","th4_000_common_vo\english(us)\662180586.wem","52965","51,72"
"664790396","664790396.wem","th4_000_common_vo\english(us)\664790396.wem","43631","42,61"
"664929149","664929149.wem","th4_000_common_vo\english(us)\664929149.wem","26027","25,42"
"666889927","666889927.wem","th4_000_common_vo\english(us)\666889927.wem","31492","30,75"
"667534222","667534222.wem","th4_000_common_vo\english(us)\667534222.wem","23312","22,77"
"668525710","668525710.wem","th4_000_common_vo\english(us)\668525710.wem","61019","59,59"
"669126361","669126361.wem","th4_000_common_vo\english(us)\669126361.wem","24296","23,73"
"670881469","670881469.wem","th4_000_common_vo\english(us)\670881469.wem","20527","20,05"
"672084372","672084372.wem","th4_000_common_vo\english(us)\672084372.wem","61513","60,07"
"672970291","672970291.wem","th4_000_common_vo\english(us)\672970291.wem","12909","12,61"
"676072795","676072795.wem","th4_000_common_vo\english(us)\676072795.wem","19131","18,68"
"676334691","676334691.wem","th4_000_common_vo\english(us)\676334691.wem","129705","126,67"
"677551103","677551103.wem","th4_000_common_vo\english(us)\677551103.wem","37832","36,95"
"677559673","677559673.wem","th4_000_common_vo\english(us)\677559673.wem","38454","37,55"
"677993324","677993324.wem","th4_000_common_vo\english(us)\677993324.wem","16058","15,68"
"679458430","679458430.wem","th4_000_common_vo\english(us)\679458430.wem","15608","15,24"
"680844896","680844896.wem","th4_000_common_vo\english(us)\680844896.wem","14570","14,23"
"681167016","681167016.wem","th4_000_common_vo\english(us)\681167016.wem","97955","95,66"
"681273938","681273938.wem","th4_000_common_vo\english(us)\681273938.wem","37633","36,75"
"681387595","681387595.wem","th4_000_common_vo\english(us)\681387595.wem","45444","44,38"
"683963940","683963940.wem","th4_000_common_vo\english(us)\683963940.wem","49228","48,07"
"686640077","686640077.wem","th4_000_common_vo\english(us)\686640077.wem","101558","99,18"
"687952756","687952756.wem","th4_000_common_vo\english(us)\687952756.wem","47498","46,38"
"688166578","688166578.wem","th4_000_common_vo\english(us)\688166578.wem","36907","36,04"
"688599799","688599799.wem","th4_000_common_vo\english(us)\688599799.wem","20484","20"
"688622186","688622186.wem","th4_000_common_vo\english(us)\688622186.wem","41981","41"
"691097811","691097811.wem","th4_000_common_vo\english(us)\691097811.wem","18470","18,04"
"691955040","691955040.wem","th4_000_common_vo\english(us)\691955040.wem","13565","13,25"
"694355849","694355849.wem","th4_000_common_vo\english(us)\694355849.wem","7288","7,12"
"695226232","695226232.wem","th4_000_common_vo\english(us)\695226232.wem","23304","22,76"
"697193758","697193758.wem","th4_000_common_vo\english(us)\697193758.wem","101336","98,96"
"697282788","697282788.wem","th4_000_common_vo\english(us)\697282788.wem","8388","8,19"
"698957989","698957989.wem","th4_000_common_vo\english(us)\698957989.wem","12633","12,34"
"700711985","700711985.wem","th4_000_common_vo\english(us)\700711985.wem","46010","44,93"
"701213895","701213895.wem","th4_000_common_vo\english(us)\701213895.wem","12943","12,64"
"702029865","702029865.wem","th4_000_common_vo\english(us)\702029865.wem","32507","31,75"
"702374114","702374114.wem","th4_000_common_vo\english(us)\702374114.wem","41386","40,42"
"702379328","702379328.wem","th4_000_common_vo\english(us)\702379328.wem","52629","51,4"
"704692640","704692640.wem","th4_000_common_vo\english(us)\704692640.wem","9769","9,54"
"705917216","705917216.wem","th4_000_common_vo\english(us)\705917216.wem","29639","28,94"
"706545110","706545110.wem","th4_000_common_vo\english(us)\706545110.wem","33315","32,53"
"708939688","708939688.wem","th4_000_common_vo\english(us)\708939688.wem","30894","30,17"
"709111517","709111517.wem","th4_000_common_vo\english(us)\709111517.wem","13678","13,36"
"711877029","711877029.wem","th4_000_common_vo\english(us)\711877029.wem","57096","55,76"
"712654566","712654566.wem","th4_000_common_vo\english(us)\712654566.wem","25317","24,72"
"713057920","713057920.wem","th4_000_common_vo\english(us)\713057920.wem","25996","25,39"
"715263746","715263746.wem","th4_000_common_vo\english(us)\715263746.wem","6464","6,31"
"715683777","715683777.wem","th4_000_common_vo\english(us)\715683777.wem","21679","21,17"
"717250427","717250427.wem","th4_000_common_vo\english(us)\717250427.wem","101974","99,58"
"718012839","718012839.wem","th4_000_common_vo\english(us)\718012839.wem","9391","9,17"
"718567021","718567021.wem","th4_000_common_vo\english(us)\718567021.wem","44305","43,27"
"720617396","720617396.wem","th4_000_common_vo\english(us)\720617396.wem","27514","26,87"
"722311450","722311450.wem","th4_000_common_vo\english(us)\722311450.wem","18332","17,9"
"722799325","722799325.wem","th4_000_common_vo\english(us)\722799325.wem","31468","30,73"
"723186224","723186224.wem","th4_000_common_vo\english(us)\723186224.wem","75017","73,26"
"723844794","723844794.wem","th4_000_common_vo\english(us)\723844794.wem","12362","12,07"
"724109307","724109307.wem","th4_000_common_vo\english(us)\724109307.wem","29963","29,26"
"724317941","724317941.wem","th4_000_common_vo\english(us)\724317941.wem","19676","19,21"
"724830889","724830889.wem","th4_000_common_vo\english(us)\724830889.wem","23774","23,22"
"726089987","726089987.wem","th4_000_common_vo\english(us)\726089987.wem","52227","51"
"729496704","729496704.wem","th4_000_common_vo\english(us)\729496704.wem","47531","46,42"
"730596321","730596321.wem","th4_000_common_vo\english(us)\730596321.wem","29638","28,94"
"731194467","731194467.wem","th4_000_common_vo\english(us)\731194467.wem","46783","45,69"
"731303406","731303406.wem","th4_000_common_vo\english(us)\731303406.wem","12633","12,34"
"731766908","731766908.wem","th4_000_common_vo\english(us)\731766908.wem","6180","6,04"
"731848657","731848657.wem","th4_000_common_vo\english(us)\731848657.wem","8411","8,21"
"734903317","734903317.wem","th4_000_common_vo\english(us)\734903317.wem","25101","24,51"
"735720766","735720766.wem","th4_000_common_vo\english(us)\735720766.wem","49597","48,43"
"736682789","736682789.wem","th4_000_common_vo\english(us)\736682789.wem","54138","52,87"
"736766333","736766333.wem","th4_000_common_vo\english(us)\736766333.wem","53877","52,61"
"738169013","738169013.wem","th4_000_common_vo\english(us)\738169013.wem","57726","56,37"
"738409400","738409400.wem","th4_000_common_vo\english(us)\738409400.wem","23184","22,64"
"739343470","739343470.wem","th4_000_common_vo\english(us)\739343470.wem","44790","43,74"
"739612169","739612169.wem","th4_000_common_vo\english(us)\739612169.wem","39041","38,13"
"739960959","739960959.wem","th4_000_common_vo\english(us)\739960959.wem","27641","26,99"
"740908996","740908996.wem","th4_000_common_vo\english(us)\740908996.wem","23706","23,15"
"742386258","742386258.wem","th4_000_common_vo\english(us)\742386258.wem","20972","20,48"
"742914976","742914976.wem","th4_000_common_vo\english(us)\742914976.wem","44759","43,71"
"743117923","743117923.wem","th4_000_common_vo\english(us)\743117923.wem","20599","20,12"
"743470628","743470628.wem","th4_000_common_vo\english(us)\743470628.wem","38879","37,97"
"744639936","744639936.wem","th4_000_common_vo\english(us)\744639936.wem","19868","19,4"
"749918491","749918491.wem","th4_000_common_vo\english(us)\749918491.wem","106708","104,21"
"750068795","750068795.wem","th4_000_common_vo\english(us)\750068795.wem","50244","49,07"
"751285065","751285065.wem","th4_000_common_vo\english(us)\751285065.wem","28222","27,56"
"751516442","751516442.wem","th4_000_common_vo\english(us)\751516442.wem","33271","32,49"
"751737961","751737961.wem","th4_000_common_vo\english(us)\751737961.wem","15947","15,57"
"752327521","752327521.wem","th4_000_common_vo\english(us)\752327521.wem","13171","12,86"
"753076740","753076740.wem","th4_000_common_vo\english(us)\753076740.wem","19997","19,53"
"753289531","753289531.wem","th4_000_common_vo\english(us)\753289531.wem","28667","28"
"753629622","753629622.wem","th4_000_common_vo\english(us)\753629622.wem","15340","14,98"
"754082385","754082385.wem","th4_000_common_vo\english(us)\754082385.wem","28108","27,45"
"755475297","755475297.wem","th4_000_common_vo\english(us)\755475297.wem","10031","9,8"
"755501008","755501008.wem","th4_000_common_vo\english(us)\755501008.wem","48015","46,89"
"755540062","755540062.wem","th4_000_common_vo\english(us)\755540062.wem","42112","41,12"
"757009109","757009109.wem","th4_000_common_vo\english(us)\757009109.wem","45927","44,85"
"757292548","757292548.wem","th4_000_common_vo\english(us)\757292548.wem","11606","11,33"
"757582667","757582667.wem","th4_000_common_vo\english(us)\757582667.wem","9778","9,55"
"758290971","758290971.wem","th4_000_common_vo\english(us)\758290971.wem","25463","24,87"
"760561591","760561591.wem","th4_000_common_vo\english(us)\760561591.wem","12138","11,85"
"760776751","760776751.wem","th4_000_common_vo\english(us)\760776751.wem","45415","44,35"
"763059289","763059289.wem","th4_000_common_vo\english(us)\763059289.wem","77983","76,16"
"763581127","763581127.wem","th4_000_common_vo\english(us)\763581127.wem","35562","34,73"
"764618888","764618888.wem","th4_000_common_vo\english(us)\764618888.wem","26518","25,9"
"765967550","765967550.wem","th4_000_common_vo\english(us)\765967550.wem","12488","12,2"
"766154379","766154379.wem","th4_000_common_vo\english(us)\766154379.wem","20891","20,4"
"766329512","766329512.wem","th4_000_common_vo\english(us)\766329512.wem","16281","15,9"
"766877046","766877046.wem","th4_000_common_vo\english(us)\766877046.wem","17364","16,96"
"770080605","770080605.wem","th4_000_common_vo\english(us)\770080605.wem","8850","8,64"
"770219451","770219451.wem","th4_000_common_vo\english(us)\770219451.wem","15422","15,06"
"770679657","770679657.wem","th4_000_common_vo\english(us)\770679657.wem","44461","43,42"
"771764595","771764595.wem","th4_000_common_vo\english(us)\771764595.wem","72058","70,37"
"772188202","772188202.wem","th4_000_common_vo\english(us)\772188202.wem","17492","17,08"
"774219807","774219807.wem","th4_000_common_vo\english(us)\774219807.wem","14451","14,11"
"775795699","775795699.wem","th4_000_common_vo\english(us)\775795699.wem","59819","58,42"
"776471683","776471683.wem","th4_000_common_vo\english(us)\776471683.wem","32209","31,45"
"776520249","776520249.wem","th4_000_common_vo\english(us)\776520249.wem","18094","17,67"
"777512750","777512750.wem","th4_000_common_vo\english(us)\777512750.wem","48405","47,27"
"777986001","777986001.wem","th4_000_common_vo\english(us)\777986001.wem","32217","31,46"
"778813174","778813174.wem","th4_000_common_vo\english(us)\778813174.wem","8288","8,09"
"779278000","779278000.wem","th4_000_common_vo\english(us)\779278000.wem","32669","31,9"
"779318320","779318320.wem","th4_000_common_vo\english(us)\779318320.wem","43058","42,05"
"780242106","780242106.wem","th4_000_common_vo\english(us)\780242106.wem","68593","66,99"
"780869917","780869917.wem","th4_000_common_vo\english(us)\780869917.wem","15769","15,4"
"781584840","781584840.wem","th4_000_common_vo\english(us)\781584840.wem","9315","9,1"
"781774049","781774049.wem","th4_000_common_vo\english(us)\781774049.wem","80336","78,45"
"781907701","781907701.wem","th4_000_common_vo\english(us)\781907701.wem","21024","20,53"
"781960931","781960931.wem","th4_000_common_vo\english(us)\781960931.wem","21324","20,82"
"784706505","784706505.wem","th4_000_common_vo\english(us)\784706505.wem","35796","34,96"
"785139564","785139564.wem","th4_000_common_vo\english(us)\785139564.wem","26593","25,97"
"785330184","785330184.wem","th4_000_common_vo\english(us)\785330184.wem","17815","17,4"
"785886237","785886237.wem","th4_000_common_vo\english(us)\785886237.wem","12110","11,83"
"786785770","786785770.wem","th4_000_common_vo\english(us)\786785770.wem","29445","28,75"
"788169647","788169647.wem","th4_000_common_vo\english(us)\788169647.wem","38697","37,79"
"788630374","788630374.wem","th4_000_common_vo\english(us)\788630374.wem","15930","15,56"
"789342652","789342652.wem","th4_000_common_vo\english(us)\789342652.wem","17495","17,08"
"789495999","789495999.wem","th4_000_common_vo\english(us)\789495999.wem","86738","84,71"
"790152374","790152374.wem","th4_000_common_vo\english(us)\790152374.wem","18325","17,9"
"791924021","791924021.wem","th4_000_common_vo\english(us)\791924021.wem","292734","285,87"
"792588876","792588876.wem","th4_000_common_vo\english(us)\792588876.wem","26793","26,17"
"793668433","793668433.wem","th4_000_common_vo\english(us)\793668433.wem","15603","15,24"
"793708866","793708866.wem","th4_000_common_vo\english(us)\793708866.wem","33024","32,25"
"795110502","795110502.wem","th4_000_common_vo\english(us)\795110502.wem","77064","75,26"
"796883833","796883833.wem","th4_000_common_vo\english(us)\796883833.wem","23108","22,57"
"797426814","797426814.wem","th4_000_common_vo\english(us)\797426814.wem","63498","62,01"
"798490929","798490929.wem","th4_000_common_vo\english(us)\798490929.wem","12113","11,83"
"799928963","799928963.wem","th4_000_common_vo\english(us)\799928963.wem","82032","80,11"
"800015293","800015293.wem","th4_000_common_vo\english(us)\800015293.wem","82528","80,59"
"800692050","800692050.wem","th4_000_common_vo\english(us)\800692050.wem","78047","76,22"
"800696960","800696960.wem","th4_000_common_vo\english(us)\800696960.wem","46991","45,89"
"801833393","801833393.wem","th4_000_common_vo\english(us)\801833393.wem","9982","9,75"
"802166597","802166597.wem","th4_000_common_vo\english(us)\802166597.wem","16602","16,21"
"802413119","802413119.wem","th4_000_common_vo\english(us)\802413119.wem","73699","71,97"
"803570338","803570338.wem","th4_000_common_vo\english(us)\803570338.wem","28140","27,48"
"804342991","804342991.wem","th4_000_common_vo\english(us)\804342991.wem","8181","7,99"
"805585905","805585905.wem","th4_000_common_vo\english(us)\805585905.wem","18810","18,37"
"808784971","808784971.wem","th4_000_common_vo\english(us)\808784971.wem","24493","23,92"
"809202668","809202668.wem","th4_000_common_vo\english(us)\809202668.wem","27854","27,2"
"809326529","809326529.wem","th4_000_common_vo\english(us)\809326529.wem","7647","7,47"
"810336999","810336999.wem","th4_000_common_vo\english(us)\810336999.wem","35672","34,84"
"812339299","812339299.wem","th4_000_common_vo\english(us)\812339299.wem","19927","19,46"
"813163035","813163035.wem","th4_000_common_vo\english(us)\813163035.wem","27950","27,29"
"815062021","815062021.wem","th4_000_common_vo\english(us)\815062021.wem","16261","15,88"
"816045425","816045425.wem","th4_000_common_vo\english(us)\816045425.wem","45028","43,97"
"816378630","816378630.wem","th4_000_common_vo\english(us)\816378630.wem","9291","9,07"
"818539637","818539637.wem","th4_000_common_vo\english(us)\818539637.wem","6590","6,44"
"820023170","820023170.wem","th4_000_common_vo\english(us)\820023170.wem","28597","27,93"
"820152014","820152014.wem","th4_000_common_vo\english(us)\820152014.wem","44258","43,22"
"820757872","820757872.wem","th4_000_common_vo\english(us)\820757872.wem","11894","11,62"
"821440897","821440897.wem","th4_000_common_vo\english(us)\821440897.wem","13012","12,71"
"822250269","822250269.wem","th4_000_common_vo\english(us)\822250269.wem","29332","28,64"
"822386335","822386335.wem","th4_000_common_vo\english(us)\822386335.wem","32196","31,44"
"823705667","823705667.wem","th4_000_common_vo\english(us)\823705667.wem","8845","8,64"
"824470248","824470248.wem","th4_000_common_vo\english(us)\824470248.wem","7513","7,34"
"826928329","826928329.wem","th4_000_common_vo\english(us)\826928329.wem","14471","14,13"
"829903043","829903043.wem","th4_000_common_vo\english(us)\829903043.wem","8113","7,92"
"829944393","829944393.wem","th4_000_common_vo\english(us)\829944393.wem","17845","17,43"
"831440145","831440145.wem","th4_000_common_vo\english(us)\831440145.wem","7464","7,29"
"831866575","831866575.wem","th4_000_common_vo\english(us)\831866575.wem","48861","47,72"
"833202924","833202924.wem","th4_000_common_vo\english(us)\833202924.wem","47024","45,92"
"833742253","833742253.wem","th4_000_common_vo\english(us)\833742253.wem","7448","7,27"
"833910343","833910343.wem","th4_000_common_vo\english(us)\833910343.wem","21201","20,7"
"834123639","834123639.wem","th4_000_common_vo\english(us)\834123639.wem","11836","11,56"
"835897267","835897267.wem","th4_000_common_vo\english(us)\835897267.wem","12872","12,57"
"836114481","836114481.wem","th4_000_common_vo\english(us)\836114481.wem","15571","15,21"
"836242656","836242656.wem","th4_000_common_vo\english(us)\836242656.wem","41531","40,56"
"836270660","836270660.wem","th4_000_common_vo\english(us)\836270660.wem","39055","38,14"
"836859547","836859547.wem","th4_000_common_vo\english(us)\836859547.wem","25778","25,17"
"840613763","840613763.wem","th4_000_common_vo\english(us)\840613763.wem","26543","25,92"
"840654523","840654523.wem","th4_000_common_vo\english(us)\840654523.wem","30042","29,34"
"841131934","841131934.wem","th4_000_common_vo\english(us)\841131934.wem","24697","24,12"
"842102351","842102351.wem","th4_000_common_vo\english(us)\842102351.wem","40648","39,7"
"842744467","842744467.wem","th4_000_common_vo\english(us)\842744467.wem","15555","15,19"
"843034458","843034458.wem","th4_000_common_vo\english(us)\843034458.wem","28239","27,58"
"843549300","843549300.wem","th4_000_common_vo\english(us)\843549300.wem","23161","22,62"
"846685508","846685508.wem","th4_000_common_vo\english(us)\846685508.wem","57588","56,24"
"846917398","846917398.wem","th4_000_common_vo\english(us)\846917398.wem","36625","35,77"
"846936539","846936539.wem","th4_000_common_vo\english(us)\846936539.wem","39695","38,76"
"846965701","846965701.wem","th4_000_common_vo\english(us)\846965701.wem","24643","24,07"
"848134069","848134069.wem","th4_000_common_vo\english(us)\848134069.wem","11643","11,37"
"849736638","849736638.wem","th4_000_common_vo\english(us)\849736638.wem","44864","43,81"
"850488335","850488335.wem","th4_000_common_vo\english(us)\850488335.wem","29307","28,62"
"853338107","853338107.wem","th4_000_common_vo\english(us)\853338107.wem","274706","268,27"
"853491826","853491826.wem","th4_000_common_vo\english(us)\853491826.wem","14158","13,83"
"854370586","854370586.wem","th4_000_common_vo\english(us)\854370586.wem","29974","29,27"
"854499199","854499199.wem","th4_000_common_vo\english(us)\854499199.wem","11209","10,95"
"857517261","857517261.wem","th4_000_common_vo\english(us)\857517261.wem","16385","16"
"858031971","858031971.wem","th4_000_common_vo\english(us)\858031971.wem","72508","70,81"
"858928381","858928381.wem","th4_000_common_vo\english(us)\858928381.wem","25078","24,49"
"859504379","859504379.wem","th4_000_common_vo\english(us)\859504379.wem","36836","35,97"
"860084154","860084154.wem","th4_000_common_vo\english(us)\860084154.wem","36596","35,74"
"860778881","860778881.wem","th4_000_common_vo\english(us)\860778881.wem","33872","33,08"
"861286715","861286715.wem","th4_000_common_vo\english(us)\861286715.wem","11246","10,98"
"864627047","864627047.wem","th4_000_common_vo\english(us)\864627047.wem","39445","38,52"
"864723965","864723965.wem","th4_000_common_vo\english(us)\864723965.wem","23579","23,03"
"864907048","864907048.wem","th4_000_common_vo\english(us)\864907048.wem","13569","13,25"
"866332544","866332544.wem","th4_000_common_vo\english(us)\866332544.wem","35364","34,54"
"866356484","866356484.wem","th4_000_common_vo\english(us)\866356484.wem","16157","15,78"
"866425644","866425644.wem","th4_000_common_vo\english(us)\866425644.wem","21074","20,58"
"866777626","866777626.wem","th4_000_common_vo\english(us)\866777626.wem","39637","38,71"
"867267413","867267413.wem","th4_000_common_vo\english(us)\867267413.wem","17078","16,68"
"867596762","867596762.wem","th4_000_common_vo\english(us)\867596762.wem","13002","12,7"
"868639152","868639152.wem","th4_000_common_vo\english(us)\868639152.wem","54017","52,75"
"871207888","871207888.wem","th4_000_common_vo\english(us)\871207888.wem","16620","16,23"
"871360798","871360798.wem","th4_000_common_vo\english(us)\871360798.wem","28470","27,8"
"872314379","872314379.wem","th4_000_common_vo\english(us)\872314379.wem","55726","54,42"
"873145965","873145965.wem","th4_000_common_vo\english(us)\873145965.wem","6986","6,82"
"874708357","874708357.wem","th4_000_common_vo\english(us)\874708357.wem","107541","105,02"
"874935267","874935267.wem","th4_000_common_vo\english(us)\874935267.wem","38351","37,45"
"876561326","876561326.wem","th4_000_common_vo\english(us)\876561326.wem","15560","15,2"
"876612086","876612086.wem","th4_000_common_vo\english(us)\876612086.wem","14907","14,56"
"876947983","876947983.wem","th4_000_common_vo\english(us)\876947983.wem","28117","27,46"
"876965456","876965456.wem","th4_000_common_vo\english(us)\876965456.wem","36037","35,19"
"877143853","877143853.wem","th4_000_common_vo\english(us)\877143853.wem","20433","19,95"
"878170847","878170847.wem","th4_000_common_vo\english(us)\878170847.wem","98381","96,08"
"878999912","878999912.wem","th4_000_common_vo\english(us)\878999912.wem","22171","21,65"
"880656504","880656504.wem","th4_000_common_vo\english(us)\880656504.wem","27901","27,25"
"882258407","882258407.wem","th4_000_common_vo\english(us)\882258407.wem","32932","32,16"
"882396025","882396025.wem","th4_000_common_vo\english(us)\882396025.wem","23299","22,75"
"883334655","883334655.wem","th4_000_common_vo\english(us)\883334655.wem","42611","41,61"
"883984475","883984475.wem","th4_000_common_vo\english(us)\883984475.wem","82792","80,85"
"884181245","884181245.wem","th4_000_common_vo\english(us)\884181245.wem","30384","29,67"
"884549210","884549210.wem","th4_000_common_vo\english(us)\884549210.wem","76477","74,68"
"884690055","884690055.wem","th4_000_common_vo\english(us)\884690055.wem","17056","16,66"
"885837224","885837224.wem","th4_000_common_vo\english(us)\885837224.wem","40125","39,18"
"885929473","885929473.wem","th4_000_common_vo\english(us)\885929473.wem","7065","6,9"
"886608002","886608002.wem","th4_000_common_vo\english(us)\886608002.wem","18244","17,82"
"886897021","886897021.wem","th4_000_common_vo\english(us)\886897021.wem","10968","10,71"
"887480316","887480316.wem","th4_000_common_vo\english(us)\887480316.wem","72128","70,44"
"887694664","887694664.wem","th4_000_common_vo\english(us)\887694664.wem","21092","20,6"
"888043717","888043717.wem","th4_000_common_vo\english(us)\888043717.wem","19052","18,61"
"888850491","888850491.wem","th4_000_common_vo\english(us)\888850491.wem","67096","65,52"
"890121176","890121176.wem","th4_000_common_vo\english(us)\890121176.wem","36055","35,21"
"891536372","891536372.wem","th4_000_common_vo\english(us)\891536372.wem","136442","133,24"
"892162788","892162788.wem","th4_000_common_vo\english(us)\892162788.wem","75172","73,41"
"892193187","892193187.wem","th4_000_common_vo\english(us)\892193187.wem","28870","28,19"
"892470400","892470400.wem","th4_000_common_vo\english(us)\892470400.wem","18351","17,92"
"892968061","892968061.wem","th4_000_common_vo\english(us)\892968061.wem","5201","5,08"
"894548271","894548271.wem","th4_000_common_vo\english(us)\894548271.wem","28505","27,84"
"895007152","895007152.wem","th4_000_common_vo\english(us)\895007152.wem","23880","23,32"
"895500184","895500184.wem","th4_000_common_vo\english(us)\895500184.wem","42000","41,02"
"896537203","896537203.wem","th4_000_common_vo\english(us)\896537203.wem","56116","54,8"
"897844617","897844617.wem","th4_000_common_vo\english(us)\897844617.wem","8711","8,51"
"897931311","897931311.wem","th4_000_common_vo\english(us)\897931311.wem","11793","11,52"
"898001860","898001860.wem","th4_000_common_vo\english(us)\898001860.wem","22428","21,9"
"898503064","898503064.wem","th4_000_common_vo\english(us)\898503064.wem","16132","15,75"
"900193839","900193839.wem","th4_000_common_vo\english(us)\900193839.wem","7085","6,92"
"900975517","900975517.wem","th4_000_common_vo\english(us)\900975517.wem","47332","46,22"
"903710341","903710341.wem","th4_000_common_vo\english(us)\903710341.wem","8563","8,36"
"903880128","903880128.wem","th4_000_common_vo\english(us)\903880128.wem","31162","30,43"
"904508579","904508579.wem","th4_000_common_vo\english(us)\904508579.wem","40574","39,62"
"908775499","908775499.wem","th4_000_common_vo\english(us)\908775499.wem","12986","12,68"
"910243833","910243833.wem","th4_000_common_vo\english(us)\910243833.wem","28288","27,62"
"911282662","911282662.wem","th4_000_common_vo\english(us)\911282662.wem","12418","12,13"
"911543220","911543220.wem","th4_000_common_vo\english(us)\911543220.wem","58655","57,28"
"914212892","914212892.wem","th4_000_common_vo\english(us)\914212892.wem","27954","27,3"
"914637809","914637809.wem","th4_000_common_vo\english(us)\914637809.wem","34411","33,6"
"916018735","916018735.wem","th4_000_common_vo\english(us)\916018735.wem","24403","23,83"
"916026085","916026085.wem","th4_000_common_vo\english(us)\916026085.wem","9245","9,03"
"916594557","916594557.wem","th4_000_common_vo\english(us)\916594557.wem","46351","45,26"
"917369937","917369937.wem","th4_000_common_vo\english(us)\917369937.wem","22869","22,33"
"917585991","917585991.wem","th4_000_common_vo\english(us)\917585991.wem","46930","45,83"
"917921297","917921297.wem","th4_000_common_vo\english(us)\917921297.wem","12923","12,62"
"918364560","918364560.wem","th4_000_common_vo\english(us)\918364560.wem","14533","14,19"
"919355035","919355035.wem","th4_000_common_vo\english(us)\919355035.wem","21373","20,87"
"919374362","919374362.wem","th4_000_common_vo\english(us)\919374362.wem","9607","9,38"
"919924785","919924785.wem","th4_000_common_vo\english(us)\919924785.wem","18724","18,29"
"920068327","920068327.wem","th4_000_common_vo\english(us)\920068327.wem","35854","35,01"
"920129876","920129876.wem","th4_000_common_vo\english(us)\920129876.wem","50600","49,41"
"920202335","920202335.wem","th4_000_common_vo\english(us)\920202335.wem","12823","12,52"
"920301962","920301962.wem","th4_000_common_vo\english(us)\920301962.wem","14137","13,81"
"921173421","921173421.wem","th4_000_common_vo\english(us)\921173421.wem","8419","8,22"
"927048682","927048682.wem","th4_000_common_vo\english(us)\927048682.wem","7764","7,58"
"927057568","927057568.wem","th4_000_common_vo\english(us)\927057568.wem","80478","78,59"
"927341555","927341555.wem","th4_000_common_vo\english(us)\927341555.wem","26181","25,57"
"928373896","928373896.wem","th4_000_common_vo\english(us)\928373896.wem","13397","13,08"
"929730082","929730082.wem","th4_000_common_vo\english(us)\929730082.wem","15254","14,9"
"929772598","929772598.wem","th4_000_common_vo\english(us)\929772598.wem","28483","27,82"
"929989629","929989629.wem","th4_000_common_vo\english(us)\929989629.wem","9286","9,07"
"930831490","930831490.wem","th4_000_common_vo\english(us)\930831490.wem","45229","44,17"
"933900365","933900365.wem","th4_000_common_vo\english(us)\933900365.wem","15523","15,16"
"933920771","933920771.wem","th4_000_common_vo\english(us)\933920771.wem","11872","11,59"
"934459535","934459535.wem","th4_000_common_vo\english(us)\934459535.wem","25421","24,83"
"936295321","936295321.wem","th4_000_common_vo\english(us)\936295321.wem","25159","24,57"
"937859725","937859725.wem","th4_000_common_vo\english(us)\937859725.wem","29095","28,41"
"938191861","938191861.wem","th4_000_common_vo\english(us)\938191861.wem","10588","10,34"
"938294348","938294348.wem","th4_000_common_vo\english(us)\938294348.wem","13079","12,77"
"939038798","939038798.wem","th4_000_common_vo\english(us)\939038798.wem","38144","37,25"
"939099692","939099692.wem","th4_000_common_vo\english(us)\939099692.wem","87032","84,99"
"939132931","939132931.wem","th4_000_common_vo\english(us)\939132931.wem","22805","22,27"
"941504960","941504960.wem","th4_000_common_vo\english(us)\941504960.wem","69794","68,16"
"941899465","941899465.wem","th4_000_common_vo\english(us)\941899465.wem","19417","18,96"
"946187242","946187242.wem","th4_000_common_vo\english(us)\946187242.wem","13662","13,34"
"947703177","947703177.wem","th4_000_common_vo\english(us)\947703177.wem","28974","28,29"
"948823182","948823182.wem","th4_000_common_vo\english(us)\948823182.wem","32326","31,57"
"948839576","948839576.wem","th4_000_common_vo\english(us)\948839576.wem","10907","10,65"
"952069668","952069668.wem","th4_000_common_vo\english(us)\952069668.wem","20883","20,39"
"953956546","953956546.wem","th4_000_common_vo\english(us)\953956546.wem","87649","85,59"
"956882359","956882359.wem","th4_000_common_vo\english(us)\956882359.wem","40140","39,2"
"958186655","958186655.wem","th4_000_common_vo\english(us)\958186655.wem","41660","40,68"
"958401130","958401130.wem","th4_000_common_vo\english(us)\958401130.wem","17533","17,12"
"958740332","958740332.wem","th4_000_common_vo\english(us)\958740332.wem","22299","21,78"
"959203466","959203466.wem","th4_000_common_vo\english(us)\959203466.wem","10108","9,87"
"959761289","959761289.wem","th4_000_common_vo\english(us)\959761289.wem","13427","13,11"
"962377788","962377788.wem","th4_000_common_vo\english(us)\962377788.wem","29797","29,1"
"963567431","963567431.wem","th4_000_common_vo\english(us)\963567431.wem","17169","16,77"
"964945468","964945468.wem","th4_000_common_vo\english(us)\964945468.wem","19690","19,23"
"966190588","966190588.wem","th4_000_common_vo\english(us)\966190588.wem","35659","34,82"
"968419079","968419079.wem","th4_000_common_vo\english(us)\968419079.wem","24249","23,68"
"969023310","969023310.wem","th4_000_common_vo\english(us)\969023310.wem","42012","41,03"
"970401893","970401893.wem","th4_000_common_vo\english(us)\970401893.wem","18796","18,36"
"970479669","970479669.wem","th4_000_common_vo\english(us)\970479669.wem","13631","13,31"
"972858731","972858731.wem","th4_000_common_vo\english(us)\972858731.wem","10044","9,81"
"974306733","974306733.wem","th4_000_common_vo\english(us)\974306733.wem","38348","37,45"
"974657530","974657530.wem","th4_000_common_vo\english(us)\974657530.wem","11891","11,61"
"975698895","975698895.wem","th4_000_common_vo\english(us)\975698895.wem","23181","22,64"
"979544947","979544947.wem","th4_000_common_vo\english(us)\979544947.wem","23224","22,68"
"979556710","979556710.wem","th4_000_common_vo\english(us)\979556710.wem","11878","11,6"
"979626938","979626938.wem","th4_000_common_vo\english(us)\979626938.wem","20419","19,94"
"980150240","980150240.wem","th4_000_common_vo\english(us)\980150240.wem","81743","79,83"
"980652201","980652201.wem","th4_000_common_vo\english(us)\980652201.wem","25178","24,59"
"983217710","983217710.wem","th4_000_common_vo\english(us)\983217710.wem","20821","20,33"
"984367350","984367350.wem","th4_000_common_vo\english(us)\984367350.wem","40495","39,55"
"987869067","987869067.wem","th4_000_common_vo\english(us)\987869067.wem","35067","34,25"
"988715288","988715288.wem","th4_000_common_vo\english(us)\988715288.wem","11366","11,1"
"990261344","990261344.wem","th4_000_common_vo\english(us)\990261344.wem","17544","17,13"
"990263916","990263916.wem","th4_000_common_vo\english(us)\990263916.wem","31668","30,93"
"990676790","990676790.wem","th4_000_common_vo\english(us)\990676790.wem","45071","44,01"
"991998568","991998568.wem","th4_000_common_vo\english(us)\991998568.wem","63594","62,1"
"994924645","994924645.wem","th4_000_common_vo\english(us)\994924645.wem","32754","31,99"
"994952825","994952825.wem","th4_000_common_vo\english(us)\994952825.wem","28678","28,01"
"995532982","995532982.wem","th4_000_common_vo\english(us)\995532982.wem","7899","7,71"
"996950021","996950021.wem","th4_000_common_vo\english(us)\996950021.wem","29690","28,99"
"1001401885","1001401885.wem","th4_000_common_vo\english(us)\1001401885.wem","30192","29,48"
"1001406991","1001406991.wem","th4_000_common_vo\english(us)\1001406991.wem","10162","9,92"
"1002118069","1002118069.wem","th4_000_common_vo\english(us)\1002118069.wem","17735","17,32"
"1002356841","1002356841.wem","th4_000_common_vo\english(us)\1002356841.wem","15272","14,91"
"1002909437","1002909437.wem","th4_000_common_vo\english(us)\1002909437.wem","33089","32,31"
"1004298845","1004298845.wem","th4_000_common_vo\english(us)\1004298845.wem","7026","6,86"
"1004466769","1004466769.wem","th4_000_common_vo\english(us)\1004466769.wem","23073","22,53"
"1004474760","1004474760.wem","th4_000_common_vo\english(us)\1004474760.wem","44722","43,67"
"1006709767","1006709767.wem","th4_000_common_vo\english(us)\1006709767.wem","8282","8,09"
"1007862950","1007862950.wem","th4_000_common_vo\english(us)\1007862950.wem","24385","23,81"
"1007923018","1007923018.wem","th4_000_common_vo\english(us)\1007923018.wem","19778","19,31"
"1008196753","1008196753.wem","th4_000_common_vo\english(us)\1008196753.wem","41539","40,57"
"1009114422","1009114422.wem","th4_000_common_vo\english(us)\1009114422.wem","14640","14,3"
"1010472104","1010472104.wem","th4_000_common_vo\english(us)\1010472104.wem","32518","31,76"
"1011213518","1011213518.wem","th4_000_common_vo\english(us)\1011213518.wem","44574","43,53"
"1011669071","1011669071.wem","th4_000_common_vo\english(us)\1011669071.wem","10725","10,47"
"1011669277","1011669277.wem","th4_000_common_vo\english(us)\1011669277.wem","25204","24,61"
"1011898081","1011898081.wem","th4_000_common_vo\english(us)\1011898081.wem","101730","99,35"
"1012272758","1012272758.wem","th4_000_common_vo\english(us)\1012272758.wem","19682","19,22"
"1012365781","1012365781.wem","th4_000_common_vo\english(us)\1012365781.wem","52825","51,59"
"1013214237","1013214237.wem","th4_000_common_vo\english(us)\1013214237.wem","18291","17,86"
"1013619871","1013619871.wem","th4_000_common_vo\english(us)\1013619871.wem","16536","16,15"
"1015064643","1015064643.wem","th4_000_common_vo\english(us)\1015064643.wem","12462","12,17"
"1015723236","1015723236.wem","th4_000_common_vo\english(us)\1015723236.wem","32678","31,91"
"1016042812","1016042812.wem","th4_000_common_vo\english(us)\1016042812.wem","43081","42,07"
"1016239674","1016239674.wem","th4_000_common_vo\english(us)\1016239674.wem","19999","19,53"
"1016515822","1016515822.wem","th4_000_common_vo\english(us)\1016515822.wem","31158","30,43"
"1017305820","1017305820.wem","th4_000_common_vo\english(us)\1017305820.wem","8635","8,43"
"1018412350","1018412350.wem","th4_000_common_vo\english(us)\1018412350.wem","48672","47,53"
"1018531196","1018531196.wem","th4_000_common_vo\english(us)\1018531196.wem","8760","8,55"
"1018719994","1018719994.wem","th4_000_common_vo\english(us)\1018719994.wem","12531","12,24"
"1019119805","1019119805.wem","th4_000_common_vo\english(us)\1019119805.wem","32847","32,08"
"1019216425","1019216425.wem","th4_000_common_vo\english(us)\1019216425.wem","41807","40,83"
"1019241950","1019241950.wem","th4_000_common_vo\english(us)\1019241950.wem","35683","34,85"
"1019777163","1019777163.wem","th4_000_common_vo\english(us)\1019777163.wem","17559","17,15"
"1022616284","1022616284.wem","th4_000_common_vo\english(us)\1022616284.wem","56949","55,61"
"1024311381","1024311381.wem","th4_000_common_vo\english(us)\1024311381.wem","24808","24,23"
"1024605331","1024605331.wem","th4_000_common_vo\english(us)\1024605331.wem","88331","86,26"
"1026098211","1026098211.wem","th4_000_common_vo\english(us)\1026098211.wem","29246","28,56"
"1027092084","1027092084.wem","th4_000_common_vo\english(us)\1027092084.wem","25867","25,26"
"1028485157","1028485157.wem","th4_000_common_vo\english(us)\1028485157.wem","15054","14,7"
"1030164003","1030164003.wem","th4_000_common_vo\english(us)\1030164003.wem","43999","42,97"
"1031659901","1031659901.wem","th4_000_common_vo\english(us)\1031659901.wem","17400","16,99"
"1032112512","1032112512.wem","th4_000_common_vo\english(us)\1032112512.wem","122199","119,33"
"1032521899","1032521899.wem","th4_000_common_vo\english(us)\1032521899.wem","44406","43,37"
"1035824601","1035824601.wem","th4_000_common_vo\english(us)\1035824601.wem","37406","36,53"
"1037817702","1037817702.wem","th4_000_common_vo\english(us)\1037817702.wem","10939","10,68"
"1037913307","1037913307.wem","th4_000_common_vo\english(us)\1037913307.wem","61924","60,47"
"1039444031","1039444031.wem","th4_000_common_vo\english(us)\1039444031.wem","18322","17,89"
"1040216574","1040216574.wem","th4_000_common_vo\english(us)\1040216574.wem","47721","46,6"
"1040911784","1040911784.wem","th4_000_common_vo\english(us)\1040911784.wem","84055","82,08"
"1042118390","1042118390.wem","th4_000_common_vo\english(us)\1042118390.wem","24536","23,96"
"1042630073","1042630073.wem","th4_000_common_vo\english(us)\1042630073.wem","11912","11,63"
"1046561200","1046561200.wem","th4_000_common_vo\english(us)\1046561200.wem","16461","16,08"
"1046566922","1046566922.wem","th4_000_common_vo\english(us)\1046566922.wem","9728","9,5"
"1048949208","1048949208.wem","th4_000_common_vo\english(us)\1048949208.wem","10265","10,02"
"1050074967","1050074967.wem","th4_000_common_vo\english(us)\1050074967.wem","24460","23,89"
"1050251054","1050251054.wem","th4_000_common_vo\english(us)\1050251054.wem","50543","49,36"
"1050544152","1050544152.wem","th4_000_common_vo\english(us)\1050544152.wem","22595","22,07"
"1051914724","1051914724.wem","th4_000_common_vo\english(us)\1051914724.wem","32935","32,16"
"1052655305","1052655305.wem","th4_000_common_vo\english(us)\1052655305.wem","52924","51,68"
"1052971964","1052971964.wem","th4_000_common_vo\english(us)\1052971964.wem","22501","21,97"
"1054119434","1054119434.wem","th4_000_common_vo\english(us)\1054119434.wem","7348","7,18"
"1056241236","1056241236.wem","th4_000_common_vo\english(us)\1056241236.wem","41552","40,58"
"1058158586","1058158586.wem","th4_000_common_vo\english(us)\1058158586.wem","16882","16,49"
"1059620240","1059620240.wem","th4_000_common_vo\english(us)\1059620240.wem","7200","7,03"
"1059961648","1059961648.wem","th4_000_common_vo\english(us)\1059961648.wem","28459","27,79"
"1063061087","1063061087.wem","th4_000_common_vo\english(us)\1063061087.wem","9906","9,67"
"1063776406","1063776406.wem","th4_000_common_vo\english(us)\1063776406.wem","14887","14,54"
"1064404150","1064404150.wem","th4_000_common_vo\english(us)\1064404150.wem","20962","20,47"
"1065946615","1065946615.wem","th4_000_common_vo\english(us)\1065946615.wem","36629","35,77"
"1067575506","1067575506.wem","th4_000_common_vo\english(us)\1067575506.wem","60557","59,14"
"1068184009","1068184009.wem","th4_000_common_vo\english(us)\1068184009.wem","19857","19,39"
"1068329219","1068329219.wem","th4_000_common_vo\english(us)\1068329219.wem","13919","13,59"
"1069557766","1069557766.wem","th4_000_common_vo\english(us)\1069557766.wem","17945","17,52"
"1069707836","1069707836.wem","th4_000_common_vo\english(us)\1069707836.wem","51253","50,05"
"1071813657","1071813657.wem","th4_000_common_vo\english(us)\1071813657.wem","21568","21,06"
